Username,Section,HW1,HW2,HW3,HW4,HW5,HW6,PROJ1,PROJ2,PROJ3,LAB1,LAB2,LAB3,LAB4,LAB5,LAB6,LAB7,LAB8,LAB9,LAB10,LAB11,LAB12,LAB13,LABS,Midterm,Final,SUR1,SUR2,SUR3,SUR4,EC1,EC2,EC3,TOTAL
100,1,39,38,37,30,33.25,22,77,80,69,10,10,9.5,10,6,9.75,10,2,0,0,10,0,10,87.25,174,0,5,5,5,0,1,1,1,47.125
101,19,37,39,40,36.75,39.5,39,78,78,75,0,0,0,0,0,0,0,0,0,8,0,0,0,8,0,0,0,0,0,0,0,0,0,2.8
102,7,40,39,39,40,40,40,80,80,74,10,10,9.75,9,9,10,10,1.25,10,9.91667,10,8.75,10,98.66667,135,118,5,5,5,5,1,1,1,82.441667
103,19,38,37,30.5,29.5,19.5,35,69.5,64,61,10,10,10,10,10,10,10,10,10,10,8,10,10,100,162,148,5,5,5,5,1,1,0,92.3
104,13,40,38,38,38,40,40,80,79,80,10,10,10,9.5,9,7.125,10,10,10,10,10,7.5,2,98.5,155,113.5,5,5,5,5,1,1,1,83.55
105,25,40,31,40,37,40,39,67,70,69,5,8,10,8,10,10,10,9.5,10,10,10,7,8,95.5,171,176,5,5,5,0,0,1,1,77.15
106,7,39,39,35,33,37.5,38.5,76,69,77,10,8,8,6,0,8,10,6,0.5,9.41667,7,0,1.5,73.91667,99,51,0,5,0,0,1,1,0,38.591667
107,19,40,40,39,34,39,24,73,62,46,0,10,10,10,7,9.75,10,9.5,9,0,9,7,10,94.25,159,116.5,5,0,5,5,1,1,0,77.965
108,7,35,40,39,39,39,17,62,42,45,10,10,10,8,10,10,10,7.5,10,1.75,2,2,0,87.5,140,72.5,5,5,0,5,1,1,0,57.15
109,7,37,33,30,22,38,37,80,69,72,10,10,10,7,8.5,9,8,8,8.5,10,10,8,10,94,162,129,5,5,5,5,1,1,1,70.85
110,25,40,40,39,40,39,40,67,64,66,10,10,10,9,8,10,10,10,10,10,10,9,10,100,191,180.5,5,5,5,5,1,1,1,98.55
111,13,40,40,39,39,38,35,79,80,76,10,10,9.25,9,6.5,7.75,8,2,9,10,10,8,10,93.25,137,137,5,0,5,5,1,1,1,70.475
112,7,38,40,39,30,35,38,79,80,80,10,10,10,10,8,10,10,10,9.5,10,10,10,9.5,100,155,170.5,5,5,5,5,1,1,1,89.1
113,25,40,40,37.15,36.5,40,34,70,79,76,10,10,10,10,10,9.75,10,9.25,10,10,9,9,9.5,99.25,168,162.5,5,5,5,5,1,1,1,89.125
114,13,39,37,38,34,40,34,79,80,71,5,10,9.5,6,6.75,8.125,0,6,7.5,10,8.5,8.125,8,82.5,105,110.5,5,0,5,5,1,1,0,67.65
115,25,39,39,40,34.5,40,20,78,75,77,10,10,10,10,8,10,10,10,9.5,10,10,8.5,2,99.5,183,173,5,5,5,5,1,1,1,94.75
116,7,0,37,36.5,20,28.5,34,55,57,62,10,9.75,10,10,10,9.75,10,10,9.5,10,10,9,10,99.75,156,158,5,5,5,5,0,1,1,85.925
117,7,39,38.5,37.5,20,23,31,77,72,9,10,10,10,8,6,8,10,7,9.5,10,10,8,10,95.5,130,105.5,0,0,5,5,1,1,0,77.175
118,13,40,40,40,39,39,40,77,76,78,10,10,10,9,9.5,9.25,10,9,10,10,10,10,10,99.5,143,134,5,5,0,5,0,1,1,76.85
119,13,40,40,40,39,40,38,80,80,62,10,10,10,9,9,10,10,10,10,10,10,8,10,100,164,151.5,5,5,5,5,1,1,1,91.175
120,19,37,39,33,32.5,39,36,77,70,70,10,10,10,10,10,9.25,10,9.5,10,10,9.5,10,10,100,141,107.5,5,5,0,5,1,1,0,73.65
121,25,40,40,31,26,40,34,78.5,80,80,10,10,10,10,10,8,10,1.5,9,8,10,9,10,98,158,160.5,5,5,5,0,1,1,1,89.6
122,19,40,40,40,39,40,39,80,80,75,10,10,10,10,10,10,10,8,8,8,0,0,0.5,94,167,128.5,0,5,5,5,0,1,1,79.95
123,1,0,38,37,16,39.75,26.5,76,79,75,10,10,10,9,10,9.75,10,10,9,10,10,2,9.5,99.25,161,125,5,5,5,5,1,1,1,75.675
124,25,27,37,21,31,28,31,62,66,25,5,10,10,10,10,10,10,10,10,10,10,10,10,100,163,157.5,5,0,5,5,1,1,1,90.15
125,19,39,39,33,30.5,37,38,80,77,77,5,10,10,10,10,9.375,10,9,10,9.91667,10,8.5,8,98.29167,167,134,5,0,5,5,1,1,1,81.029167
126,7,40,40,40,40,40,38,80,70,80,10,10,10,10,10,10,10,8,9.5,10,10,7,0,99.5,174,161.5,0,5,5,5,1,1,0,92.2
127,7,39.5,39,39.5,28.5,32.5,35,66,73,51,10,8,10,10,8,10,10,6,8,8,8,2,8,90,172,163.5,0,5,0,5,0,1,0,86.15
128,19,39,0,34.75,23.5,36.5,38,78,74,80,10,10,10,10,9.5,9.25,10,10,10,10,10,8.5,9.5,99.5,180,187.5,5,5,5,5,1,1,1,97.6
129,7,39,38,38.75,34.5,34.5,31,74,58,72,10,10,10,9.5,10,10,10,9.25,10,10,10,8,10,100,150,145,5,5,5,5,1,1,1,85.65
130,25,38,36,37,35,40,38,67,69,6,10,10,10,10,8,10,8,10,10,10,10,9,10,100,164,169.5,5,5,5,5,1,1,1,91.15
131,19,38,37,37,35,40,39,68,75,80,5,8,9.875,10,8,9.5,0,9.5,8,10,9.5,9.75,10,94.125,155,169.5,5,0,0,5,1,1,0,88.4625
132,13,38,38.5,37,28,29,36,45,0,59,10,8,10,9,1,9.75,10,1.5,9,0,8,9.5,2,85.25,139,64.5,5,5,5,5,1,0,1,69.975
133,7,31,17.5,16,16,3,8,47,32.5,17,10,10,10,10,10,10,10,8,10,8,10,10,10,100,172,181,5,5,5,5,1,1,1,94.3
134,13,37,39,37,35,40,40,72,70,75,10,10,10,10,10,10,10,10,10,10,10,10,2,100,185,193,5,5,5,5,1,1,1,99.65
135,7,40,39,39,0,34,38,73,42,57,0,0,0,0,0,0,0,0,0,0,0,0,0,0,0,0,0,0,0,0,0,0,0,2
136,25,29,12.5,39,21,35.75,39,69.5,80,51.5,10,10,10,7,10,10,10,9.875,10,10,10,8,2,99.875,151,155.5,5,5,5,5,1,1,1,90.0875
137,7,40,35,23.5,25,24.5,35,74,74,46.5,10,10,10,8,6.625,9.75,8,8,9.5,9.75,9,8.75,10,94.75,133,89,5,5,0,0,1,1,1,71.825
138,1,40,37,40,21,25,21,78,74,35,10,10,9.5,10,9.5,10,8,10,7.5,8,9,8,8,94,147,146,5,5,5,5,1,1,0,83.85
139,19,40,40,39.5,33.5,40,40,80,80,76,10,10,10,10,7,10,10,10,0,0,10,10,0,97,151,111,5,5,0,0,1,1,0,73.1
140,19,37,39.5,38,31,40,38,79,63,58,5,10,10,8,10,9.5,10,8,8,10,10,10,10,97.5,164,159,5,5,5,5,1,0,1,75.85
141,13,40,40,39,37,40,40,79,78,74,10,10,9.75,10,9.75,9.75,10,9.5,9.5,10,10,7.5,10,99.25,158,152.5,5,5,5,5,1,1,1,88.725
142,13,40,21,23,6,0,0,75,38,0,10,9.25,10,8,10,9.25,10,8,9.5,10,10,9.5,10,98.25,184,186.5,5,5,0,5,1,1,1,86.3
143,13,40,39.5,39,33,38,39,71,80,79,5,10,10,10,10,10,10,9,9,0,1.5,0,1,84.5,141,107,5,0,0,5,0,0,0,61.45
144,19,40,40,37.5,32,39,39.5,55.5,65,32,10,10,10,10,9.375,9.625,10,8,9,10,10,2,2,98,151,133,5,5,0,5,1,1,0,84.425
145,13,0,34,12,24,15,10,55,47,37,10,8,10,8,10,10,10,8,10,10,10,8.25,8,96.25,153,143.5,5,5,5,5,0,1,0,84.75
146,7,40,39,35,25,25.5,37,79,77,77,5,10,9,9.5,7.75,10,10,8,8,10,0,10,10,94.5,124,79.5,5,5,5,5,0,1,1,60.1
147,25,40,38,20,28,21.25,19,40.5,72,15,10,10,10,8,9,9,10,9,10,10,9.5,8,9.5,97,162,165.5,5,5,5,5,1,1,1,81.375
148,25,39,32,27,21,9.5,0,70.5,52,0,10,8.75,10,8,7.625,8.125,10,8,9,10,10,9,9.5,94.375,115,100,5,5,5,5,1,1,1,73.9625
149,1,38,36,34,36,24,36,53,52,0,9,8,10,10,10,9.5,10,10,9.5,10,10,9,10,99,176,174,5,5,5,5,0,1,1,95.125
150,19,38,31.5,36,35,28,35,70,76,71,10,10,10,10,10,10,10,10,9.5,10,10,8,9.5,100,180,160,5,5,5,5,1,1,1,94.2
151,1,40,38,38,38,39,40,74,79,80,10,10,10,9,7.25,9.75,10,10,7.5,8,8,0.75,0,92.25,144,0,5,5,0,0,1,1,1,46.625
152,19,38,37,39,38,38,40,80,80,77,10,10,10,10,10,10,10,10,10,10,10,8,2,100,186,177,5,5,5,5,1,0,0,97.25
153,25,36,37,33,19.5,27,14,80,66,59.4,10,10,10,10,10,10,10,10,8,10,10,10,2,100,194,170,5,5,5,5,1,1,0,98.4
154,7,34,33.5,39,21,36,27.5,73,68,80,10,10,10,10,7,8,10,10,9.5,10,1.5,9,10,98.5,165,167,5,5,0,5,1,1,1,88.45
155,7,37,38,31,11,0,6,0,0,0,5,10,9,8,9.5,9.5,8,10,9,10,10,8,9.5,94.5,133,103,5,5,5,5,1,1,1,64.55
156,25,39,39.5,38,37.5,39,40,80,79,75,10,10,10,8,10,9.5,10,10,1.5,10,9.5,10,9.5,99,182,174.5,5,5,5,5,1,1,0,86.85
157,25,38,39,38.5,36.5,37,33.5,77.5,75,66,0,8,8,9,7.5,8.5,10,9.5,8,9.91667,0,7.625,2,86.04167,143,112.5,0,5,5,5,0,1,0,76.129167
158,13,40,38,38,34,40,40,78,72,68,10,10,10,9,10,9.25,10,9.75,8,9.91667,10,10,9.5,99.16667,146,163.5,5,5,5,5,1,1,1,87.016667
159,1,37,22,0,4,0,8,41,23,0,10,8,10,8,8,8,10,8,7.5,10,9,7.5,2,89,140,122,5,5,5,5,1,1,1,72.75
160,19,40,38,34,39.25,0,38,78,73,73,10,8,10,7.5,6,9.75,10,7.25,9.5,10,0,7.25,9.5,91.5,128,83.5,5,5,5,5,1,1,1,75.2
161,7,40,40,39,40,40,40,80,80,80,10,10,10,10,9.875,8.75,10,10,9.5,10,10,8.5,10,99.875,133,172.5,5,5,5,0,1,1,0,86.0875
162,7,39,40,39,40,40,36,77,80,68,10,10,8,8,6,0,8,8,5,10,9,7.625,8,86.625,114,39.5,5,5,0,0,1,1,0,54.8125
163,19,40,37.5,39,34.5,39,38,79,80,49,10,10,10,10,10,10,10,10,10,10,10,10,10,100,191,190,5,5,5,5,1,1,1,100.25
164,25,33.5,38.5,37,30,34.75,28.5,64,0,58,10,10,10,8,7.25,8.75,0,7.5,10,9.25,2,8.75,9.5,91.75,148,121.5,5,0,0,5,1,1,0,75.525
165,7,16,30.5,38,30.5,31,29,5,69,78,5,10,10,7.5,8.75,8.25,10,8.25,9,10,9.5,2,2,91.25,129,93.5,5,5,5,5,1,1,1,71.45
166,7,18.5,34,39,40,11,22,78,0,65,10,8,10,7.5,7.75,7.5,10,10,10,10,8,8,9.5,93.5,133,138,5,5,5,5,1,0,1,69.8
167,1,0,0,0,0,0,0,0,0,0,10,10,8,8.5,6,7.25,10,10,10,8,10,8,8,92.5,152,137,5,5,5,5,1,1,0,83.2
168,7,40,38,34,39,39,37,80,74,77,10,10,10,10,10,10,10,9.5,10,10,10,2,2,100,169,141,5,5,5,5,1,1,1,82.25
169,13,40,39.5,40,38,40,33,80,77,79,5,10,10,10,7.75,8,10,8,9.5,9.75,8,7.25,0.5,91,121,128,5,5,5,5,1,1,1,79.5
170,13,39,39.5,38,31,38,39,80,77,79,10,10,10,10,7.5,7.75,10,8,8.5,10,10,9,10,97.5,149,117,5,5,5,5,1,1,1,80.175
171,19,38,30,37.5,31,35,38,70,80,79,10,10,10,9.5,9,9.25,10,10,0,10,10,10,10,99.5,155,116,0,5,5,0,0,1,0,74.15
172,13,35,24.5,35,33,33,40,80,64,72,10,10,10,10,8,10,0,8,10,10,10,10,10,100,181,188.5,0,5,0,5,0,1,0,95.3
173,25,37,38,37,34,27.5,35.5,73,72.5,66.5,10,10,10,10,10,9,10,10,10,10,8,8,9.5,99.5,149,147,5,5,5,5,0,1,1,88.65
174,1,39,39,37,34.5,38.25,35,74.5,78.5,77.5,5,10,10,10,7.75,10,10,8.75,9.5,10,10,0,0,96,171,147.5,5,5,5,5,1,1,1,89.65
175,19,35,38,38.5,30.5,38.75,33.5,71.5,46,71,0,10,6,7.5,6.625,0,0,8,0,0,0,0,0,38.125,44,17.5,0,0,5,0,1,1,0,12.6625
176,25,39,39,29,31,38,35,77,53,65,10,10,10,10,10,10,10,10,10,10,10,9,10,100,186,183.5,5,5,5,5,1,1,1,93.05
177,1,36,39,33,40,28,35,78,80,74,10,10,10,10,8,9.75,10,10,9,10,10,9,10,99.75,163,166,5,5,5,5,1,1,1,91.175
178,7,39,38.5,39,37.5,38,35,75,79,77,5,10,10,8,8,6,10,6,10,10,10,9,8,93,142,123,0,5,5,5,1,1,1,69.3
179,25,39,39.5,34,26,39.5,37,80,80,80,10,10,8,9,7.25,9.75,10,8,4.5,2,9,8.875,1,89.875,109,69,5,5,5,5,1,0,1,68.4875
180,1,39,38.5,38,33,24,21,55.5,61,41,5,10,9,9,7.625,8.5,10,9.25,9.5,9.83333,9,9.5,9.5,94.58333,125,75.5,5,5,5,5,0,1,0,64.508333
181,1,32,37,14,29.5,24.5,0,75,43,17,10,10,10,10,10,9.75,10,10,10,10,10,10,10,100,178,184,5,5,5,5,1,1,1,97.55
182,1,40,36.5,38,31,33,39,76,67,62,10,10,10,6,9,10,10,10,10,10,9.5,9,1.5,98.5,172,171.5,5,5,5,5,1,1,1,90.95
183,1,39,40,40,40,40,37,77,79,79,10,8,10,10,10,10,0,0,0,0,0,0,10,68,167,148,0,0,5,5,0,0,0,61.9
184,19,39,37.5,38.5,35.5,38,35,57.5,72,63,10,10,10,8,8,10,10,9,10,10,10,7.5,9.5,98.5,162,143,5,5,5,5,1,1,0,81.825
185,19,40,36,34.25,37.5,40,30,57,70,50,10,10,10,8,7.875,6,10,10,9.5,10,10,8,10,97.5,127,130,5,5,5,5,1,1,0,70.55
186,13,40,39,38,35.5,39,37,72,42,60,10,10,9.75,9,9,9,10,9.5,9.5,10,10,9.75,9.5,98,166,134.5,5,5,5,5,1,0,1,88.35
187,19,36,20,11,30.5,40,26,75,64,77,5,9.75,10,10,9,10,10,9.25,9,8,10,10,8,97,141,180,5,5,5,0,1,1,0,77.575
188,7,37,37,36,38,40,34,77,73,71,5,9.75,8,8,9.375,7.875,10,9.25,10,10,9,7.75,10,93.375,136,137,5,5,5,5,1,1,1,79.6125
189,13,0,40,30,27,27,0,0,53,47,5,2,10,10,8,10,10,9,9,8,8,8,8,90,174,138.5,5,5,5,5,1,1,1,89.25
190,1,40,39,40,40,39,40,78,80,75,10,9.625,10,10,9.5,10,10,0,9.5,10,8,10,2,98.625,161,155.5,5,5,5,5,1,1,1,89.4125
191,7,40,29,30,18,15,17,69,54,26,5,10,6,8,7.125,6,8,0.5,8,9.75,1.5,0,2,69.875,129,69,5,0,0,0,1,1,0,58.1875
192,13,37,38.5,15,30,15,39,79,0,62,10,10,10,9,8,9.75,10,9.75,10,9.91667,9.5,7.375,10,98.91667,171,157.5,5,5,5,5,1,1,1,89.341667
193,1,37,35.5,27.5,32,32.75,5,72,53,63,10,10,10,10,10,10,10,10,10,10,10,10,10,100,195,186.5,5,5,5,5,1,1,1,99.65
194,1,39,38,40,39,30.25,37,77,80,80,10,10,10,8,10,10,10,9.5,10,9.66667,10,8,9.5,99.16667,154,100.5,5,5,5,5,1,1,1,80.116667
195,1,39,35,30,35,30.5,24,66,71,38,10,10,10,8,8,7.5,10,7.25,10,1.41667,9,8,1.5,90.5,135,0,5,5,5,0,1,0,1,60.1
196,25,39,40,40,37.5,39,37.5,72.5,79,68,10,10,10,10,10,9.5,10,9.5,9.5,10,10,10,10,100,145,132,5,0,5,5,1,1,1,87.9
197,1,40,39,24,27,14,7,55,63,28,10,10,10,8,8,7.75,10,8,9,8,9,8,10,92,149,154.5,0,5,5,5,1,1,1,79.15
198,13,0,33,37,32.5,22.5,34,65,79,79,5,10,10,10,8,10,10,10,8,10,8,2,0,94,177,169.5,5,5,5,5,1,1,0,94.05
199,19,40,39,33,31,15,11,39,39,0,5,10,10,8,2,8,10,9.25,9,2,8,10,9.5,91.75,164,141,5,5,5,0,0,1,1,85.35
200,1,39,39,39,27,36,33,70.5,71.5,63.5,10,10,10,10,10,9.75,0,10,9.5,8,10,9,9.5,98.75,166,178,5,5,5,5,0,1,1,94.025
201,1,40,36,38,0,0,12.5,79,60,76,10,10,8,8,8,6,10,8,8,8,8,0,2,86,158,140,0,0,0,0,1,0,0,74
202,19,40,38,40,34,40,40,80,80,74,10,8,8,7.92857,6,6,10,8,9,10,0,0,0,82.92857,145,109,5,0,5,5,0,1,1,75.142857
203,7,38,35.5,32,20.5,25,24,53,44,1,0,6,10,6,6,6,8,0,7,8,6,0,8,71,124,89,0,0,0,0,0,0,0,52.9
204,13,40,39,40,38,40,40,80,80,68,10,10,10,8,9.25,9.75,10,8,9.5,10,10,2,0,96.5,118,126.5,5,5,0,5,1,0,1,75.15
205,7,40,40,33,25.5,36,29,74,56,30,0,8,8,10,8,0.5,0,10,0,0,0,8,0,52.5,163,0,5,0,0,0,0,1,0,59.85
206,25,38,32,24,7,19,6,45,29,21,0,10,10,10,10,10,10,10,10,9.5,10,9.75,1,99.75,161,123,5,5,5,5,1,1,1,77.725
207,13,37,32.5,38,16,30,12.5,46,29,0,5,8,1.5,10,10,9.75,10,9.75,2,10,9,10,8,94.5,134,82,0,5,0,5,0,0,0,75.55
208,19,31,36.5,36,21,30,35.5,71,71,69,10,8,8,10,9.75,9.5,10,10,9,8,8,0.75,0,92.25,123,0,0,5,0,0,1,1,1,57.125
209,1,33,36,37,18,20,31,74,50,41,10,10,10,10,10,9.25,10,10,9.5,10,10,9.75,10,100,161,164.5,5,5,5,5,1,1,1,92.75
210,19,0,40,40,36.5,40,37,53,80,56,10,10,10,10,8,8,10,0,0,8,0,8,8,90,174,177.5,5,5,5,5,0,0,0,93.95
211,25,40,38,40,40,40,36,73,70,0,10,10,10,8,9.75,0,0,8,0,10,9.5,10,9.5,94.75,146,130,5,5,0,0,1,1,1,65.575
212,1,0,34,38,37,20,27,46,38,56,10,10,10,10,9.5,10,10,10,8,10,9.5,9,10,99.5,165,155,0,0,5,5,1,1,0,86.35
213,7,0,39.5,38,34.5,38,39,77,80,75,10,8,10,10,10,10,10,10,0,0,8,0,2,88,189,173.5,5,0,0,0,1,1,0,95.25
214,13,40,39,0,29.5,23,14.5,59.5,56,27,10,10,10,10,10,9.75,10,10,9.5,10,9.5,9.5,2,99.25,154,170.5,5,5,5,5,1,1,1,81.925
215,13,39,40,40,39.5,40,40,80,80,80,10,10,10,10,10,10,10,10,10,2,8,10,10,100,183,174.5,5,5,5,5,1,1,1,97.05
216,7,40,39,40,33.5,34,17,65,75,58,10,8,10,10,9.5,10,10,9.5,8,10,10,10,2,99,175,176.5,5,5,5,5,1,1,0,89.65
217,13,39,40,39,28,30,38,74,50,74,10,8,10,0,8,10,10,8,8,0,8,10,10,92,142,135,0,0,5,0,0,1,0,77.5
218,13,26,24,24,31,29,15,58,19,7,5,10,10,8,8,7.75,10,8,8,2,0,8,10,87.75,125,138,5,5,5,5,1,1,1,67.575
219,19,35,32,25.75,14.25,27.5,23,72,74,59,10,10,8,6,6,8,8,6,0,0,0,6,0,68,99,46,0,5,0,0,0,1,0,51.325
220,25,33,36,36,37.5,39.5,39,72,72,41,10,10,10,2,10,8,10,9.5,8,10,10,8,10,97.5,150,149.5,5,5,0,5,0,1,0,79.5
221,25,40,33,0,18,30,36,71,69,26,5,10,10,10,10,10,10,10,1.5,9.75,0,10,10,99.75,160,103,5,5,5,5,1,1,1,78.575
222,1,34,31.5,38,32,39,38,72,72,68,10,10,10,10,10,10,10,10,10,10,10,10,10,100,182,172.5,5,5,5,5,1,1,1,95.85
223,25,39,38,38,26.5,37,40,70,80,0,10,10,10,10,10,10,10,8,9,10,10,9.5,10,100,156,176.5,0,5,5,5,1,1,1,94.45
224,1,37,36.5,37.5,38,34,38,55,72,75,10,8,10,10,10,10,10,0,10,10,10,2,2,98,153,158,5,5,0,5,0,1,1,90.4
225,13,40,37,40,34,29.5,23,52,61,54,10,10,8,10,10,10,10,10,10,8,10,10,10,100,184,197,5,5,5,5,1,1,1,98.85
226,25,40,39.5,40,37,39.25,40,78,79.5,80,10,10,9,8,8,10,10,10,9.5,10,10,8,10,98.5,157,167,5,5,5,5,1,1,0,86.85
227,25,39,37.5,34,39,38,39,76,80,80,10,10,10,10,8,7.75,10,0,10,9.83333,9,6.75,10,96.83333,148,47,5,5,5,5,1,1,1,56.783333
228,1,39,36.5,35,30.5,38,36.5,78,74,67,10,8,10,10,10,6,10,8,10,10,9,10,8,97,163,162,5,5,5,5,1,1,1,83.075
229,1,35,33.5,31,23,25.25,17,80,68,74,10,10,10,10,10,10,10,10,10,10,10,10,2,100,156,186,5,5,5,5,1,1,1,92.8
230,7,38,40,39,34,29,29,75,45,61,0,8,8,8,8,10,10,8,8,8,9.5,9,8,86.5,158,125,0,0,5,5,0,1,1,69.95
231,13,40,39,40,39,39,40,80,75,80,10,8,10,7,7,9.75,10,8,9,8,8,8.75,10,91.5,131,119,5,5,5,5,1,1,1,61.65
232,13,39,36,40,28,40,40,80,80,72,10,0,10,9.5,10,0,10,0,9.5,10,10,10,8,97,177,174,5,5,5,5,0,1,0,92.55
233,1,40,38,36,34,37,40,53,75,53,10,10,10,10,9.75,10,0,10,8,8,8,10,8,95.75,151,147,5,5,5,5,0,0,1,82.475
234,1,40,39,39,33.5,39,39,79,80,80,5,10,9.75,10,9,9.625,10,1.5,0,8.75,8,0,8,88.125,117,64.5,5,5,0,0,1,1,0,64.3625
235,13,40,37.5,39,39,40,40,80,80,80,10,10,10,10,8.75,10,10,10,10,10,10,10,10,100,139,156,5,5,5,5,1,1,1,86.1
236,13,31,40,39,33,38,33,51,42,9,5,8,8,10,10,9.25,10,2,10,10,9.5,10,1.5,94.75,163,158,0,5,0,0,0,0,1,88.075
237,7,40,40,37,33.5,39,35,77,80,74,5,10,9.75,9,8,10,10,8,8.5,10,0,0,10,93.25,145,136.5,5,5,5,0,1,0,0,73.775
238,25,33,39,37,24.5,30.75,36,80,71,66,10,8,10,10,10,9.75,10,10,10,10,10,10,10,100,174,156.5,5,5,5,5,1,1,0,93.225
239,13,35,40,39,21.5,39.75,39,68,49,80,10,10,8,8,8,10,10,10,10,10,8,10,10,98,183,187.5,0,5,5,5,0,1,0,92.55
240,25,32,35,35,28,27,34,21.5,47,48,10,10,10,2,8.25,8,10,10,9.5,0,9.5,9.75,10,97,159,175,0,5,5,5,1,1,0,87.95
241,7,38,39,36,31.5,39.5,0,68,59,62,10,10,10,10,10,10,10,8,9.5,10,10,10,10,100,179,180.5,5,5,5,5,1,1,0,95.15
242,1,39,38,36,32.5,38,27.5,67,57,74.5,10,10,8,10,10,9.75,10,10,10,10,10,10,10,100,175,195.5,5,5,5,5,1,1,1,94.35
243,1,40,38,39,32,34.25,16.5,77,48.5,31,10,10,9.75,8,8,8,10,10,8,8,9.5,9.25,10,94.5,144,132.5,5,5,5,5,1,1,0,86.9
244,7,39,35,38,0,27,33,55,62,53,10,8,10,10,10,10,10,9.25,10,10,9.5,9,9.5,99,164,110,5,5,5,5,1,1,1,76.35
245,19,37,36,39,28.5,21,32,41,60.5,50,10,10,10,10,10,9.25,10,10,10,10,10,9.75,10,100,182,159,5,5,5,5,1,1,1,81.95
246,7,40,39,39,34,40,38,76,46,28,10,10,10,10,10,10,10,10,2,10,10,8,8,100,172,181,5,5,5,5,0,1,1,92.8
247,13,40,40,40,39,40,39,63,62,27,10,10,10,7.5,10,8,10,10,10,10,10,10,10,100,149,182.5,5,5,5,5,1,1,1,89.45
248,19,0,36,25,20.75,28,35,75.75,61,53,10,10,10,8,9,9.75,10,9.5,10,9.83333,9.5,10,10,99.08333,146,160,5,5,5,5,1,0,1,84.608333
249,19,37,40,19,33.5,37,36.5,80,74,60,10,10,10,10,10,10,10,10,10,10,10,10,10,100,189,179,5,5,5,5,1,1,1,97.9
250,7,40,39,40,37,40,39,80,76,80,10,10,10,10,8,10,10,8,10,10,10,8,0,98,182,179,5,5,5,5,1,1,1,98.1
251,1,38,39.5,39,39,34,22,73,79,6,5,10,8,6,9.25,9.5,10,8,8,8,10,6,0,86.75,157,131.5,5,5,5,5,0,1,0,82.075
252,1,25,37.5,37.5,34.5,32.25,36,79,75,73,10,10,10,8,8,8,10,8,10,10,10,10,9.5,97.5,178,171,5,5,5,5,1,1,1,85.3
253,25,40,40,37,31,34,34,79,77,79,10,8,10,10,10,10,10,8,10,10,10,10,0,100,191,177.5,0,0,0,0,0,0,0,94.75
254,13,34,40,40,39,34.25,36,59,59,67,10,10,8,10,9,9.75,10,0.25,0,8,10,8,8,92.75,131,84,0,5,0,0,1,1,0,55.275
255,25,37,34.5,39,32.5,37.75,30,78,68,66,10,10,10,8,9,8.75,8,7.5,8.5,7.66667,9,7.75,7.5,89,128,115,5,5,5,5,1,0,1,70
256,19,40,37,39,38,26.5,39,78,80,64,10,8,8,10,10,2,10,1.5,6,10,9,8,9,92,167,161,5,5,5,5,1,1,1,87.7
257,1,34,36,39,28,40,40,77,77,69,10,10,10,10,9.5,10,10,8,10,10,9.5,10,10,100,176,196.5,5,5,0,5,1,1,0,94.4
258,19,39,39,40,37,40,32,80,78,59,5,10,2,0,0,8,10,10,9.5,10,10,9,10,91.5,169,170,5,5,5,5,1,1,1,89.15
259,19,39,35.5,32,24,7,1,41,46,23,10,8,8,8,0,7.625,10,9.5,10,8,9,8,10,90.5,162,124,5,5,5,5,1,1,1,68.25
260,7,32,36.5,34.5,25,36,37.5,73,66,12,10,10,10,10,10,10,10,10,10,10,10,8,10,100,155,160.5,5,5,0,0,0,1,0,88.4
261,7,39,39.5,27,20.5,37,38,75,80,64,10,10,2,10,10,10,10,0,8,8,10,10,10,98,173,160.5,0,5,5,5,0,0,1,85
262,1,34,39,37,26,26,4,31,0,0,0,8,8,8,8,8,10,0,0,8,8,8,8,82,167,170.5,0,0,0,5,1,1,0,79.75
263,1,23,39,40,36,36.5,34,74,76,67,10,8,10,10,10,8,10,10,8,9.41667,10,8.625,8,96.04167,151,153.5,0,0,5,5,1,1,0,74.004167
264,19,40,36.5,38.25,38,39,40,76,80,79.5,10,8,10,6,10,10,10,8,8,10,10,10,10,98,175,165.5,0,5,5,5,0,0,0,91.75
265,1,39,22,38,32.5,19.5,37,76,79,65.5,10,10,10,8,10,10,10,10,8,8,8,8,10,96,160,176.5,5,5,0,5,1,1,1,90.2
266,13,33,33,35,33,37,27,71,79,56,0,10,10,8,10,10,0,2,0,10,10,10,10,90,191,159,5,5,5,5,1,0,0,88.3
267,7,0,34.5,37,36.5,39,40,66,72,79,10,10,10,1.5,10,0,10,8,2,2,0,8,0,71.5,186,186.5,0,0,5,0,1,0,0,84.3
268,25,40,39.5,40,37.5,40,40,79,79,80,10,10,10,10,9.5,10,10,10,10,10,10,9.5,10,100,151,160.5,5,5,5,5,1,1,1,91.95
269,1,37,37.5,36,29.5,34.25,30.5,72,53,43,10,10,10,10,10,10,10,10,9.5,10,10,10,10,100,196,186,5,5,5,5,1,1,1,99.6
270,1,39,36,35,33,39,39,5,71,76,10,10,8,7.92857,9.25,9.25,10,1.5,9.5,10,10,9,2,95,154,132,5,5,5,5,1,0,1,77.7
271,1,33,39,40,35,38,39,77,80,68,10,10,10,9,8,10,10,8,8,8,10,8,10,95,130,124.5,0,5,5,5,1,1,1,84.1
272,13,40,40,39,40,30,40,69,80,80,0,10,10,8,10,8.25,10,7,10,9.5,7,8,0,90.75,164,99.5,5,5,0,5,1,1,0,76.775
273,1,38,39,38.5,29.5,38,40,65,80,79,10,10,10,8,8,9.75,10,8,10,10,9,8,2,94.75,146,107,0,5,5,0,1,1,0,74.475
274,7,40,39.5,37.5,26.5,28,39,59,68,67,10,8,8,8,10,8,0,0,8,8,0,0,0,68,167,176,0,0,0,0,0,0,0,58.75
275,25,40,36.5,19,28,29.5,14.5,67,39.5,0,10,10,8,9,8.25,9.75,8,10,10,10,10,9,10,97.75,163,136,5,5,5,5,1,1,1,84.375
276,19,37,37,35,20.5,22,17,64,70,0,10,10,10,10,10,10,10,10,10,10,0,9.5,8,100,176,149,5,5,5,5,1,1,1,92.25
277,25,40,38.5,38,38,38.75,40,73.5,79,72,10,10,10,10,10,2,10,10,8,10,0,2,8,96,181,164.5,5,5,0,5,1,0,1,93.95
278,7,40,39,38,38,40,40,80,55,80,5,10,7,8.5,7.125,6,0,6,8,6,9,8,8,77.625,96,87.5,5,5,5,5,0,1,1,57.6125
279,19,39,38.5,39,40,40,40,80,80,70,10,10,10,9,10,10,10,10,10,10,10,9,10,100,152,142,5,5,5,5,1,1,0,82.45
280,25,40,40,39,37,37.9,38,69,76,76,5,8,10,8,10,8,10,8,10,9.75,9.5,8.75,9,93,135,129,5,5,5,5,0,1,1,72.35
281,25,38,36.5,34,32.5,33,27,70,59,56,10,10,8,8,8,0,8,6,6,8,2,7.125,0,79.125,115,53,5,5,0,0,1,1,1,46.8125
282,19,40,36,32,30,33.5,34,78,63,73,10,10,10,9.85714,10,9.75,0,8.75,9.5,10,1.5,9.5,2,97.35714,158,141.5,5,5,5,5,1,1,1,89.285714
283,1,40,39.5,40,35,39,37,71.5,80,77,10,10,10,8,8.5,9.625,10,6.75,7.5,9.83333,9,0,0,92.45833,168,86.5,5,5,0,5,1,1,1,73.195833
284,19,29,22.5,31.75,24.75,37,39,40,67,73,5,8,10,10,10,10,10,10,8,10,10,10,8,98,170,162.5,5,5,0,5,1,1,1,92.95
285,25,0,39,39,36.5,37,38,80,75,80,10,10,8,10,10,10,10,9,10,10,10,2,2,99,180,166.5,5,5,0,5,1,1,1,94.75
286,13,38,38,35,37.5,37.75,37,79,78,76,10,10,10,10,10,10,10,9.75,10,10,8,10,10,100,182,150.5,5,5,5,5,1,1,1,94.5
287,7,34,29.5,10.5,22.5,16,34.5,61,74,0,10,10,10,9.5,10,8,0,8,0,8,8,0,0,81.5,154,136,0,0,0,5,0,1,0,75.55
288,7,38,38.5,0,0,17.25,40,72,80,80,5,10,10,10,9,1.75,10,10,8,9.83333,8,9.375,0,94.20833,156,127.5,5,5,0,5,0,1,0,75.770833
289,25,36,0,29.6,15,33.5,35,0,61,77,10,8,9.75,2,1.25,7.25,0,6,0,0,6,8,6,64.25,109,0,0,5,0,0,1,1,1,32.425
290,13,40,40,40,38,40,38,79,78,79,10,10,10,10,9.5,9.75,10,8,8,9.91667,10,8.5,10,99.16667,163,155,0,5,5,5,1,1,0,85.566667
291,25,39,39,39.5,11,39,37,79,67,74,10,10,10,10,9.75,10,10,10,8,2,8,2,2,95.75,172,151.5,5,0,5,0,0,0,0,77.925
292,25,40,32.5,38,29,24.5,26,61,63,23,10,10,10,8,10,10,10,10,10,10,10,10,10,100,163,160.5,5,0,5,5,1,1,1,90.05
293,25,33,30.5,33,37,32,35,64,75,64,10,10,10,8,10,10,10,10,9.5,10,9.5,9.5,10,99.5,140,117,5,5,5,5,1,1,1,80.775
294,25,40,37.5,38,38,40,38,71,69,77,10,10,10,10,10,8,10,10,8,10,8,8,10,98,184,173,5,5,0,5,1,1,0,94.3
295,13,40,38.5,37,35,38,22,62,75,72,10,10,10,8,10,10,10,9.5,9.5,8,8.5,9.5,10,98.5,178,151,5,5,0,5,1,1,1,82.45
296,7,36,32,31.75,29,4.5,3,69,47,22,10,10,10,10,10,10,10,9.5,9.5,10,9.5,10,10,100,163,178,5,5,5,5,0,1,0,93.5
297,1,39,40,40,39.5,40,40,80,80,80,10,8,8,10,8,9.5,10,10,8,8,7,6,8,89.5,149,108,0,0,5,5,1,1,1,76.2
298,7,38,38,29,28.5,28.5,30,58,63,52,10,10,10,10,10,10,10,10,9.5,8,10,2,2,99.5,176,164,5,5,5,5,1,0,1,88.4
299,7,0,37,0,0,0,35,66,66,48,10,10,10,10,8,9.75,10,8,10,10,8,6,10,97.75,154,60.5,0,5,5,0,1,0,1,56.825
300,7,38,40,40,39,40,40,77,80,80,10,10,10,9,10,8.5,10,0,8,10,8.5,2,10,96,158,163,5,5,5,5,1,1,1,81.5
301,7,0,34.5,0,23.5,1,25,41,59,41,10,10,8,6,1.5,1.75,10,10,8,8,10,2,0,82,97,0,5,5,0,0,1,0,0,44.3
302,13,37,39,8,23,7,21,57,24,27,10,10,10,10,10,10,10,10,10,10,10,9,10,100,180,179.5,5,5,5,5,1,1,1,94.75
303,25,34,33,38,20,33,28,76,80,80,10,10,0,2,2,0,0,0,9,10,10,0,0,53,137,142,0,5,0,0,0,0,0,73.8
304,1,38,40,40,33,35,39,71,67,76,10,8,10,8,8,0,10,8,8,10,10,9.5,10,93.5,167,167,0,5,0,0,0,1,1,89.2
305,19,40,39,39,36.5,29,40,72,76,77,10,10,10,2,0,10,10,9.25,9.5,0,8,0,0,78.75,161,148,5,5,0,5,1,1,0,88.325
306,19,39,38.5,39,34,39,30,80,76,71,5,8,10,8,10,8,0,6,8,8,0,8.5,8,82.5,138,120.5,0,0,0,0,0,1,0,60.3
307,7,40,39,27,28.5,38,34,78,0,54,10,10,8,10,10,10,10,10,2,10,10,2,2,98,169,158,5,5,5,5,0,1,0,92.225
308,19,0,37,29,30,0,38,71,80,67,10,10,10,10,1.25,11,0,9,9.5,10,8,10,2,97.5,122,140,5,5,5,5,1,1,0,65.55
309,13,38,35.5,30,31,38,21,78,69,42,10,10,10,10,10,9.75,10,10,9.5,9.91667,0,0,0,99.16667,182,147,5,5,5,5,0,0,0,94.516667
310,13,37,40,40,40,39,40,76,80,72,10,10,10,8,8,10,10,10,9,10,10,10,10,100,155,156.5,5,5,5,5,1,1,1,91.25
311,19,38,40,38.25,34.75,33.25,39,75,77,80,10,10,10,10,10,10,10,10,8,10,2,10,10,100,195,190,5,5,5,5,1,1,0,98.6
312,7,40,39,40,39,0,34,80,78,80,10,10,10,10,7,10,10,10,8,10,8,8,2,96,163,160.5,5,5,5,5,1,1,0,87.1
313,7,40,38,36,37,32,38,77,79,76,5,10,10,8,2,2,10,8,0,1.75,7,1.375,9.5,71.5,137,134,0,0,0,5,1,0,0,64.55
314,25,40,36,40,31,37,36,78,64,66,10,10,2,10,0,0,0,0,7.5,0,0,1.25,2,42.75,132,112,5,5,5,0,1,0,0,61.125
315,7,40,27.5,36,27.5,34,34,61,57,18,5,8,10,10,8.375,10,10,9.25,8,10,8,9.375,0,93,159,80.5,5,5,5,5,1,1,1,74.85
316,19,38,38,8.5,19.5,7,16,51,38,19,10,10,10,10,10,10,10,10,10,10,10,10,10,100,181,166.5,5,0,5,5,1,1,0,90.4
317,1,39,38,38.5,36,36.5,36.5,78,73,77,10,10,10,10,8,0,10,10,10,8,0,10,0,96,171,158.5,5,5,0,5,1,1,0,78.05
318,1,40,37,0,33,15,25,65,46,0,10,10,10,10,10,10,10,10,10,10,10,10,2,100,153,152,5,5,5,5,0,1,1,91.1
319,1,34,37.5,38,34.5,32.5,33,73,79.5,74,10,10,10,2,10,10,10,10,10,8,10,10,10,100,180,162,5,5,5,0,1,1,1,93.8
320,25,40,27.25,37,22,33.5,29,79,76,65,10,10,10,10,10,9.5,10,10,10,1.41667,10,1.625,0,99.5,175,161,5,5,5,5,1,1,1,95.35
321,7,40,39,37,39,39,40,80,72,78,10,10,10,10,10,10,10,10,10,10,10,10,10,100,171,169,5,5,5,5,1,1,1,90.7
322,13,40,40,25,27.5,38.5,38,52,67,27,10,2,8,7.92857,8,10,10,10,10,8,8,10,8,92,161,162.5,5,5,5,5,0,1,1,87.85
323,7,0,37,25,0,19.5,11,52.5,65,53,10,10,2,10,10,10,0,8,2,2,0,10,7,79,150,137,5,5,5,5,0,0,0,73.9
324,1,36,37,37,33,28,38,70,76,80,10,10,10,10,8,10,10,10,10,10,10,10,2,100,189,185,5,5,5,5,1,1,1,98.9
325,25,38,35.5,40,30.5,38,40,77,78,50,10,10,10,10,8,10,10,10,9,8,10,10,10,100,180,164.5,5,0,5,5,1,1,1,94.25
326,19,39,37,37,32,34,31,72,74,56,10,10,10,9,8,10,10,8,10,10,9,10,10,99,158,149,5,5,5,5,1,1,1,86.7
327,1,40,39,39,38.5,39,39,80,76,80,10,10,10,10,10,10,10,10,10,10,9,10,10,100,185,183,5,5,5,5,0,1,1,98.2
328,25,39,40,39,38.5,40,40,78,79,80,10,10,10,10,10,9.25,10,10,9.5,10,10,10,2,100,178,125.5,5,5,5,5,1,1,1,92.2
329,13,40,38,40,40,40,40,80,80,75,10,10,10,10,9.25,9.25,10,10,9.5,10,10,10,10,100,156,146,5,5,5,5,1,1,1,89.5
330,13,37,37,38,29,34,33,50,0,59,10,10,10,10,10,10,10,10,2,10,10,0,0,100,159,179.5,5,5,5,5,1,1,1,94.75
331,13,40,40,38,28,18,31,41,78,67,10,10,10,9,9,9.75,10,10,10,10,9,8,8,97.75,156,164.5,5,5,5,5,1,0,1,90.275
332,13,38,40,39,35,38,40,56,63,61.5,10,10,10,10,10,10,10,9.25,10,8,10,10,10,100,156,173.5,5,5,5,0,1,1,1,91.8
333,25,37,34,37,33,38.5,26.5,69,66.5,66,5,10,10,9,10,10,10,10,9,10,10,10,2,99,159,114,5,5,5,5,1,1,1,88.8
334,25,37,28,16,19,22,12.5,36,35,28,10,8,8,6,6,9,10,0,7.5,1.83333,0,8.75,9.5,82.75,102,102.5,0,5,0,5,1,1,1,53.475
335,25,40,40,40,37.5,38.5,35,77,63,72.5,10,10,10,10,10,9.25,10,10,10,10,10,6.75,10,100,165,174.5,0,5,5,5,1,1,0,94.95
336,7,39,38,39,29.5,37,24,77,80,74,7,10,2,2,9.5,10,10,10,9.5,8,8,10,1.5,92,170,163.5,5,5,5,0,1,1,0,88.2
337,19,40,38,40,38,40,39,64,64,57,10,9.75,10,9.5,10,10,10,10,10,8,10,10,9.5,99.75,170,173.5,5,5,5,5,1,1,1,95.225
338,19,39,39,40,38.5,40,38,80,79,79,0,8,10,8,10,8,10,10,10,10,10,10,10,98,154,144,5,5,5,5,1,1,1,82.1
339,25,40,40,40,37.5,32,31,62.5,51,43,10,2,2,2,9.75,9,10,10,2,10,10,7.5,8,86.25,161,141,5,5,5,5,1,1,1,82.125
340,25,31,36,38,37,39,36,73.5,78,30,10,10,10,10,9.5,8,10,10,9.5,10,8,6,9.5,98.5,175,140,5,5,5,5,1,1,0,85.9
341,7,0,39,40,33,33,16,76,64,57,10,10,10,10,8,10,10,9.5,10,8,10,10,10,100,178,157.5,5,5,5,5,1,1,1,91.25
342,19,36,34,39.5,36,39.25,34.5,64,74,20,10,10,10,10,10,10,10,10,9.5,10,9.5,10,10,100,169,140,5,5,0,5,1,1,1,84.2
343,25,37,17,10,22.5,23,7,66.5,35.5,62,10,10,10,10,9,9.25,10,10,9.5,10,10,2,2,98.75,153,168.5,5,5,5,5,1,1,1,84.275
344,7,40,40,39,40,40,40,79,74,78,10,9.75,9.125,8,2,9.5,10,0,8,2,9,0,0,77.375,123,86.5,5,5,0,0,0,0,0,55.9875
345,13,40,19.5,39,13,38,28,70,74,78,10,10,10,8,8,10,10,10,10,10,10,10,8,100,177,164,5,5,5,5,1,1,1,93.6
346,1,36,32.5,34.5,27,29.5,32,77.5,77,66,10,10,10,7.85714,6.75,8,10,6.75,9.5,9.91667,8.5,8.5,9,93.41667,147,79.5,5,5,5,5,1,1,1,67.341667
347,25,39,36.5,38,30,29,32,75,76,65,10,10,10,10,10,10,10,10,10,10,2,0,0,100,181,177,5,5,5,5,1,1,1,97.675
348,1,36,39,40,28,37,40,64,68,53,10,10,10,10,10,10,10,10,10,9.33333,10,8,0,100,137,132.5,5,5,0,0,1,0,0,71.6
349,25,39,39,39,35,40,36,79,79,72,10,8,8,8,10,8,0,8,9.5,8,10,0,0,87.5,168,164.5,5,5,5,0,0,1,1,77.15
350,7,34,39,34,34.5,39,39.5,75,55,54,5,8,10,10,10,8,10,10,10,10,10,10,10,100,168,171,5,5,5,5,1,1,1,89.25
351,13,38,40,24,37,29,28,45,67,10,10,10,10,10,10,10,10,8,10,10,10,9.5,10,100,163,165,0,5,5,5,1,1,0,89.65
352,7,35,37,37,33,15,39,60,80,79,10,8,10,10,10,8,0,8,8,8,9,0,0,89,151,72,5,0,0,0,0,1,0,54.1
353,7,40,38.5,38,37,40,22,67,78,76,10,10,10,10,10,10,10,10,9.5,10,9,10,0,100,169,191,5,5,5,5,1,1,0,98.05
354,1,40,39,38,31,28.75,33,76,74,49,10,10,10,9.92857,8,10,10,10,1.5,8,10,10,8,97.92857,186,164.5,5,0,5,5,1,0,0,95.092857
355,19,29,39.5,38.75,33.5,40,40,78,74,75,5,10,10,10,10,7.75,10,10,8,8,10,8,8,94,164,135,5,5,0,0,1,1,0,78.3
356,7,36,40,39,34,0,30,73,72,75,10,8,10,8,8,9.625,10,9.5,9,10,8,10,10,96.125,178,174.5,5,5,5,5,1,1,0,94.4625
357,13,32,22,30,32,7.5,9,35,0,47,10,8,8,9.5,9.5,10,10,8,9,10,10,9,10,97,164,165.5,5,5,5,5,0,1,0,92.25
358,1,38,40,39,35.5,33.75,33.5,72.5,63,40,10,10,10,10,10,10,10,2,10,0,2,10,2,92,143,152,5,5,5,5,0,0,0,87.5
359,7,40,37,40,40,38.5,39,79,76,80,10,10,10,10,10,10,10,8,10,10,10,9.25,10,100,180,194,0,5,0,5,1,1,0,96.65
360,7,39,38,39,39,38,36,80,76,73,10,10,10,10,10,10,10,10,10,10,2,2,0,100,176,151.5,5,5,5,5,1,1,0,91.35
361,1,33,37,38,37,39,37,80,62,80,10,10,10,10,10,10,10,8,10,10,10,10,2,100,182,181.5,5,5,5,5,1,1,1,97.35
362,7,35,40,39,31,33,30,0,0,25,10,2,2,8,10,10,10,10,2,2,9.5,0.75,2,73.5,166,169,5,5,5,0,0,1,1,76.15
363,13,40,37,40,39,39,40,73,80,56,10,8,8,8,8,8,10,8,8,9.41667,10,7.75,8,87.41667,162,181.5,5,5,0,5,0,1,0,86.641667
364,7,37,37.75,38,38,33.25,40,74.5,77,78,10,10,2,10,10,10,10,9.5,10,2,2,10,9.5,99,162,185,5,5,5,5,1,0,1,95.5
365,25,39,39,38,37.5,33,39,79,0,80,10,10,10,10,10,9.75,10,10,10,10,8,10,10,100,189,195,0,5,5,5,1,1,0,97.9
366,13,40,33,38,36.5,40,40,75,70,70,10,10,10,10,10,10,10,9.5,9.5,10,10,10,10,100,173,170.5,5,5,5,5,1,1,1,95.95
367,19,36,36.5,36.5,36,40,37,72.5,79,76,10,10,10,8.5,8,10,10,10,10,10,10,9.5,10,100,159,162.5,5,5,5,5,1,1,1,92.95
368,25,39,38.5,35,30,36,35,78,69,80,10,10,8,8,8,8,10,10,10,9.75,0,9.5,2,93.25,149,150,5,5,0,5,0,1,1,83.325
369,19,39,37,33,35.5,39,26,65,0,79,10,10,10,10,10,10,10,10,8,10,2,2,0,98,168,108,5,5,5,0,1,0,1,72.8
370,19,36,35,36,34.5,33,9,0,72,26,10,10,8,10,10,10,10,10,10,10,10,7.5,8,100,192,176.5,0,5,5,5,0,1,1,98.05
371,25,4,28,35.5,11,24.75,17,38.5,26,0,10,10,9.625,9.5,7.125,9.75,0,8,7,8.08333,9,0.75,10,91.08333,114,67,5,5,5,5,0,1,0,72.308333
372,13,35,38.5,39,39,28,30,78,71,79,10,9.75,10,8,9.5,9.5,10,10,10,10,10,7.75,10,99.25,185,156,5,5,5,5,1,1,1,93.425
373,25,39,39,40,40,40,40,80,68.5,59,10,10,10,8,6,1.75,10,1.5,10,10,10,2,10,94,119,118.5,5,5,5,5,1,1,1,75.65
374,25,0,0,0,0,0,0,0,0,0,10,10,10,10,8,9.75,10,8,8,10,8,10,2,95.75,149,145,5,5,5,5,1,1,1,84.475
375,1,26,36.5,36.5,28,9,30,47.5,0,78,10,8,9.75,10,10,8.25,10,9.5,10,9.91667,9.5,10,8,98.66667,181,152,5,5,5,5,1,1,1,88.591667
376,25,40,37.5,40,39.5,39,40,79,79,80,10,8,9.75,10,7.75,7.5,0,8,9,10,10,8,10,92.75,137,112.5,5,5,5,5,1,1,1,61.925
377,7,40,40,37.5,35.5,37.5,40,77.5,80,76,10,10,10,10,9,7.5,10,10,9.5,10,10,10,10,100,150,127,5,5,5,5,1,1,1,86.8
378,13,38,39.5,33,32,35,35,69,65,63,10,10,10,10,10,10,10,8,10,10,10,10,10,100,188,186.5,5,5,5,0,1,1,1,96.75
379,25,37,40,38,0,36,40,70,68,58,10,10,10,10,10,10,10,10,10,0,10,9.5,2,100,170,173.5,5,5,5,5,1,1,0,90.25
380,7,37,27,25,18.5,13,37,69,77,79,10,8,10,10,10,10,10,8,10,8,9.5,10,8,97.5,192,170,5,5,5,5,1,1,1,95.05
381,1,38,30,24.5,24.5,32.5,36,59,38.5,26,10,8,10,2,10,10,10,0,8,10,10,10,0,96,178,181.5,0,5,5,5,1,1,0,96.15
382,1,38,39,33,14.9,33.5,35,49.5,64,66,10,10,10,6,10,8,10,2,8,10,10,7.75,10,96,167,180.5,5,5,5,5,1,1,1,85.7
383,1,38,38,40,31,29.25,35.5,58.5,62.5,51,5,10,10,2,10,10,10,10,10,10,10,10,10,100,149,157.5,5,5,5,5,1,1,1,86.6
384,13,39,35,39,37,35,14,63,62,58,10,10,10,10,10,10,10,10,10,10,10,10,10,100,194,199,5,5,5,5,1,1,1,100.45
385,1,33,35.5,35,33,36.5,24,64,53,41,10,10,10,10,10,10,10,10,9.5,10,10,10,10,100,184,157.5,5,5,5,5,1,1,1,93.1
386,13,40,40,40,36.5,39,0,79,80,49,10,10,10,9.92857,7.125,9.5,0,1.5,8,9.91667,9,7.5,9,92.84524,147,78.5,5,5,5,5,1,1,1,74.184524
387,25,34.5,34.5,39.5,37,36.5,35,76,77,61,10,10,10,10,10,9.75,10,8,8,10,10,2,2,97.75,184,174.5,0,5,5,5,0,1,0,94.125
388,25,40,38,40,22,40,29.5,75,64,52,10,10,10,10,9.5,8,10,8,10,2,8,8,0,93.5,157,113.5,5,5,5,5,1,1,0,74.95
389,19,37,39,37,31,35,32,69,0,79,10,10,8,10,7.375,10,10,7,9.5,9.91667,9,9.25,10,97.66667,121,78,5,5,5,5,1,1,1,72.366667
390,25,34,34,33,29,38,37,76,55,72,10,10,10,10,10,10,10,9,10,9.91667,9,10,10,100,183,191.5,5,5,5,5,1,1,1,98
391,1,40,40,40,38,40,40,80,80,80,10,10,10,10,0,9.75,10,10,10,10,10,10,8,100,163,163.5,5,5,5,5,1,1,1,82.85
392,19,0,21,0,9.5,30,0,0,0,0,10,10,10,8,8,10,10,0,10,10,10,10,10,100,183,171.5,0,5,5,5,1,1,1,94.15
393,25,38,35.5,40,34,40,38,79,0,72,10,10,10,10,10,10,10,10,10,10,10,10,10,100,191,189.5,5,0,5,5,0,1,0,99.1
394,13,35,40,39,38,40,40,80,80,75,10,8,7.5,8,7.75,7.75,8,7.75,10,9.83333,8,7.25,9,86.33333,131,123.5,5,5,5,5,1,1,1,70.083333
395,7,34,33.5,34,35,34.5,22,68,77,76,10,10,10,10,9.25,10,10,9,9.5,10,10,10,2,99.5,156,182.5,5,5,5,5,1,1,0,94
396,25,38,37,36,30,33.5,33,53,55,20,10,10,10,10,10,10,10,10,0,10,10,9.75,10,100,151,76,0,0,0,0,1,1,0,74.375
397,7,35.5,36,37,40,40,40,80,80,66,0,7.875,7,8,6,6,10,0,0,0,0,0,0,44.875,96,0,0,0,0,0,1,1,0,22.3375
398,13,36,39,37,34,39,39.5,77,56,74,10,10,9,9,10,9,10,10,10,9.91667,10,9.875,10,99.79167,145,141,0,5,5,0,1,1,0,78.029167
399,25,39,39.5,39,32.5,40,39,77,79,73,10,10,10,10,10,10,10,7,10,9.91667,2,9.5,10,99.91667,157,167,5,5,5,5,1,0,0,85.341667
400,7,38,34.5,22,17,21,39,38,58,57,10,10,10,10,10,9.25,0,0,0,0,0,9.75,10,79,141,182.5,0,5,5,5,1,1,1,79.4
401,13,35,35,36,18,36,35,74,76,76,10,10,10,9,8.75,10,10,9,10,10,9,7.75,9,97,174,165.5,5,5,5,5,1,1,1,92.9
402,25,38,36.75,40,39,39,36,79.75,77,61,5,8,10,10,9.5,8,10,8,8,8,7,0,0,86.5,160,76.5,0,0,5,0,0,0,0,45
403,13,38,36,39,40,39,39,80,72,77,10,10,10,10,10,10,10,10,10,10,9.5,10,9.5,100,174,172.5,5,5,5,5,1,1,1,93.05
404,19,39,38.5,7,6.5,11,0,0,0,0,10,10,10,10,10,10,10,6,8,10,10,7.5,7,98,152,121.5,5,5,0,5,1,1,1,81.05
405,13,37,37,34,18,25,19,65,35,63,10,10,10,2,9.125,10,10,10,7.5,10,8,9.5,9.5,98.125,125,81.5,5,5,5,5,1,1,1,72.4875
406,19,37,36,12,0,0,0,0,0,0,10,10,10,10,9.5,10,10,9.5,10,10,10,10,9.5,100,175,158,5,5,5,5,1,1,1,92.5
407,19,38,39.5,38.5,28,38.25,38,77,80,0,10,10,10,10,9.25,9.75,10,10,10,9.33333,10,10,9.5,99.75,161,120.5,5,5,0,5,0,1,0,74.3
408,1,20,37,39,35,36,0,5,0,0,10,10,10,10,10,9.75,10,10,10,10,10,10,10,100,192,190,0,0,5,5,1,1,0,98.1
409,13,40,39,40,39,40,38,79,80,80,10,10,9,10,10,2,10,10,2,8.41667,10,2,10,97.41667,164,126,5,0,0,5,1,1,1,83.741667
410,25,38,38.5,37,33,37,37,79,71,56,10,10,10,10,10,9.25,10,10,8,0,10,10,10,100,185,175.5,5,5,5,5,1,1,1,96.85
411,1,40,35,19,21,11.5,20,58,5,25,5,10,10,9.5,10,9.75,10,10,10,10,10,10,10,100,182,190,5,5,0,5,1,1,1,80.4
412,1,39,27,15.5,20,12,13,37,63,54,10,8,10,10,7.625,6.75,10,7,8,9.41667,7,7.5,9,89.54167,139,102.5,0,0,5,5,1,1,0,70.604167
413,25,34,36,32,35,31,40,77,80,59.5,10,10,10,10,9.5,10,10,9.5,8,10,10,10,9.5,99.5,162,160,5,5,0,5,0,1,0,80.9
414,19,39,37.5,28.5,22.5,35,30,48.5,56,20,10,10,10,9,7.875,9.25,10,8.5,9,10,9,8,10,96.25,169,127,5,5,5,5,1,1,1,86.425
415,13,40,38,39,29,24,39,77,72,52,10,10,10,9.85714,10,9.5,10,9.75,10,10,9.5,10,10,99.85714,189,174,5,5,5,5,1,1,0,89.385714
416,13,39,33.5,35,28,27,0,68,77.5,51,10,10,10,10,10,10,8,8,10,8,2,10,8,96,182,164.5,5,0,0,0,1,1,1,71.75
417,19,39,39,40,39,40,40,79,65,79,10,10,10,9,10,10,10,9.75,9.5,10,10,10,10,100,174,144.5,5,5,5,5,1,1,1,87.475
418,25,33.5,38,36,34,38,36.5,79,80,79,10,10,10,10,8,8,10,10,10,9.75,9,9.75,8,98.5,141,107,0,5,5,0,0,1,1,66.75
419,1,40,40,40,32,39.5,38,71,79,72,10,10,10,10,9.5,9.75,0,9.5,10,10,9.5,9.5,2,98.25,186,171.5,5,5,0,0,1,1,0,94.275
420,1,40,40,40,37.5,40,40,79,80,79,10,10,10,10,10,10,10,10,10,10,10,10,10,100,180,176,5,5,5,5,1,1,1,97.35
421,25,20,32,37.5,32.5,38.75,36.5,72.5,77,59,10,10,10,8,10,9.75,10,8,9.5,10,8,10,10,99.25,183,172.5,5,5,5,5,1,1,1,94.425
422,25,36,0,0,0,18,34,58.5,41,44,10,10,8,8,8,8,10,8,8,8,8,8,8,86,161,125.5,0,0,0,0,0,0,0,74.45
423,25,36,38,39,37,40,0,79,73,74,10,8,10,9,8,8,10,6,0,8,10,7.5,10,91,146,157,0,5,5,5,1,1,1,79.7
424,19,0,39,40,32,39.5,27.5,59,51,6,10,10,10,10,10,9.5,10,8,2,10,1.5,10,10,99.5,184,154,0,5,5,5,1,1,1,91.95
425,7,37,35,35,24,28,22,40,63,70,10,10,10,9,10,9.75,10,9,10,10,10,10,10,100,152,162,5,5,5,5,1,1,0,92.85
426,13,40,39,37,33,31,40,74,80,74,10,10,9,8,8,8,10,8,8,10,10,10,10,95,125,123,5,5,5,5,1,1,0,82.35
427,13,40,39,39,38,40,40,79,80,80,10,10,9,10,7.5,7.625,10,6,8,9.75,8.5,8,8.5,91.75,150,114,5,5,5,5,1,1,1,70.125
428,25,39,38,39,35,35,40,75,59,48,10,10,10,10,9,10,10,10,9.5,10,10,10,10,100,159,128,5,5,5,5,1,1,1,90.3
429,13,39,38,38,36,39,40,77,79,80,10,10,10,10,10,9.75,10,10,9.5,10,9.5,9.75,10,99.75,179,150,5,5,0,5,1,1,1,93.7
430,25,40,40,39,38,38,39,79,78,65,5,10,10,10,10,10,10,9.5,10,10,10,10,9.5,100,147,147,5,5,5,5,1,1,1,89.225
431,7,38,38,37,31,27,35.5,77,68,80,10,10,10,8.5,8.5,10,10,9.5,9.5,10,10,9,1,98,151,130.5,5,5,5,5,1,1,1,84.25
432,13,36,40,17,30.5,40,25,0,75,51,10,10,10,7.5,7,7.25,10,8,10,10,10,7.75,10,95.75,169,172.5,5,5,5,5,1,0,1,85.875
433,25,35,38,16,23,26.5,18,63,55,47,10,10,10,10,8,10,10,6,10,10,9,7.25,0,97,133,96.5,5,5,5,5,1,0,1,78.45
434,19,37,34,36,39,38,39,77,70,79,10,10,9.75,8,8,9.25,10,7,8,10,9,10,10,96,125,131.5,5,5,5,5,1,1,0,77.9
435,19,40,39,39,34.5,40,37,72,71,74,10,8,10,10,9.75,2,10,9.5,9.5,8,2,1.5,10,94.75,160,132,5,5,5,5,1,1,0,81.125
436,7,6,40,39,0,24,26,5,54,24,10,10,10,10,8,9,10,10,8,10,2,10,2,97,178,132.5,5,5,5,5,0,1,1,84.3
437,13,36,39,39,35,35,40,77,72,0,5,10,10,10,8,10,10,9.5,8,10,10,10,10,99.5,139,153,5,5,0,0,1,0,0,87.3
438,25,40,39,38,32.75,38,17.5,42,44,48,10,10,10,10,7.5,7.5,10,8,10,10,9,8,10,97,150,136,5,5,5,5,1,1,1,80.325
439,13,35.5,34,39,26,31,30,73,61,50,10,10,9,7,9.5,8,10,9.25,8,10,8,8,10,93.75,141,156.5,5,5,5,5,0,1,0,82.275
440,7,39,38,38,35,32,33,69,69,80,5,10,10,8,7.25,9.5,10,10,10,10,9,10,9.5,98,145,148.5,5,5,5,5,1,1,1,85.4
441,7,40,0,34,20.5,6,0,56,0,0,10,10,10,10,7.75,0,0,8,8,8,8,8,8,88,152,115.5,5,5,0,0,1,0,1,74.05
442,19,35,18,22,16,20,25,57,49,47,10,10,10,10,10,9,10,10,9.5,2,10,7.5,2,98.5,149,119.5,5,5,5,5,1,0,1,81.175
443,19,38,35,29.75,31.75,31,33,67,74,51,5,10,10,9.5,10,10,10,8,9.5,10,10,2,10,99,177,161.5,5,5,5,5,1,1,0,90
444,7,36,38,40,40,40,39,72,80,76,0,10,10,10,10,9.75,10,8,8,8,9,7.5,0,92.75,136,96.5,0,5,0,0,1,0,0,63.275
445,13,40,16,6,26,0,23,43,73,27,10,10,10,10,9,8,10,8,10,10,8.5,8,9,96.5,155,161,5,5,5,5,1,1,1,82.775
446,25,39,34,39,28,34,21.5,75,70,64,10,10,10,10,7.5,9.5,10,6,9.5,8,9,8,2,94,151,119,0,5,5,5,1,1,1,68.65
447,7,38,40,40,33,40,40,74,59,38,10,10,8,10,10,10,0,8,8,10,8,10,0,94,179,160,5,5,0,0,1,1,0,86.875
448,19,39,40,38.5,35.5,37,39,78,78,78,10,10,9.5,10,9.375,9.875,10,8,10,9.75,10,10,10,99.625,175,150,5,5,5,5,1,1,1,90.3625
449,1,37,37,36,29,26.5,22.5,53,33.5,25,10,8,10,10,9.5,10,10,7.5,10,8,8.5,10,0,96,153,139.5,5,5,5,5,1,1,1,79.55
450,1,37,39,36,35,36,36,67,61,69,10,10,8,10,9.5,9.25,10,7.5,8,0,8,0.625,0,90.25,173,112,5,5,5,5,1,1,1,81.525
451,1,39,39,12,35,29,15,66,67,60,10,10,10,10,10,10,10,10,10,10,10,10,10,100,185,192.5,5,5,5,5,1,1,1,99.3
452,7,39,34,34,28,24,39,68,79,78,10,10,9,8,8,7.75,0,6,7.5,8,6,6,9,83.25,109,0,5,5,5,5,1,1,1,33.075
453,19,38,0,38,35.5,34,17,75,76,75,10,10,10,10,10,10,10,8,8,10,9.5,10,8,99.5,157,153.5,5,5,5,5,1,0,0,79.6
454,13,40,40,40,24,40,38,70,80,76,10,10,9.75,10,8,9,0,7,8,8,7.5,9.5,7,89.75,140,57,5,5,0,0,1,1,0,40.375
455,13,40,40,39,36,40,40,74,76,68,10,10,10,8,10,10,10,10,8,10,9,10,10,100,171,189,5,5,5,5,0,0,1,96.75
456,25,39,37,39,39,40,39,77,67,64,10,10,10,9,10,10,10,10,10,10,10,10,10,100,175,170,5,5,5,5,1,1,1,88.9
457,1,39,40,40,32,21,24,69.5,51,12,10,10,10,8,10,10,0,10,9.5,10,9.5,10,0,99,180,168,5,5,0,5,0,1,0,90.975
458,13,40,40,40,40,40,22,80,69,80,10,8,8,10,0,0,0,8,10,10,10,2,0,76,162,139.5,0,5,0,0,0,0,0,83.45
459,1,40,38,39.5,34.5,24.25,38.5,58,0,73.5,10,9.875,10,10,7.75,10,10,8,10,10,10,9.75,10,99.875,165,135.5,5,0,5,5,1,1,0,90.6375
460,13,40,40,39,37,40,40,80,80,77,10,2,10,2,1.25,1.5,0,1,2,0,0,0,0,29.75,0,34.5,0,5,0,5,0,0,0,13.125
461,7,40,36.5,39.5,39,35,39,77,79,79.5,0,8,7.25,8,6,0,10,8,6,6,0,0,0,59.25,66,40,0,0,5,0,0,1,0,37.425
462,25,34,35.35,37,35.5,30.5,20.5,77,71,72,10,10,10,10,8.5,9.75,10,7,10,8,10,10,0,98.25,136,166,5,5,5,5,1,1,1,88.475
463,7,39,32,0,13,7,19,52,46,24,10,10,10,6,7.25,8,8,7.25,8,10,8.5,6.75,9,88.75,140,84,5,5,5,5,1,1,1,60.425
464,7,0,39,37,37,22,26,74,46,63,10,10,10,10,8,9.25,10,8,0,1.75,9,0,0,86,160,167,0,5,5,0,0,0,1,90.7
465,25,13,2,6,0,0,6,0,0,0,10,10,9,9,9,9,10,8,10,10,10,10,10,98,152,180,5,5,5,5,1,1,1,94.025
466,7,39.5,38,37.5,21.5,25,38,79,76,57,10,10,10,8,10,9.75,10,10,8,8,10,10,10,99.75,148,133.5,5,5,5,0,0,1,0,86.575
467,25,35,38.5,37,40,39,36,79,78,80,10,10,10,10,10,10,10,10,9.5,9.91667,10,9.5,9.5,99.91667,172,152.5,5,5,5,0,1,1,1,92.466667
468,7,38,38.5,33,0,0,30,61,59,76,10,8,10,10,9,9.25,8,0,10,8,10,10,9.5,95.75,170,188,0,5,5,5,1,1,1,92.525
469,13,40,39.5,40,33,38,39,77,76,68,10,10,10,10,8,10,10,10,8,10,9.5,10,10,100,173,165,5,5,0,5,1,1,1,88.8
470,13,40,40,40,39,40,38,80,80,80,10,10,10,10,10,10,10,10,10,10,10,2,2,100,179,172.5,5,5,5,5,1,1,1,93.475
471,7,40,37.5,39,34.5,37.5,38.5,76.5,77.5,75,10,10,10,10,10,9.5,10,10,10,10,10,10,10,100,167,181.5,5,5,5,5,1,1,1,94.4
472,25,38,37,37,35.5,40,38,70,80,78,10,10,10,8.5,8.75,10,10,10,10,10,10,10,10,100,137,127.5,5,5,5,5,1,1,1,85.525
473,19,40,38.5,38.5,34.5,36.25,38.5,69,80,65,10,10,10,10,10,10,10,8,10,10,10,10,10,100,196,196.5,5,5,5,0,1,1,1,97.7
474,1,40,40,33,37,34,39,62.5,55,78,10,10,10,10,10,9.5,10,10,10,8,10,10,8,100,177,176.5,5,5,5,5,1,1,1,96.25
475,1,40,31.5,24,28,35,19,63,47,46,10,10,8,8,7.75,7.25,10,8,6,10,9,8,10,91,161,160,5,5,5,5,1,1,1,69
476,25,39,39,40,39.5,36.25,39.5,79,0,80,10,10,10,9,9.75,10,10,10,10,10,10,8,6,99.75,130,98.5,5,5,5,5,1,1,1,79.475
477,25,40,36,39,36.5,36,34,56.5,74,73,5,0,10,8,6,8,10,9.75,10,10,2,1,10,86.75,152,161.5,5,5,5,5,1,1,0,77.675
478,13,38,39,38,32,31,40,80,80,80,5,10,10,10,9.5,8,10,8,10,10,8,10,10,97.5,169,123,5,5,5,5,0,1,1,80.34
479,19,39,36.5,37.5,30,25,20,54,59,42,10,8,8.25,9,7.25,7.5,10,8.5,8,9,9,8,9,88.75,115,96.5,5,5,5,5,1,1,1,68.025
480,7,0,10,39,27,40,23,75,73,64,10,10,8,10,10,9.75,10,10,8,9.91667,10,8,10,99.66667,165,159,5,5,5,5,1,1,1,90.766667
481,1,22,37,35,0,20.5,23.5,57,52,45,10,10,10,9.5,10,10,10,8.5,9.5,9.91667,10,8.75,9.5,98.91667,127,99,5,5,5,5,1,0,1,81.641667
482,13,38,35,38,35,30,30,75,64,79,10,10,10,10,9.5,2,10,2,10,10,10,10,2,99.5,150,164.5,5,5,5,5,1,0,1,88.05
483,7,36,40,39,33,39,38,76,80,80,10,10,10,10,10,10,10,10,10,10,10,10,10,100,187,190.5,5,5,5,5,1,1,1,99.4
484,19,36,32,38.5,27,22,19.5,46,64,68,10,10,10,10,10,10,10,10,10,10,10,8,10,100,175,184,5,5,5,5,1,1,1,92.65
485,25,0,28.5,30.25,29,36.75,29,37.5,25,14,10,10,10,10,10,8,10,10,10,10,10,10,10,100,193,192,5,5,5,5,1,1,1,100.3
486,19,40,39,40,25,32.5,40,78,78,80,10,10,9.5,10,10,10,10,2,10,10,10,9.75,10,100,160,153.5,5,0,5,0,0,1,0,87.15
487,25,40,36,37,32.5,29,36.5,74,70.5,78,10,8,10,8,10,10,10,8,0,10,8,2,8,92,153,137,0,0,0,5,0,0,0,79.2
488,25,38,34,31,24,39,36,64.5,43,68,10,10,10,10,10,10,10,10,10,8,8,10,10,100,182,178,5,5,5,0,1,1,1,95.3
489,1,0,0,0,0,0,0,0,0,0,10,8,8,6,6,7.25,0,7,6,11,7,7.75,7.5,79.5,95,59.5,5,5,5,0,1,1,1,51.55
490,7,39,38,39,40,40,38,80,80,67,5,10,10,10,10,9.75,10,10,8,11,9.5,10,10,100.75,186,171.5,5,0,5,5,1,1,1,96.125
491,25,0,0,39,37,40,34,56,30,72,0,8,10,8,8,10,0,6,8,8,0,10,7,83,169,99,0,0,0,0,0,1,0,55.675
492,7,40,40,27,38,40,39,80,80,55,10,10,10,10,10,10,10,10,10,10,9,10,10,100,187,188,5,5,5,5,1,1,1,99.125
493,1,40,39,39,39,39,34,80,78,59,0,0,8,10,9.75,8,10,0,10,1.75,2,7,0,66.5,124,89,5,0,0,0,0,0,0,61.805
494,25,37,40,38,40,40,39,79,80,72,10,10,10,10,10,10,10,10,10,8,10,9,10,100,163,158,0,5,5,5,0,1,1,89.1
495,13,39,38,39,37,0,38,80,69,77,10,10,10,8,10,10,10,9,7.5,10,10,8.25,10,99,154,116.5,5,5,5,5,1,1,0,78.8
496,19,38,38,28,28.5,30.25,36,79,77,72,10,10,10,10,10,10,10,10,10,10,9,10,10,100,198,175.5,5,5,5,5,1,1,0,95.65
497,1,37.5,38.5,31,34,33,37,75.5,58,59,10,10,10,8,10,10,10,10,10,8,8,2,2,96,162,160,0,5,5,5,1,0,1,83.95
498,19,32,39,39,36,38,40,76,80,69,5,6,8,10,6,6,0,6,0,0,0,0,0,47,67,0,0,0,0,0,0,0,0,13.4
499,7,40,33,16,35,37,31,79,67,42,10,10,10,10,10,10,10,8,9.5,10,9,10,10,100,190,192,5,5,5,5,1,1,1,99.9
500,19,37,39.5,39,37.5,40,40,78,78,0,10,10,10,10,9.75,9.75,10,9.25,10,11,10,9.75,10,100.75,172,165,5,5,5,5,1,1,1,93.675
501,25,29,34,23,0,20,14.5,43,39,6,10,10,10,10,10,10,10,9.75,10,10,10,9,10,100,187,194.5,5,5,0,5,1,1,0,97.525
502,25,0,37,39,33,24.5,31.5,65,67.5,70,10,10,10,10,10,10,10,10,10,10,2,2,0,100,173,188,5,5,5,5,1,1,1,90.45
503,13,37,39,38,32,35,40,77,78,74,10,8,10,8,7.5,8.125,10,7.75,9,9.91667,9,8.5,0,90.54167,144,92.5,5,5,0,5,1,1,1,70.204167
504,19,21,11,38.5,14,17.5,0,47,28,6,10,8,8,7,6,7.25,0,7,6,8,7,7,6,75.25,66,57,5,5,5,0,0,1,0,26.125
505,25,39,35,38,30,38,29,67,80,29,10,10,2,10,10,8.125,10,8.5,7,10,10,8,10,96.625,152,136.5,5,5,5,5,1,1,1,79.4125
506,1,39,40,40,34,31,38,77,79,72,10,8,10,2,9.5,9.5,10,2,8,8,10,8,8,91,173,155,5,5,0,5,1,1,0,85.95
507,19,38,37,36,30.5,32,18.5,57.5,64,38,10,10,10,10,8,9.75,10,9,9.5,9.91667,8,10,9.5,98.66667,176,126.5,5,5,5,5,1,1,1,83.116667
508,25,40,38,40,36,40,39,77,74,67,10,10,10,9,6,9.5,8,9,9.5,10,9,7.5,0,94,173,128.5,5,5,5,5,1,1,1,71.25
509,1,34.5,18.5,31,0,22,17,48,45,71,10,10,10,10,10,10,10,10,8,8,8,10,10,100,178,157,5,5,5,5,1,1,1,93.6
510,7,40,36.5,34,38,38,39,78,0,73,10,10,10,10,9.5,10,10,10,10,10,10,10,10,100,194,192,5,5,5,5,1,1,1,92.125
511,25,39,40,38,28,37,34,77,80,69,10,10,10,10,10,9.25,10,10,9.5,10,9,10,2,99.5,172,170,5,5,5,5,1,1,1,88.3
512,1,8,0,0,33,35.75,36.5,69,66.5,72,10,10,8,10,10,9.5,10,10,10,10,10,10,10,100,189,181,0,0,5,5,0,1,0,88.55
513,19,39,38.5,40,36,40,39,80,80,80,5,10,10,8,7.75,10,10,9,10,8,8,2,1.5,90.75,154,137,5,5,0,5,1,1,1,78.725
514,7,40,37,40,28,40,22,70,80,0,5,10,10,10,10,10,10,10,10,2,10,8,10,100,163,171.5,5,5,5,5,1,0,1,90.15
515,25,38,40,37,36.5,31.5,37,70,65,74,10,10,10,8,9.25,0,0,9,8,8,8.5,7.5,10,90.75,170,140.5,5,5,5,5,1,1,1,67.775
516,19,40,40,38.75,36.5,39,39,79,80,78,10,10,2,10,10,9.5,10,8,9.5,10,10,8,8,97,149,165.5,0,0,0,5,1,0,0,81.5
517,1,39,39.5,40,34,37,25,74,69,61,5,2,10,10,9.5,8,10,0,0,8,8,10,10,88.5,127,98,5,0,5,5,1,0,1,67.35
518,19,39,40,17,31.5,28,40,63,44,62.5,10,8,10,8,9.5,9,0,6,7,8,10,8,8,88.5,164,113.5,0,5,5,0,1,1,0,82
519,7,38,39,35.75,37,40,39,76,80,75,10,10,10,8,7,8,0,8,9,6,9,8,9.5,89.5,157,119.5,0,0,0,0,1,1,0,56.7
520,25,38,26.5,25.5,19.5,26,38,51.5,63,49,10,10,10,9,9,10,10,10,10,9.83333,8.5,10,10,99.83333,161,122,5,5,0,5,1,1,1,82.883333
521,19,39,38,21.5,35,39,27,73.5,64.5,6,10,10,10,9,10,10,10,8.5,8,10,9.5,9,10,98.5,161,155,5,5,5,0,1,1,1,86.125
522,19,40,39,40,38.5,40,40,80,77,80,10,10,10,10,10,10,10,9.5,10,10,10,10,10,100,192,195,5,5,5,5,1,1,1,98.1
523,1,39,39,37,33,35,34,72,74,71,10,8,10,10,9.875,10,10,10,8,2,7,8,8,93.875,190,197.5,0,5,5,5,1,1,1,89.6625
524,19,37,24,6.5,2.5,2.5,0,16,5,2,0,0,7,0,8,9.75,10,9,1,8,10,9.5,10,82.25,161,163.5,0,5,0,0,0,1,0,66.425
525,19,38,31.5,37,18,38,23,46,48,5,10,10,10,9,9.5,10,10,8,10,8,7,10,9.5,98,174,115,0,5,0,5,1,1,0,82.5
526,25,0,14,0,0,22.25,25.5,62,53,0,10,10,10,10,10,2,0,0,2,2,7,2,8,71,158,134.5,0,5,5,5,1,1,0,84.7
527,19,30,39,40,40,40,35.5,80,78,80,10,10,10,10,10,10,10,10,10,10,10,10,9.5,100,199,174,5,5,5,5,1,1,1,97.85
528,13,39,39,40,38,39.75,40,80,80,80,10,10,10,10,9.5,10,10,10,10,10,8,10,10,100,180,185,5,5,5,5,1,1,1,97.05
529,1,39,38,38,35,34,37,72,80,76,10,8,8,10,9,8,10,8,10,8,10,8,8,91,176,160,0,5,0,0,1,1,0,74.11
530,13,40,39.5,40,37,39,40,78,76,79,10,2,10,10,10,10,10,10,10,10,10,10,8,100,152,127.5,5,5,0,5,1,0,0,86.8
531,13,38,40,39,0,33,31,64,57,56,10,10,10,10,10,10,10,10,2,8,2,2,2,90,180,189.5,5,5,5,0,1,1,0,91.25
532,25,37.5,38,33,27,28,0,4,0,0,10,10,10,10,10,10,0,9.875,9.5,10,9,10,1.5,99.375,168,166.5,5,5,5,0,1,1,1,88.4725
533,19,40,40,40,37.5,40,40,79,78,80,10,10,10,8,7.75,8,10,8,8,8,0,8,2,88,136,105,5,5,5,5,1,1,0,65.15
534,7,34,39,38,39,39,40,80,76,80,10,10,10,10,10,8,10,10,10,1.5,10,1.25,10,100,158,152.5,5,5,0,5,1,1,0,85.325
535,7,34,37,39.5,26,38,26,49,54,44,10,10,10,10,10,10,10,6,10,10,2,8.75,9.5,99.5,138,129,0,5,5,5,1,1,1,84.5
536,19,34,32.5,37,37,38.75,38,76,79,0,0,0,8,8,10,8,10,2,0,0,0,0,0,46,145,127,5,0,0,0,0,0,0,51.975
537,25,40,37.5,33,17.5,10,7.5,58.5,64,30,10,10,10,10,8.5,10,10,9,9,9.91667,10,10,10,99.91667,171,170,5,5,5,5,1,1,1,92.891667
538,7,40,38,39,27,38,40,69,80,68,10,10,10,10,10,10,10,8,10,10,9,8.5,10,100,162,159.5,5,5,5,5,1,0,1,91.64
539,13,40,35.5,40,37,32.5,38,73,80,78,5,9,7,8,6,0,0,8,0,0,0,0,0,43,129,0,5,0,0,0,1,1,0,36.65
540,19,40,39,38,33.5,28,40,33,79,63,10,10,10,10,7.75,10,10,10,9,10,10,10,10,100,179,182.5,5,5,5,5,1,1,1,96.7
541,25,40,38,39,40,39.5,40,79,78,69,10,8,8,10,8,9.75,10,10,9,10,9,9.5,8,95.25,162,160.5,5,5,5,5,1,1,0,80.975
542,13,40,39.5,40,39,39,21,69,61,71,10,10,10,10,10,10,10,6,10,10,9,9,10,100,172,148.5,0,5,5,5,1,1,1,90.95
543,7,40,36,40,38.5,37,40,0,78,79,10,8,10,10,10,8,0,8,9.5,10,10,8.5,9.5,95.5,156,140,5,0,5,5,1,1,0,72.65
544,25,34,36,38,20,32,37,59,60,50,10,10,10,10,9.5,10,10,1.75,8,8,10,8,0,95.5,175,152.5,5,0,0,5,1,0,0,87.5
545,13,40,0,39,21,20,0,56,43,58,10,10,10,10,10,6,10,9.25,10,8,8,10,8,97.25,159,142,5,5,5,5,1,1,1,85.85
546,19,40,38,34,26,31,35,68,72,57,10,8,10,10,10,10,10,10,8,10,8,10,10,100,169,166.5,5,5,5,0,1,1,1,90.85
547,13,40,40,35,28,37,40,78,78,58,10,10,10,9,9,9.5,10,9,10,10,9,8.75,9,96.5,153,150.5,5,5,5,5,1,1,1,81.15
548,1,40,0,37,32,39,0,58,0,0,10,10,10,10,9.5,9.5,10,10,10,10,8,8,10,99.5,159,155.5,5,5,5,5,1,1,1,90.55
549,1,37,39,36,29,38,16,78,67,29,10,10,9,9,7.125,8.25,10,7.75,7.5,10,9,8,8,91.25,141,95,5,5,5,5,1,1,1,70.575
550,19,37,0,0,0,0,0,0,0,0,5,8.75,8.875,10,9,2,10,10,7.5,0,8,10,10,92.125,155,171,5,0,5,5,1,1,1,76.4125
551,1,35,34.5,36,33,34.75,35,70.5,68,67,10,8,8,6,6,9.125,8,8,10,8,9,8,0,86.125,149,136,0,0,0,5,0,1,0,76.3125
552,1,0,23.5,22,24,30.5,27,76,66,7,10,10,10,10,10,10,10,9,10,10,9,2,10,100,165,125,5,0,5,5,1,1,1,76.725
553,19,34,40,39.5,39,38.5,38,80,69,54,10,10,9,9,9,10,10,9.5,9.5,10,10,8,10,98,166,136,5,5,5,5,1,1,1,87.1
554,25,40,40,39,38,31.75,39,80,80,69,10,10,7,9,9,8,10,10,10,10,10,10,8,98,115,149,0,5,5,5,1,1,0,72.7
555,19,38,40,39,32,40,35,73,72,60,10,10,8,10,10,10,10,8,10,8,10,9,8,97,187,160.5,0,5,0,0,1,1,0,92.5
556,13,40,40,39,36.5,30,40,72,80,69,10,10,10,8,9,10,10,9,10,10,10,10,10,100,167,117.5,5,5,5,5,1,1,1,83.2
557,19,38,39,35,35.5,32,37,47,75,46,10,10,9.625,8,9.75,10,10,7,9.5,10,10,8,10,98.875,164,160,5,5,5,5,1,1,1,85.1875
558,25,40,40,36,37.5,40,39,80,0,72,10,10,10,1.5,10,10,10,10,10,10,10,10,10,100,186,183.5,5,5,5,5,1,1,1,97.95
559,7,38,36,38,34,32.5,32,61,75,58,10,10,10,9,10,8,8,7.5,7,6,10,8,9.5,92.5,105,112.5,5,5,5,5,1,1,1,62.9
560,25,39.5,36,38,36,39,31,72.5,75,71,10,10,10,10,10,9.75,10,10,10,10,10,10,10,100,175,161.5,5,5,5,5,1,1,1,92.5
561,7,40,38,40,36,29,39,51,0,55,10,9,9,8,9,7.5,10,8,8,8,10,10,10,93,155,153.5,5,5,5,5,0,1,0,85.05
562,7,40,40,40,39,40,39,77,80,80,10,10,8,9.92857,10,10,10,10,8,2,10,9.5,2,97.42857,161,152,5,0,0,5,0,0,1,81.842857
563,1,40,39,0,36,40,38,80,70,75,10,10,10,10,9.5,9.75,10,8,8.5,9.91667,10,10,10,99.66667,163,151,5,0,5,0,1,1,0,88.366667
564,19,40,39.5,37.75,34,24,24.5,68,58,0,5,8,10,10,10,8,10,10,8,10,0,0,0,89,155,150,0,5,5,5,1,1,0,83.85
565,7,37,39,36,27,32.5,23.5,53,55,23,10,10,10,10,8,8,10,8,8,10,8,9.5,9,94.5,152,155,0,0,5,0,0,1,0,85.4
566,25,0,0,39,37,40,28,70,73,63,10,2,10,0,6,6,10,0,6,8,0,0,0,58,127,103.5,0,0,5,0,0,1,0,53.55
567,7,15,36.5,37.5,30.5,23,23.5,68.5,75,64,10,7,10,10,7,10,10,9.5,9,8,10,2,10,96.5,184,160,5,5,5,5,1,1,0,92.5
568,1,39,39,36,35.5,34,36,79,75,68,5,10,8,10,9.5,0,10,10,8,8,10,7,0,90.5,0,161,0,5,0,5,1,0,0,72.6
569,25,35,40,19,30,26,27,47,30,22,10,10,10,10,9,9.25,10,10,10,10,10,9.25,10,100,156,128.5,5,5,5,5,1,1,1,86.1
570,25,40,38,40,29,35,38,77,68,80,10,10,10,10,7.5,1.75,10,9.75,10,10,9,7,8,96.75,129,168,5,5,5,5,1,1,1,88.94
571,1,0,0,0,0,0,0,0,0,0,5,2,10,10,9.5,10,10,8,10,8,10,10,7,95.5,177,167.5,0,0,0,5,1,1,0,88.975
572,13,38,39,37,36,40,39,78,80,64,10,10,8,10,8.5,2,10,9,8,0,0,1.5,0,77,148,0,5,5,0,0,1,1,0,50.8
573,19,33,39,40,37,39,36,77,77,63,10,10,10,10,10,9.625,10,10,9.5,8,9.5,9.625,10,99.25,142,120,5,5,5,5,1,0,1,83.225
574,1,39,40,25,27,38,28,63,49,66,10,8,9.625,10,8,8,10,8,10,10,8,9.25,0,92.875,180,151,0,5,0,0,1,1,0,87.5375
575,13,32,36.5,39,33.5,40,40,73,62,62,10,10,10,2,10,10,10,10,1.5,9.75,10,9.75,10,99.75,182,168.5,5,5,5,5,1,1,1,89.925
576,13,37,39,38,31,40,38,76,80,79,10,10,10,7.71429,8,8.625,10,9,9,9.75,8.5,9,9,94.375,143,128,5,5,0,5,1,1,1,72.7625
577,25,35.5,38,29.5,30.5,26,32,5,40,7,10,8,10,10,1.5,8,0,10,1.5,8,8,0,9,82.5,155,97,0,0,0,5,1,0,0,56.9
578,1,36,39,39,38,39,30,75.5,80,42,10,10,10,8,8,8,10,1.5,8,10,2,8,2,90,155,105,5,5,0,5,0,1,0,76.3
579,25,16.5,14,36.8,26,22.25,31,51,64,52,10,10,10,10,10,10,10,10,10,8,10,2,10,100,177,175.5,5,5,5,5,1,0,1,95.225
580,25,40,38,33,34,31,36,79,62,65,10,10,9,8.5,8.75,10,0,9,6,10,9,9,10,94.75,124,96,5,5,0,5,1,1,0,64.55
581,13,39,38,38,39,40,39,69,80,73,5,8,10,10,8,10,10,10,10,10,10,10,2,98,175,153,5,5,5,5,1,0,1,92.6
582,19,37,38,39,38,39,39,77,69,79,10,10,7.25,8,9.25,10,10,6,9.5,8,8,8.5,8,91.25,142,113,5,5,5,5,1,1,1,71.175
583,7,39,33,31,26.5,33,29,73,62,24,10,9.75,10,10,8,8,10,8,8,8,8,8,10,91.75,149,174,5,5,5,0,1,1,1,90.675
584,19,37,40,40,38,40,40,78,80,72,10,10,10,10,10,10,10,10,9.5,10,10,9,10,100,167,182.5,5,0,5,5,1,1,1,91.85
585,13,40,39,40,0,36,28,78,78,56,10,10,8,10,9.5,10,10,10,10,0,10,0,0,97.5,149,120.5,5,5,0,5,0,0,1,72.45
586,1,40,35,38,34,33,34,59,33,34,10,10,10,10,10,10,10,10,10,8,9,8.5,10,100,190,173,5,5,5,5,1,1,1,94.8
587,25,40,19.5,0,7.5,9,15.5,37.5,25,25,0,6,9.75,10,8,8,8,6,7.5,9.41667,7,8.5,8,84.16667,160,101,5,5,5,0,0,1,0,61.116667
588,1,38,36,38,34,33,0,73,67,54,5,8,10,8,8,9.625,10,8,10,8,9.5,0.75,1,89.125,134,102,5,5,0,5,1,0,1,66.9625
589,25,36,34.5,27.75,20.5,23.25,21,64.5,48,47,10,10,9.75,8,10,9,10,8,8.5,10,9,10,0,96.25,145,134.5,5,5,5,5,1,1,1,83.675
590,1,40,37,37,31,33,0,74,0,0,10,8,10,10,10,10,10,9.5,10,9.83333,8,10,2,99.33333,174,121.5,5,5,5,5,1,1,1,85.833333
