date,Vancouver,Portland,SanFrancisco,Seattle,LosAngeles,SanDiego,LasVegas,Phoenix,Albuquerque,SanAntonio,Dallas,Houston,KansasCity,SaintLouis,Chicago,Nashville,Indianapolis,Atlanta,Denver,Minneapolis,Detroit,Jacksonville,Charlotte,Miami,Pittsburgh,Toronto,Philadelphia,NewYork,Montreal,Boston,Beersheba,TelAvivDistrict,Eilat,Haifa,Nahariyya,Jerusalem
201301010000,86.67,60,58,75,47.79,62,42,53,30,76.68,42,70,35,69,69.31,55,68,55,15,65,67,61,37,63,23,76,45,40,22,59,73,87,58,68,68,84
201301010100,86.67,69,62,80,47.79,57,42,61,32,76.68,45,76,35,69,64,64,73,64,20,22,53,86,62,71,73,66,65,42,34,65,79,73,82,63,70,73
201301010200,86.67,69,70,86,43,76,52,70,34,57,45,76,35,69,69,76.11,79,76.03,80,77,63,80,93,58,69,34,91,87,34,87,71,44,20,58,58,53
201301010300,86,69,70,75.71,47.79,62,52,75,34,66,45,76,44,80,69.31,80,73,86,18,36,58,82,63,74,75,68,64,57,42,70,87,65,85,81,81,86
201301010400,86.67,74,70,75.71,53,71,52,81,47,93,45,81,44,80,68,86,79,80,16,73,37,43,77,94,68,74,27,51,46,79,34,55,30,52,52,48
201301010500,86.67,75,70,86,46,76,48,75,55,93,45,81,47,74,68,86,79,86,34,91,82,95,98,38,79,83,64,67,49,67,73,86,80,64,64,86
201301010600,86.67,77,73,71,64,90,61,91,44.15,95,55,81,51,69,69.31,86,80.84,76.03,36,92,63,69,70,61,53,63,37,43,49,46,79,82,59,73,73,88
201301010700,86.67,80,68.76,93,47.79,81,45,81,64,100,48,81,47,59,68,92,79,92,51.39,85,63,64,70,61,58,63,37,61.65,50,46,75,82,51,73,73,88
201301010800,86.67,79.93,68.76,93,52,75,38,81,64,93,48,81,47,55,69.31,86,74,92,66,92,92,61,68,88,73,78.08,50,50,52,63,55,82,42,78,78,77
201301010900,86.67,80,61,75.71,49,75,38,87,64,93,60,87,47,55,69.31,86,74,86,36,85,79,62,48,78,74,74,47,48,52,69.07,72,78,39,78,78,77
201301011000,86.67,74,65,86,45,75,38,87,69,93,80,87,47,55,69,86,79,86,27,79,80,58,39,69,74,69,44,44,52,44,81,82,40,78,78,77
201301011100,86.67,74,70,75.71,70,75,38,81,92,87,86,93,51,59,64,76.11,79,86,25,73,74,58,34,61,68,74,41,41,52,41,74,79,42,78,78,77
201301011200,86.67,74,75,80,70,75,38,81,44.15,93,93,87,51,59,55,74,79,92,25,67,69,55,31,65,59,69,41,41,52,41,65,76,48,76,76,81
201301011300,86,74,75,92,75,81,38,100,44.15,93,86,87,51,55,59,76.11,80.84,92,23,62,69,59,34,69,59,69,38,38,52,38,73,76,49,76,76,81
201301011400,86.67,80,69,75.71,86,81,40,100,100,100,86,87,55,64,59,74,80.84,76.03,38,92,85,65,79,94,73,78.08,50,50,53,69,56,77,37,70,70,62
201301011500,86,69,65,86,80,80,40,100,44.15,93,81,87,86,74,64,69,80.84,74,36,85,63,88,66,61,53,63,40,40,54,42,83,87,50,73,73,88
201301011600,86.67,74,74,86,47.79,81,40,100,44.15,93,87,93,86,80,64,64,80.84,48,20,68,59,67,42,65,80,79,45,48,55,44,68,83,55,65,65,71
201301011700,86.67,69,70,86,49,66,32,100,59,93,87,87,63.33,86,64,60,74,42,10,78.32,60,62,39,65,74.67,79,48,39,55,44,69,76,67,65,65,71
201301011800,86.67,64,52,80,47.79,66,28,87,55,93,87,93,86,86,59,56,80.84,37,39,66,46,43,100,64,86,53,56,55,56,40,86,82,79,64,64,86
201301011900,86,69,42,74,54,54,26,70,47,93,93,87,86,86,59,56,100,34,66,85,85,65,59,83,73,78.08,50,51,57,60,61,78,63,78,78,77
201301012000,93,74,46,75.71,47.79,47,24,57,40,87,93,93,86,86,69.31,56,80.84,32,32,85,85,61,55,78,73,74,47,47,57,52,74,93,53,78,78,77
201301012100,93,74,40,80,33,47,22,46,35,93,87,93,86,71.73,69.31,56,80.84,32,55,62,64,59,34,65,59,69,41,38,57,38,72,87,51,76,76,81
201301012200,93,74,34,75,35,44,21,40,32,93,87,93,63.33,71.73,68,65,80.84,37,23,78,74,93,81,57,63,79,34,46,59,32,71,63,39,54,54,54
201301012300,93,80,34,75,41,35,22,40,29,87,87,93,86,71.73,68,80,80.84,40,13,72,68,87,75,51,58,79,34,61.65,59,27,70,67,54,58,58,65
201301020000,86,80,43,75,50,41,22,28,34,93,87,93,86,71.73,68,76.11,80.84,43,92,100,93,53,93,63,93,86,61,75,59,60,63,81,37,61,61,65
201301020100,86.67,80,40,75.71,54,43,28,32,40,93,93,93,79,71.73,68,76.11,80.84,46,47,61,54,44,88,57,64,68,58,54,59,44,55,61,50,57,57,61
201301020200,86,74,57,69,66,47,28,41.42,54,93,93,94,79,71.73,68,75,80.84,46,52,61,54,44,88,61,59,78.08,58,50,59,35,47,70,57,57,57,61
201301020300,86.67,69,61,75.71,66,54,35,48,63,93,93,94,79,86,68,75,80.84,76.03,47,61,63,68,88,64,64,74,54,50,59,69.07,51,70,35,57,57,61
201301020400,86,74,66,75.71,70,62,40,48,44.15,93,87,94,79,71.73,62,75,80.84,57,73,84,53,52,93,57,74.67,53,60,60,60,47,68,68,38,50,50,60
201301020500,86,86,66,75.71,76,57,40,52,63,93,87,88,73,71.73,62,75,100,61,30,78,46,43,93,64,80,53,56,48,60,46,88,93,58,64,64,86
201301020600,86.67,86,75,80,75,53,43,60,63,93,87,88,73,71.73,62,93,100,65,19,68,69,76,69,88,80,79,74,64,60,100,67.62,63,55,70,70,63
201301020700,86.67,92,75,80,75,57,47,64,68,93,81,88,79,92,57,93,100,75,58.39,74,69,70,74,88,80,79,74,64,60,92,67.62,51,51,70,70,63
201301020800,86.67,92,75,75.71,75,57,32.22,69,68,100,75,94,85,86,57,93,92,75,39,74,69,70,69,88,80,79,69,64,60,92,67.62,85,45,65,65,71
201301020900,86.67,92,81,75.71,65,61,54,64,68,93,75,94,73,79,62,100,92,75,24,74,64,70,64,83,80,79,60,60,60,69,67.62,71,55,65,65,71
201301021000,86.67,100,81,75.71,70,61,54,74,73,93,81,93,73,79,62,93,92,75,26,74,59,76,45,74,80,73,52,52,60,55,71,67,71,65,65,71
201301021100,86.67,92,81,75.71,70,57,58,74,79,81,81,88,72,79,61,93,86,75,60,61,54,44,93,57,60,68,62,58,60,51,57,54,50,57,57,61
201301021200,86.67,100,81,92,65,57,58,74,73,81,81,93,72,79,61,93,92,75,85,77,73,87,49,60,100,68,60,55,61,59,54,72,42,47,47,39
201301021300,86.67,92,75,92,65,65,54,41.42,85,87,81,93,72,73,61,93,86,76,57,71,49,46,93,57,74.67,53,56,64,61,43,61,77,55,50,50,60
201301021400,86.67,92,65,80,65,61,58,41.42,79,93,81,93,72,73,61,100,85,93,49,65,49,43,100,57,86,53,56,59,61,40,85,77,58,64,64,86
201301021500,86.67,92,65,86,70,65,50,41.42,73,87,81,87,67,79,52,93,86,100,29,62,69,63,42,65,59,80,51,41,61,50,59,93,61,76,76,81
201301021600,92,92,65,86,61,57,54,74,62,93,81,93,61,79,48,93,79,100,19,73,64,81,86,88,80,79,69,64,61,92,67.62,51,42,70,70,63
201301021700,92,100,70,86,57,50,47,60,53,87,80,87,62,79,57,93,74,100,85,84,63,81,42,64,74.67,58,56,56,62,55,66,52,53,47,47,39
201301021800,100,100,65,80,47.79,52.47,34,56,50,76,75,87,57,68,53,93,74,100,62,85,85,65,73,88,73,80,50,50,62,69,70,76,40,70,70,62
201301021900,100,92,65,69,35,41,32,49,44.15,76,75,87,57,73,38,93,79,100,50,85,68,88,70,69,57,73,64.53,47,64,45,80,81,81,73,73,88
201301022000,86.67,86,66,60,35,35,27,46,40,76,70,76,57,73,32,93,79,100,42,85,68,93,75,78,62,73,64.53,61.65,64,57,80,87,54,73,73,88
201301022100,86.67,64,57,56,28,41,24,33,37,75,70,76,53,68,30,93,79,100,44,92,67,82,81,61,67,92,46,63,64,40,74,67,39,54,54,54
201301022200,86.67,64,57,75.71,23,33,20,37,37,70,68.56,76,45,68,32,93,79,100,27,85,63,82,81,57,63,86,64.53,54,64,37,75,67,69,54,54,54
201301022300,86.67,60,53,56,21,41,20,37,40,75,69,76,49,62,44,86,85,100,32,74,56,93,76,83,69,52,70,57,64,69.07,79,75,71,63,63,73
201301030000,86.67,64,54,60,21,44,20,37,44.15,81,69,76,57,62,48,86,85,100,32,79,56,88,76,83,69,48,70,57,64,24,79,73,54.87,63,63,73
201301030100,86.67,59,53,69,24,44,24,40,42,81,69,76,53,62,48,93,85,100,100,100,87,41,100,65,93,86,70,80,64,64,65,81,39,57,57,67
201301030200,86.67,59,57,69,34,41,26,49,46,81,69,76,62,73,56,93,85,100,73,100,72,44,93,73,93,93,87,80,64,95,65,81,69,57,57,67
201301030300,92,55,61,69,32,52.47,29,52,49,80,69,81,62,62,56,93,85,93,79,100,76,53,100,73,95,93,93,93,64,93,65,81,39,57,57,67
201301030400,86.67,55,65,69,40,52.47,27,45,49,80,69,76,67,58,56,76.11,85,93,78,83,63,87,57,68,92,58,69,60,65,64,59,64,35,50,50,60
201301030500,86.67,79.93,93,80,49,33,29,41.42,61,80,80,77,72,80,72,86,78,100,72,91,58,68,81,60,92,53,60,60,65,44,76,68,37,50,50,60
201301030600,34,34,77,79,42,35,37,24,69,67,80,82,82,84,71,87,83,97,28,78,53,43,93,64,86,45,64,51,65,46,90,86,100,64,64,86
201301030700,68,69,61,78,36,38,46,48,77,55,80,88,92,89,70,88,89,95,28,85,53,52,93,69,86,48,64,47,65,42,94,87,100,64,64,86
201301030800,68,69,61,78,36,38,46,48,77,55,80,88,92,89,70,88,89,95,25,78,62,59,93,73,79,44,55,47,65,46,91,87,62,64,64,86
201301030900,68,69,61,78,36,38,46,48,77,55,80,88,92,89,70,88,89,95,32,78,62,59,100,73,73,48,64,43,65,49,99,87,100,64,64,86
201301031000,68,69,61,78,36,38,46,48,77,55,80,88,92,89,70,88,89,95,52,85,67,72,100,77,73,73,55,50,65,49,82,93,71,64,64,86
201301031100,68,69,61,78,36,38,46,48,77,55,80,88,92,89,70,88,89,95,11,72,74,82,75,54,74.67,68,37,40,65,25,62,76,77,58,58,65
201301031200,68,69,61,78,36,38,46,48,77,55,80,88,92,89,70,88,89,95,10,61,72.91,87,75,54,74.67,74,40,40,65,25,51,71,58,58,58,65
201301031300,65,73,66,66,32,34,47,48,79,53,75,78,90,78,67,82,82,83,9,66,72.91,93,75,61,58,74,47,40,65,34,56,76,54.87,58,58,65
201301031400,82,66,73,83,43,43,42,39,78,63,83,76,74,72,59,84,83,82,42,79,64,76,56,83,80,73,56,52,65,60,67.62,76,67,65,65,71
201301031500,92,59,80,86,69,52,37,30,78,74,69,75,79,67,52,86,85,81,72,77,63,87,49,60,100,58,60,56,66,59,53,77,43,47,47,39
201301031600,92,64,80,86,47.79,45,34,33,67,64,80,75,68,73,44,86,85,81,85,83,68,93,73.78,60,100,62,69,55,66,59,53,68,42,47,47,39
201301031700,92,55,70,86,43,37,29,23,57,64,74,70,68,62,44,79,66,75,79,84,49,49,93,53,74.67,57,56,60,66,43,61,72,39,50,50,60
201301031800,86.67,55,70,80,30,47,26,20,53,56,69,70,63.33,62,45,76.11,61,75,40,67,74,67,45,73,59,78.08,47,48,66,73,75,87,74,76,76,81
201301031900,93,51,61,69,25,30,24,19,45,52,60,75,59,53,39,69,52,75,29,73,80,76,80,94,80,79,64,60,66,86,67.62,67,42,70,70,63
201301032000,80,48,53,48,17,21,22,17,39,56,60,75,59,58,39,64,48,75,11,69,64,59,37,61,69,80,45,39,66,41,74,77,67,68,68,84
201301032100,75,52,57,42,18,16,22,16,31,56,60,70,59,54,39,69,53,75,85,77,68,87,45,64,100,54,64,56,67,55,53,68,45,47,47,39
201301032200,75,52,50,42,23,23,21,14,29,52,60,75,59,50,46,69,53,81,42,87,73,90,78,83,64,71,75,49,67,48,79,85,50,63,81,73
201301032300,75,79.93,68.76,42,38,13,21,41.42,44.15,56,71,81,63.33,62,69.31,76.11,48,86,65,63,56,54,96,55,62,34,66,67,67,63,56,50,45,58,58,57
201301040000,80,51,58,39,27,38,21,15,29,65,64,75,63.33,43,57,80,44,80,72,85,86,70,68,94,68,78.08,68,50,68,60,55,72,42,70,70,62
201301040100,86,55,57,44,47.79,41,23,24,36,69,64,70,63,78,62,74,62,80,26,100,93,93,93,78,56,78.08,60,59,68,68,55,66,57,73,73,58
201301040200,86.67,55,81,47,50,50,23,25,46,74,69,70,63,85,62,80,67,86,37,100,93,93,100,73,52,80,69,59,68,85,55,66,45,73,73,58
201301040300,86.67,55,66,44,57,62,24,27,48,86,74,70,68,46,62,79,72,86,40,100,93,89,93,65,75,80,69,55,68,80,63,47,23,61,61,65
201301040400,86.67,55,70,41,62,58,26,39,48,60,80,70,68,58,67,86,72,86,51,100,93,77,100,61,75,86,65,64,68,59,63,62,27,61,61,65
201301040500,86.67,55,65,55,61,62,30,45,56,56,74,70,68,62,67,79,72,86,53,92,73,93,70,78,62,73,50,50,69,57,74,87,67,73,73,88
201301040600,86.67,55,75,50,47.79,61,32,36,61,60,86,70,74,73,67,86,78,86,31,92,80,82,80,78,85,74,80,64,69,60,64,87,34,90,90,77
201301040700,92,55,70,47,47.79,61,43,48,61,76.68,86,70,74,73,67,86,66,86,19,80,64,77,50,78,48,64,64.53,49,69,45,67.62,71,32,90,90,77
201301040800,86,55,70,75.71,65,61,37,55,61,74,68.56,70,79,72,62,86,78,86,19,80,60,77,53,83,52,64,64.53,45,69,45,67.62,71,37,67,67,91
201301040900,92,55,70,75.71,70,61,32,48,61,74,86,70,73,78,68,86,72,86,19,80.32,60,72,50,74,52,64,64.53,45,69,45,67.62,76,32,67,67,91
201301041000,100,59,80,63,47.79,52,34,18,72,74,80,70,85,63,68,92,56,86,41,74,48,87,71,78,74.67,52,75,57,69,65,79,68,71,63,63,73
201301041100,92,55,80,63,47.79,56,32.22,19,62,74,86,75,79,73,73,86,61,80,63.39,73,69,100,87,73,69,51,58,45,69,48,92,81,54.87,49,49,70
201301041200,100,59,75,63,47.79,56,46,24,62,74,80,79.58,79,85,73,86,61,86,64.39,85,80,93,100,78,69,69,59,48,69,44,92,76,43,49,49,70
201301041300,92,59,86,68,69,60,46,30,62,74,86,65,85,79,74,86,66,86,40,79,80,100,100,73,80,64,59,48,69,41,92,71,71,49,49,70
201301041400,92,55,86,73,69,56,32.22,38,61,69,80,69,79,85,79,86,72,86,58,74,80,93,87,69,80,69,48,48,69,48,92,81,30,49,49,70
201301041500,92,55,80,73,65,56,46,24,66,64,74,60,79,79,74,80,67,80,43,69,74,73,55,54,74,52,42,39,69,58,86,81,35,56,56,81
201301041600,92,59,75,68,60,49,40,24,53,60,64,79.58,80,74,68,64,73,76.03,40,64,60,65,52,58,74,48,42,64,69,58,86,86,54.87,56,56,81
201301041700,92,55,70,59,32,40,32,21,49,60,52,79.58,69,68,63,51,73,76.03,38,57,56,57,46,61,71,56,39,36,69,58,86,81,54.87,60,60,84
201301041800,86.67,55,70,47,18,37,26,17,42,52,42,79.58,64,69,68,48,74,76.03,40,51,52,60,47,64,69,65,37,34,69,58,85,87,54.87,64,64,86
201301041900,86.67,51,61,38,15,19,20,14,42,52,39,40,64,59,68,41,74,56,38,51,56,60,49,65,64,65,37,39,69,57,85,87,54.87,64,64,86
201301042000,75,48,70,36,13,16,18,13,44.15,56,37,37,59,55,68,39,79,52,38,53,60,66,50,69,60,69,37,42,69,63,85,84,50,64,64,86
201301042100,80,48,66,48,13,11,16,12,40,56,37,34,55,51,68,36,74,56,38,77,43,73,73,73,62,74,72,45,69,85,85,81,77,82,82,93
201301042200,86.67,51,62,36,11,22,12,12,44.15,52,39,37,55,55,63,33,79,56,40,59,72.91,77,52,73,64,80,45,45,69,75,85,81,54,64,64,86
201301042300,86.67,48,62,36,12,16,11,13,47,56,42,43,59,59,63,41,79,65,31,85.32,80,90,54,73,64,74,45,51,69,93,85,81,54,64,64,86
201301050000,86.67,51,62,56,16,17,15,13,50,60,45,43,59,71.73,63,47,74,64,65.39,100,82,42,100,67,100,86,82,83,69,64,65,81,54.87,57,57,67
201301050100,86.67,51,71,41,21,44,22,14,58,60,45,43,63.33,64,68,55,79,69,74,100,77,44,93,65,93,93,70,86,69,64,65,81,57,57,57,67
201301050200,86.67,59,62,38,29,44,13,15,53,60,48,43,63,69,63,59,86,69,84,77,63,88,93,60,74,78.08,100,93,69,93,61,49,54.87,58,58,53
201301050300,86.67,64,66,56,37,30,23,16,62,60,52,53,63,69,73,64,86,74,45,92,74,93,70,78,62,73,46,50,70,57,75,87,76,73,73,88
201301050400,86.67,69,70,74,46,44,27,18,61,60,52,53,68,80,79,74,80,69,78,83,68,82,61,56,92,57,64,60,71,64,56,63,36,50,50,60
201301050500,86.67,80,71,86,66,40,43,19,56,60,52,61,73,79,79,69,74,74,32,85,62,68,100,73,79,57,64,61.65,71,53,88,87,100,64,64,86
201301050600,24,82,78,89,57,45,39,30,56,68,64,60,75,76,84,69,74,72,29,85,62,68,100,73,73,67,55,50,71,53,99,93,71,64,64,86
201301050700,97,89,100,97,35,55,59,63,55,89,95,57,83,63,100,72,79,67,41,92,73,72,93,69,73,73,50,49,71,49,68,55,42,63,63,65
201301050800,96,88,100,98,34,59,59,63,56,90,97,58,83,67,100,71,77,68,50.39,85,58,64,75,61,58,58,34,46,71,46,88,77,42,63,63,65
201301050900,94,87,85,88,38,38,36,44,59,78,68,62,84,74,79,82,83,76,50,85,72.91,76,75,88,64,74,69,51,72,92,79,76,58,76,76,81
201301051000,93,86,81,86,39,34,29,38,61,75,60,65,85,79,72,85,85,80,50,85,93,76,75,88,64,74,69,51,72,85,76,66,51,76,76,81
201301051100,86.67,79.93,93,93,36,21,36,41.42,44.15,93,73,65,92,81,69.31,85,79,76.03,46,85,72.91,81,80,88,69,80,69,51,72,79,73,67,42,79,79,61
201301051200,50,79.93,87,93,38,30,37,20,30,46,64,63,88,77,36,88,82,37,27,79,74,71,56,83,79,74,74,48,73,92,72,93,54,68,68,84
201301051300,100,79.93,81,93,41,39,39,41,61,76.68,56,61,85,73,72,92,85,74,21,92,80,87,86,83,85,80,86,80,73,79,54,72,34,88,88,71
201301051400,100,100,75,87,36,36,45,41,56,100,56,61,85,79,78,85,85,76.03,53,85,86,70,68,88,68,78.08,63,43,74,69.07,58,84,79,70,70,62
201301051500,93,100,75,87,31,31,39,44,60,100,56,61,79,74,72,86,79,59,27,92,72.91,82,70,74,79,74,69,60,74,56,67,87,28,90,90,77
201301051600,86.67,100,75,87,28,36,39,38,56,93,56,61,63.33,68,67,64,79,52,22,79,72.91,77,65,69,69,69,60,52,74,52,74,81,28,90,90,77
201301051700,100,93,65,81,27,23,29,29,48,93,52,57,55,59,63,45,68,42,18,79,74,77,53,65,59,69,56,52,74,48,95,90,30,90,90,77
201301051800,93,93,66,87,16,13,27,27,49,86,56,57,48,55,54,39,68,36,19,74,60,82,54,74,52,69,49,45,74,45,95,76,42,67,67,91
201301051900,100,86,66,87,10,9,22,25,45,93,52,57,51,51,47,39,68,27,18,74,64,82,57,74,52,74,56,49,74,52,99,71,77,67,67,91
201301052000,93,80,62,66,8,16,19,23,39,93,49,61,48,51,44,36,63,25,34,79,64,93,81,78,69,56,69,49,74,45,79,70,54.87,63,63,73
201301052100,100,86,62,71,8,18,18,26,33,93,43,61,48,48,47,33,68,23,37,73,69,96,81,73,69,48,56,49,74,45,79,75,54.87,63,63,73
201301052200,93,80,58,62,10,15,16,22,44.15,93,45,57,48,48,51,36,68,31,29,85,80,100,93,78,69,69,56,48,74,48,92,81,35,49,49,70
201301052300,100,70,58,71,9,13,15,21,26,93,45,53,55,51,55,38,73,36,54,74,86,100,81,61,86,64,55,48,74,41,86,76,54.87,56,56,81
201301060000,93,80,62,76,17,11,15,20,44.15,93,45,57,59,59,69.31,44,68,41,54,84.32,72.91,93,87,57,80,64,48,45,74,41,86,81,50,56,56,81
201301060100,100,74,58,81,26,18,16,20,30,93,45,61,64,68,63,51,68,55,26,74,74,100,59,57,80,55,45,45,74,58,86,81,33,56,56,81
201301060200,93,80,54,81,54,28,20,27,33,93,45,57,69,68,63,74,73,74,43,74,80,82,48,73,64,80,55,45,74,87,85,81,54,64,64,86
201301060300,93,74,62,75,66,47,29,39,35,93,45,79.58,64,79,68,74,79,76.03,47,86,80,88,55,73,60,78.08,48,45,74,87,85,76,54,64,64,86
201301060400,100,74,71,75,71,54,34,39,35,93,49,79.58,64,79,68,74,85,80,37,86,80,88,51,73,62,78.08,48,48,74,93,85,76,54,64,64,86
201301060500,93,69,70,81,66,53,37,39,44.15,93,49,57,64,79,68,79,79,80,28,100,86,93,87,78,52,78.08,64,59,74,92,55,71,65,73,73,58
201301060600,93,69,66,81,66,52.47,40,55,38,93,61,61,55,79,68,79,85,74,32,100,86,93,93,78,56,80,64,59,74,85,55,66,50,73,73,58
201301060700,100,69,70,75,52,45,40,51,38,93,61,70,55,85,73,86,92,74,37,100,93,93,100,73,56,80,69,64,74,79,55,54,22,73,73,58
201301060800,93,69,75,75,52,45,32.22,55,38,93,70,70,55,73,74,79,85,80,40,100,93,87,93,69,70,80,64,64,74,85,55,50,54.87,73,73,58
201301060900,93,69,81,70,42,45,46,59,38,93,65,70,59,73,73,85,85,74,47,100,93,88,100,61,75,86,69,60,74,69,63,54,23,61,61,65
201301061000,100,69,75,75,45,42,46,55,44,93,65,81,64,68,73,85,92,74,78,100,76,73,93,73,100,93,93,93,74,89,65,75,70,57,57,67
201301061100,100,69,81,81,45,48,50,64,52,93,70,81,64,79,79,85,92,74,71,65,58,64,100,54,64,78.08,71,76,74,76,56,60,41,58,58,53
201301061200,100,69,81,81,52,52,50,64,48,93,80,81,64,79,79,79,92,79,44,78,57,93,81,88,72,85,50,58,75,50,31,63,63,52,52,48
201301061300,100,69,81,70,52,52,46,69,56,93,86,87,64,79,79,85,92,74,40,78,57,93,81,88,78,92,58,63,75,50,27,59,59,52,52,48
201301061400,93,69,81,70,45,56,46,59,52,93,80,93,69,74,73,86,92,69,40,85,62,87,81,78,78,92,58,63,75,50,57,68,33,54,54,54
201301061500,100,69,87,75,42,48,46,41.42,48,86,80,93,69,69,73,86,92,64,20,81,77,75,53,65,63,82,53,55,75,65,87,82,82,84,84,92
201301061600,100,69,87,70,45,42,42,48,45,81,75,93,64,64,68,69,86,59,66,92,73,88,70,78,62,79,46,54,76,48,79,87,58,73,73,88
201301061700,100,64,81,65,37,39,29,41,38,81,70,87,64,55,59,56,69,48,44,85,79,93,81,83,67,92,54,58,76,51,49,63,76,52,52,48
201301061800,86,69,81,65,24,40,25,34,33,81,65,87,65,60,59,45,69,45,41,85,79,93,81,83,67,85,54,63,76,50,42,55,74,52,52,48
201301061900,81,74,81,65,17,33,26,29,44.15,61,61,87,60,56,59,45,59,42,37,85,67,93,87,88,67,85,54,58,76,50,31,63,72,52,52,48
201301062000,81,74,76,65,15,26,20,28,26,62,57,87,60,52,59,42,69,42,51,92,62,87,81,73,67,86,50,63,76,43,67,67,34,54,54,54
201301062100,75,69,81,70,12,29,18,24,24,54,53,93,56,52,86,42,80,39,9,72,72.91,93,75,69,58,74,64.53,61.65,77,52,67,81,50,58,58,65
201301062200,75,69,76,70,14,41,18,23,23,50,53,93,56,56,86,48,86,42,10,78,72.91,87,86,78,63,86,64.53,61.65,77,72,57,76,70,58,58,65
201301062300,86,79.93,45,81,27,26,18,41.42,44.15,50,70,93,56,59,69.31,48,80.84,52,18,85,74,87,86,78,68,86,63,43,77,61,56,81,79,58,58,65
201301070000,93,69,76,65,28,54,18,21,21,87,61,93,65,64,86,52,86,49,23,78,72.91,87,73.78,83,68,80,68,47,77,72,65,71,71,58,58,65
201301070100,93,74,81,65,35,62,19,26,24,86,65,93,65,60,86,48,80.84,52,46,73,73,49,48,56,79,80,44,61.65,78,45,83,87,67,70,70,90
201301070200,93,80,81,75.71,40,62,19,32,29,93,66,93,64,69,80,48,86,70,53,85,79,66,55,63,79,74,63,54,78,49,83,87,90,70,70,90
201301070300,87,74,81,75.71,43,66,20,37,44.15,93,75,93,64,60,80,52,80,70,67,85,79,70,79,63,79,79,68,54,78,53,80,79,81,70,70,90
201301070400,93,74,87,65,57,66,26,42,36,76.68,75,93,64,52,69.31,56,80,81,62,78,79,70,80,68,85,79,59,46,78,53,56,55,65,54,54,42
201301070500,93,74,87,75,71,71,32,45,37,76.68,80,93,63.33,56,69.31,56,80,81,62,85,79,75,86,60,92,79,63,46,78,62,30,55,55,54,54,42
201301070600,93,74,81,87,76,71,37,45,37,76.68,80,93,63.33,74,69.31,56,80,81,52.39,78,68,88,70,72.54,57,73,64.53,61.65,78,52,76,81,67,73,73,88
201301070700,93,80,76,87,76,76,37,45,40,100,86,93,68,65,80,56,86,75,25,85,72.91,87,73.78,78,68,80,64.53,43,78,57,58,81,59,58,58,65
201301070800,86,80,81,87,66,76,40,56,47,100,68.56,93,68,65,74,60,74,75,44,79,72.91,87,92,94,73,74,55,55,78,78,27,63,68,46,46,37
201301070900,93,80,93,87,62,71,47,60,53,100,80,93,68,69,80,60,80,75,57.39,73,74,67,45,78,59,80,51,48,78,73,66,71,74,76,76,81
201301071000,86,93,87,81,57,66,43,60,53,92,68.56,93,73,69,80,65,80,75,50,78,86,76,70,83,64,74,64,48,78,92,82,73,58,76,76,81
201301071100,86,79.93,87,86,87,76,43,56,52,76.68,68.56,93,73,74,69.31,76.11,80,75,57,85,72.91,82,75,88,64,74,64,51,78,85,75,76,54,76,76,81
201301071200,86,93,87,86,93,70,43,52,66,76.68,68.56,93,68,74,74,76.11,80,75,53,78,72.91,76,75,88,69,74,86,55,78,85,58,83,42,79,79,61
201301071300,93,93,87,86,93,61,43,48,56,76.68,74,87,73,69,73,76.11,80,81,29,78,80,81,74,88,74,79,52,52,78,86,89,82,70,76,76,62
201301071400,86,79.93,81,81,93,53,37,64,61,76.68,69,81,73,71.73,73,80,80,81,29,73,74,81,80,94,86,79,60,60,78,92,67.62,71,45,70,70,63
201301071500,86,93,87,81,93,76,34,64,57,70,69,87,73,64,73,70,80,81,26,79.32,74,71,45,69,74,74,55,48,78,85,68,87,68,68,68,84
201301071600,86,93,76,81,100,81,34,56,53,52,56,81,63,71.73,73,65,74,81,32,80,74,71,52,83,74,74,69,41,78,79,68,87,54,68,68,84
201301071700,93,93,81,81,93,81,33,49,45,40,45,71,63,71.73,68,61,74,75,21,86,74,71,56,83,79,74,64,48,78,92,72,87,77,68,68,84
201301071800,93,93,81,75,71,76,26,40,39,34,40,66,63.33,69,68,61,79,66,59.39,86,74,82,74,83,85,74,64.53,61.65,78,85,74,87,56,68,68,84
201301071900,86,86,76,81,62,71,22,28,31,28,34,62,51,64,69.31,76.11,86,66,60.39,85,72.91,82,80,88,85,80,64.53,61.65,78,85,66,87,54,68,68,84
201301072000,100,86,76,75,58,58,22,21,27,28,30,58,44,59,59,43,74,66,73,56,69,48,27,53,55,69,51,47,79,59,54,54,72,52,52,55
201301072100,93,93,76,75,58,62,19,23,23,24,28,47,41,55,59,45,73,61,73,56,69,52,34,53,59,74,47,44,79,59,54,66,45,52,52,55
201301072200,93,86,71,75,54,62,21,20,23,26,28,47,41,51,69.31,49,79,65,85,77,72.91,87,45,60,74.67,58,55,52,79,59,67.62,58,71,52,52,55
201301072300,93,86,71,75,58,62,19,18,23,34,30,50,44,59,68,49,79,70,92,77,63,81,45,60,74.67,54,60,60,79,55,78,51,62,47,47,39
201301080000,93,86,66,75,62,58,21,21,25,37,34,58,47,68,68,60,79,70,38,85,72.91,76,80,88,69,86,64.53,51,79,79,53,67,32,79,79,61
201301080100,93,86,71,75,71,71,23,25,27,49,45,62,63.33,63,73,69,79,75,52,85,72.91,76,80,88,69,78.08,64.53,69,79,86,50,67,32,79,79,61
201301080200,86,93,76,75,71,76,28,28,29,52,48,62,55,68,79,69,79,80,51,86,74,76,69,83,85,74,74,55,79,92,71,82,58,68,68,84
201301080300,93,93,81,70,76,71,33,27,31,60,60,70,63,73,73,80,79,86,31,92,40,87,93,85,88,80,83,40,79,78,58,79,37,88,88,71
201301080400,93,93,81,70,76,76,35,37,34,60,69,66,55,79,79,74,79,80,52,75,68,92,90,84,79,94,66,81,79,92,98,100,92,100,100,100
201301080500,93,93,87,75,71,81,32,42,35,69,74,70,63,79,79,74,79,80,27,100,86,88,93,73,54,78.08,52,75,79,93,85,76,100,64,64,86
201301080600,93,93,87,81,71,76,38,42,39,74,74,75,63,85,85,74,85,80,26,100,86,90,93,78,56,78.08,60,55,79,79,85,71,65,64,64,86
201301080700,93,93,87,81,76,81,35,39,44.15,76.68,69,75,63.33,85,85,74,92,76.03,73,56,69,52,34,56,92,69,51,47,80,59,56,76,54,52,52,55
201301080800,93,93,87,87,81,81,41,39,39,92,74,75,63,85,85,79,85,69,55,88,95,87,89,81,82,92,60,82,80,60,65,59,57,63,63,65
201301080900,93,93,93,93,87,81,38,45,42,92,74,75,63,85,85,79,92,74,44,73,20,87,92,95,71,80,55,61,80,83,44,68,42,59,59,53
201301081000,93,93,87,87,75,81,38,48,46,92,74,93,63,92,85,79,92,69,31,62,72.91,76,42,74,68,78.08,47,47,80,47,82,67,32,58,58,59
201301081100,93,93,87,87,75,87,44,56,46,92,86,86,63,85,79,79,100,80,21,80,74,87,57,74,56,78.08,56,52,80,64,67.62,76,61,67,67,91
201301081200,93,87,87,87,47.79,93,41,56,46,92,86,86,63,92,79,79,92,80,47,75,69,91,85,80,82,93,64,79,80,91,96,100,84,100,100,100
201301081300,93,87,93,81,47.79,87,36,69,46,74,68.56,93,63,85,79,79,92,86,85,100,81,77,100,73,100,100,100,93,80,86,65,75,54,57,57,67
201301081400,93,87,87,81,81,87,41,69,42,92,68.56,81,63.33,79,73,79,92,80,85,100,81,81,100,82,100,100,93,93,80,86,65,80,39,57,57,67
201301081500,86,87,87,81,81,70,41,64,42,76.68,69,75,55,79,73,80,92,69,85,100,87,82,93,73,93,100,93,93,80,93,65,61,39,57,57,67
201301081600,93,87,87,81,43,70,36,64,44.15,70,52,70,44,71.73,63,64,85,56,72,66,67,41,64,61,72,87,76,93,80,93,57,66,75,49,49,58
201301081700,86,87,93,81,35,66,31,56,40,76.68,49,71,39,64,69.31,60,80,49,56,38,33,92,94,86,38,94,73,74,81,93,90,90,75,86,86,85
201301081800,93,87,87,93,29,58,23,45,32,53,68.56,66,36,64,55,52,80.84,43,42,65,73,89,77,77,73,89,62,42,81,72,96,100,100,100,100,100
201301081900,93,87,87,81,25,47,17,40,24,53,68.56,66,31,60,51,45,69,32,44,78,57,93,81,88,78,92,53,63,82,55,27,59,33,52,52,48
201301082000,96,92,93,89,25,37,24,27,44,76,50,82,42,51,69,51,73,53,53,58,77,88,90,96,73,100,60,81,82,100,99,97,100,100,100,99
201301082100,93,87,79,77,34,15,13,30,26,53,24,63,36,57,56,43,65,32,47,73,19,87,22,85,73,85,66,58,83,83,75,81,82,68,68,74
201301082200,93,87,76,76,39,52.47,12,26,28,53,37,62,39,56,59,42,64,32,38,67,73,88,73,73,81,89,61,50,83,77,94,100,84,100,100,100
201301082300,100,81,71,76,34,44,10,29,26,50,40,62,42,69,59,52,80.84,37,56,63,72,48,68,61,74,87,78,93,83,93,57,75,57,49,49,58
201301090000,93,76,76,71,29,51,10,30,28,53,43,66,45,64,59,52,80,49,50,73,79,77.85,51,63,73,74,47,54,84,45,83,87,61,70,70,90
201301090100,100,81,76,76,44,54,11,32,44.15,65,49,81,48,69,69,59,74,69,58,73,73,61,59,63,79,78.08,47,54,84,49,84,87,56,70,70,90
201301090200,100,76,81,76,50,50,13,34,42,75,68.56,76,48,71.73,69.31,69,74,69,53,79,79,61,73.78,63,79,74,47,54,84,45,84,87,76,70,70,90
201301090300,93,81,81,76,54,62,16,34,49,70,46,81,48,69,74,80,79,74,23,85,72.91,87,93,78,63,80,68,47,84,61,69,71,59,58,58,65
201301090400,100,87,87,70,54,62,17,39,49,75,49,76,48,86,74,80,79,69,44,78,72.91,87,73.78,83,73,80,68,50,84,78,67,85,85,58,58,65
201301090500,100,87,87,70,58,66,18,45,37,75,49,71,52,86,74,86,74,56,50,57,79,88,91,97,70,100,59,81,84,100,98,98,100,100,100,99
201301090600,93,93,81,70,62,66,19,49,57,87,49,71,56,86,79,86,79,56,29,74,53,93,85,84,83,83,42,77,84,96,100,90,62,90,72,100
201301090700,93,87,87,70,61,66,19,23,44.15,93,68.56,71,60,86,79,86,79,60,62.39,80,26,93,86,83,87,84,21,73,84,100,100,80,81,81,86,100
201301090800,93,93,87,70,66,70,21,42,58,93,57,71,60,92,79,86,79,69,49,29,28,91,87,79,34,92,73,68,84,91,86,85,60,83,83,82
201301090900,93,90,87,72,68,70,21,43,58,93,59,79,64,89,76,86,79,34,24,66,81,80,60,64,70,81,60,46,84,73,87,100,100,81,88,86
201301091000,93,87,87,75,70,70,21,45,58,93,61,87,69,86,74,86,79,76.03,62,78,85,70,92,64,85,79,64.53,46,85,57,37,45,55,54,54,42
201301091100,93,87,93,75,70,70,24,60,53,93,61,87,69,85,74,80,79,75,67,78,79,75,86,64,92,85,63,47,85,62,29,55,45,54,54,42
201301091200,93,93,90,75,70,70,27,62,55,93,65,90,69,88,74,83,82,37,67,72,79,75,80,68,92,79,63,50,85,62,26,56,40,54,54,42
201301091300,93,100,87,76,70,70,31,64,58,93,70,93,69,92,74,86,85,76.03,67,78,74,75,86,63,85,86,63,61.65,85,62,26,50,35,54,54,42
201301091400,93,100,93,81,70,65,33,80,53,93,66,87,64,80,74,92,85,76.03,72,72,72.91,61,64,56,73,86,64.53,61.65,85,63,40,44,35,53,53,44
201301091500,93,93,87,81,70,61,39,74,53,100,70,87,60,74,74,76.11,86,76.03,85,56,69,51,34,53,59,69,55,47,85,59,57,51,45,53,53,44
201301091600,86,87,87,87,65,57,39,69,46,93,70,93,52,60,69.31,61,80.84,57,44,73,74,81,60,78,74,78.08,51,55,85,63,84,77,22,58,58,59
201301091700,86,93,87,81,50,50,34,56,37,93,81,93,45,56,64,50,69,57,49,73,86,76,48,78,64,74,64,48,85,85,67,71,74,76,76,81
201301091800,86,81,81,81,29,44,30,43,34,93,87,87,40,49,55,50,69,57,35,85,72.91,76,80,88,74.67,78.08,64.53,74,85,86,53,59,26,79,79,61
201301091900,93,81,81,87,42,41,30,32,30,93,93,93,37,43,55,44,64,57,25,72,72.91,82,70,74,74,93,86,74,85,69,57,59,42,73,73,59
201301092000,93,81,76,93,34,39,26,24,24,100,87,93,35,40,56,41,56,62,22,67,72.91,77,66,69,64,93,64.53,60,85,81,54,55,64,73,73,59
201301092100,93,81,76,93,47.79,52.47,25,21,19,100,93,93,37,71.73,56,38,56,58,31,72,74,87,87,83,80,78.08,52,45,85,80,62,62,80,76,76,62
201301092200,100,81,76,93,35,39,23,17,21,100,93,93,35,53,52,44,56,58,29,85,80,93,56,88,80,80,48,48,85,86,62,71,36,76,76,62
201301092300,93,76,71,87,45,32,23,17,21,93,93,93,40,61,60,50,64,62,29,85,80,81,60,88,80,80,48,52,85,92,62,79,71,76,76,62
201301100000,86.67,71,66,81,37,67,23,17,24,93,87,93,63.33,71.73,69,53,64,62,29,78,80,76,69,88,74,79,48,52,85,92,62,87,62,76,76,62
201301100100,93,71,76,76,33,77,26,19,30,93,87,93,63.33,61,69,61,64,66,27,85,80,87,80,94,74.67,79,69,56,85,85,81,76,48,70,70,63
201301100200,86.67,91,72,83,68,52.47,32,41,44.15,96,96,93,69,56,69.31,76.11,67,76.03,42,92,72.91,82,69,88,85,80,80,61.65,85,85,65,93,47,88,88,71
201301100300,24,92,79,87,73,21,36,46,16,93,96,91,68,60,25,24,97,22,42,92,72.91,87,100,88,92,80,80,61.65,85,78,63,89,41,88,88,71
201301100400,99,99,100,98,77,84,48,50,71,89,95,97,70,74,94,98,68,94,54,86,72.91,93,86,83,92,93,64.53,69,85,69,81,71,50,72,72,70
201301100500,98,98,100,99,82,84,61,57,69,87,96,97,68,73,97,98,67,93,56,82.32,72.91,93,93,84,74.67,93,80,64,85,92,81,80,50,72,72,70
201301100600,100,85,93,89,74,79,54,46,67,93,95,95,71,82,72,81,72,94,33,61,76,87,66,69,75,85,59,25,85,64,93,100,92,100,100,100
201301100700,98,86,95,93,82,80,73,55,66,88,96,96,67,79,80,84,68,92,26,60,80,82,59,65,70,82,61,23,85,62,79,100,100,63,77,73
201301100800,99,76,91,87,76,76,73,48,64,92,95,94,69,87,60,71,71,93,73,60,69,59,42,56,92,69,55,51,86,74,57,71,61,52,52,55
201301100900,100,71,87,81,76,76,49,52,50,93,87,93,74,87,64,87,80.84,66,67,60,74,63,42,64,92,69,59,44,86,74,55,76,80,52,52,55
201301101000,87,79,87,81,92,84,49,60,50,93,87,93,77,83,100,90,70,66,61,85,73,93,70,78,62,79,50,54,86,52,82,81,76,73,73,88
201301101100,93,88,93,90,93,87,63,60,56,93,90,95,83,80,100,94,72,78,57,92,73,93,70,78,67,85,54,54,86,52,78,81,81,73,73,88
201301101200,92,84,92,88,93,90,54,60,52,91,91,94,81,89,94,90,70,75,41,85,73,87,75,83,67,85,54,58,86,56,61,72,87,73,73,88
201301101300,100,97,100,100,95,92,72,60,60,93,95,97,90,81,96,96,74,90,31,79,74,76,51,83,63,74,59,51,86,63,89,87,66,70,70,80
201301101400,100,98,100,100,95,95,67,60,58,91,96,97,90,87,92,95,72,90,39,79,74,81,47,83,63,74,55,47,86,63,85,93,66,70,70,80
201301101500,100,92,98,93,82,91,66,45,44,93,93,97,92,65,91,95,78,90,55.39,79,74,76,50,88,68,80,55,47,86,58,92,93,66,70,70,80
201301101600,100,94,99,95,87,96,61,50,44,91,96,96,92,79,86,93,74,89,49,85,79,81,63,88,63,78.08,55,47,86,58,83,87,67,70,70,80
201301101700,100,90,98,90,78,94,58,40,32,92,94,96,94,66,84,93,77,89,78,61,67,44,77,57,72,93,71,93,86,93,57,57,50,49,49,58
201301101800,86,87,82,86,55,86,46,23,29,93,93,93,63.33,54,42,93,81,76,61,61,77,56,73,64,77,87,81,100,86,94,57,75,84,49,49,58
201301101900,100,89,76,90,42,82,47,28,32,92,89,94,95,67,81,92,86,72,60,66,77,69,77,66,77,93,87,96,86,100,57,83,69,49,49,58
201301102000,100,92,82,95,40,69,37,26,27,92,85,91,95,81,80,92,91,85,56,71,93,47,60,61,68,81,100,87,86,87,81,81,50,55,55,65
201301102100,100,87,81,79,48,78,39,18,22,86,88,94,53,59,43,93,80,72,84,77,68,88,87,64,80,78.08,100,93,86,100,58,52,29,58,58,53
201301102200,100,87,88,87,52,77,27,15,18,87,87,91,40,61,30,92,80,85,60,68,79,94,84,83,75,84,64,80,87,92,100,97,100,100,89,97
201301102300,100,83,87,75,44,77,28,16,20,82,87,93,46,61,38,93,88,72,43,78,62,87,81,88,78,92,58,63,89,55,45,59,33,54,54,54
201301110000,100,80,81,75,52,82,32,22,26,82,87,88,52,65,44,93,80.84,77,24,75,39,93,84,81,79,86,32,74,89,96,100,81,71,86,71,95
201301110100,86,83,66,70,77,87,34,33,26,93,87,100,59,71.73,47,93,80.84,72,85,63,69,47,79,57,82,93,79,93,89,90,53,53,33,48,48,55
201301110200,80,86,80,75,87,82,35,30,30,93,87,100,52,60,51,93,80.84,77,60,65,79,82,79,69,82,93,90,93,89,93,57,75,57,49,49,58
201301110300,86,86,66,75,87,78,37,33,32,93,87,93,50,64,55,93,80.84,77,69,96,90,76,85,72,92,85,55,65,90,71,63,65,57,63,63,65
201301110400,90,86,79,77,59,67,41,37,46,86,87,91,69,69,59,90,92,88,60,66,79,94,83,82,72,85,64,80,90,91,100,94,100,100,78,94
201301110500,86,86,65,80,76,71,45,46,37,93,87,93,48,65,63,93,86,82,72,66,69,62,45,53,74,78.08,55,50,92,63,87,44,37,53,53,44
201301110600,93,89,65,80,76,76,49,49,40,93,87,93,52,71.73,68,93,92,87,67,66,69,58,37,53,68,64,55,47,92,63,72,55,68,53,53,44
201301110700,93,93,65,80,66,82,39,52,51,93,87,93,52,71.73,68,93,97,87,78,77,72.91,87,49,60,74.67,78.08,52,48,92,59,97,62,71,52,52,55
201301110800,86,93,65,80,81,82,49,49,46,93,87,93,52,71.73,68,96,100,82,53.39,73,72.91,77.85,68,100,68,74,64.53,51,92,80,28,78,37,46,46,37
201301110900,100,93,63,75.71,76,76,52,52,46,93,87,93,48,71.73,74,100,100,82,41,73,74,87,80,83,68,78.08,55,51,92,63,52,72,54.87,58,58,59
201301111000,93,93,61,75.71,73,58,49,52,46,93,87,93,60,71.73,73,93,100,82,41,92,93,82,75,88,69,93,86,80,92,92,52,63,30,79,79,61
201301111100,93,93,61,75.71,71,67,45,39,57,93,90,93,30,65,74,93,80.84,77,12,62,86,67,61,69,64,86,52,52,92,52,54,67,29,73,73,59
201301111200,93,93,65,80,87,71,52,69,49,93,93,87,63.33,70,74,93,80.84,82,10,62,72.91,93,62,74,69,78.08,45,42,92,48,62,62,34,76,76,62
201301111300,100,89,82,75.71,73,76,45,65,53,93,82,93,86,75,74,100,80,87,78,79,87,87,93,78,100,100,100,93,93,93,40,72.55,30,46,46,43
201301111400,93,86,65,75.71,81,93,48,65,53,81,76,85,86,70,64,93,74,82,84,79,93,90,100,83,100,100,93,93,93,93,40,72.55,25,46,46,43
201301111500,100,89,65,75.71,71,87,39,56,53,73,71,87,86,78,64,90,64,82,84,67,87,93,100,82,100,93,93,93,93,93,49,38,27,47,47,51
201301111600,69,93,70,75.71,53,76,37,49,50,66,71,82,86,87,55,87,69,77,70,66,87,100,100,73,100,100,87,93,93,93,49,55,29,47,47,51
201301111700,86.67,90,65,75.71,39,62,43,44,51,54,76,72,85,86,47,82,64,72,80,66,84,88,96,57,100,96,87,93,93,90,49,47,33,47,47,51
201301111800,29,88,68.76,43,26,50,40,34,32,49,65,65,86,91,39,87,69,72,78,66,81,77,93,57,100,93,87,93,93,87,49,54,54.87,47,47,51
201301111900,59,86,53,86,20,47,37,35,30,44,62,59,87,93,36,88,74,72,68,66,71,73,82,62,93,93,87,93,93,87,49,71,50,47,47,51
201301112000,86.67,86,51,80,20,43,35,35,26,43,62,52,93,93,39,82,80,72,71,65,82,93,82,73,87,93,93,93,93,91,57,75,52,49,49,58
201301112100,86.67,86,50,80,32,43,34,35,27,42,64,43,93,93,45,85,80,72,71,65,87,89,88,78,87,93,93,92,93,93,57,75,47,49,49,58
201301112200,86.67,86,51,80,44,43,26,35,28,48,66,44,100,84,52,88,86,70,71,71,93,88,87,73,87,93,93,93,93,93,57,70,65,49,49,58
201301112300,86.67,80,53,80,24,47,21,37,30,54,66,45,100,93,69.31,82,93,68,71,65,93,88,87,78,87,100,93,93,93,93,57,70,80,49,49,58
201301120000,86.67,86,61,80,25,54,30,40,30,67,71,67,100,90,80,82,93,93,77,77,81,93,96,73,77,100,93,96,93,100,37,44,57,46,46,38
201301120100,74,93,77,75.71,31,50,14,46,32,81,71,82,100,87,86,77,93,93,84,77,81,88,100,73,77,100,93,100,93,100,37,44,54.87,46,46,38
201301120200,80,93,65,80,39,50,15,43,34,93,76,88,96,100,86,77,93,93,77,77,87,90,93,73,77,100,93,93,93,100,37,59,54.87,46,46,38
201301120300,86.67,93,68.76,75.71,39,54,16,57,37,93,76,87,93,93,93,77,93,93,84,77,87,88,100,73,82,100,93,96,93,93,37,63,54.87,46,46,38
201301120400,74,93,26,75.71,42,52,20,54,40,86,76,87,93,93,100,77,100,88,84,77,87,87,100,75,82,100,93,100,93,100,37,63,54.87,46,46,38
201301120500,74,93,52,75.71,36,50,22,46,47,89,71,87,87,93,100,77,93,90,84,84,87,88,87,61,72,93,93,96,93,93,49,67,28,47,47,54
201301120600,80,93,56,86,45,46,25,39,41,93,76,81,87,93,100,72,93,93,78,77,81,64,68,57,63,100,93,93,93,93,49,71,31,47,47,54
201301120700,80,93,52,92,45,50,27,36,44,87,71,81,87,87,100,80,93,93,72,84,81,55,64,54,68,100,93,87,93,93,49,76,33,47,47,54
201301120800,79,93,68.76,86,42,43,29,36,48,76,76,87,87,82,100,88,100,93,61,71,87,47,68,54,63,93,100,87,93,87,49,76,54.87,47,47,54
201301120900,79,100,52,75.71,42,43,31,39,49,81,71,81,84,76,93,90,100,93,52,71,87,44,64,51,60,93,93,93,93,93,66,83,43,55,55,65
201301121000,74,79.93,52,75.71,36,37,27,41,51,87,81,87,81,78,93,93,93,93,47,71,87,47,60,54,63,82,100,87,93,87,81,76,54.87,55,55,65
201301121100,74,100,76,75.71,33,39,27,41,38,87,76,81,81,81,88,93,100,100,56,71,86,64,72,60,72,87,93,87,93,87,81,81,54.87,55,55,65
201301121200,74,93,52,86,39,42,29,64,47,81,71,81,81,78,93,87,100,93,60,71,86,73,72,69,72,87,100,87,93,87,85,87,52,55,55,65
201301121300,79,79.93,52,92,39,45,31,59,59,81,76,87,81,76,100,82,100,100,78,84,72.91,88,88,69,87,80,100,100,93,93,31,51,43,47,47,38
201301121400,73,100,58,86,42,45,34,59,44.15,93,66,87,78,81,87,72,100,93,84,84,74,88,88,64,93,78.08,93,100,93,93,30,51,38,47,47,38
201301121500,73,79.93,65,86,45,42,34,48,46,93,55,81,76,71,93,77,87,93,71,84,68,88,93,68,86,80,93,100,93,93,48,39,34,47,47,38
201301121600,73,79.93,61,92,39,34,34,45,30,93,52,67,66,71,93,74,93,88,14,17,88,94,76,85,88,87,75,20,94,23,25,91,61,67,67,91
201301121700,74,45,63,86,29,29,29,39,20,77,45,55,66,67,93,72,87,88,69,98,91,91,97,76,91,85,66,72,97,72,64,58,63,60,60,58
201301121800,73,86,65,75.71,25,27,23,31,22,82,37,53,55,63,93,66,76,88,69,98,91,91,97,76,91,85,66,72,97,72,64,58,63,60,60,58
201301121900,58,74,53,74,25,34,20,25,22,60,49,68,51,59,83,60,76,73,69,98,91,91,97,76,91,85,66,72,97,72,64,58,63,60,60,58
201301122000,86.67,69,53,87,24,37,18,17,19,60,43,70,55,59,81,60,76,93,69,98,91,91,97,76,91,85,66,72,97,72,64,58,63,60,60,58
201301122100,86.67,64,53,74,24,40,18,12,20,68,46,73,55,55,81,56,71,100,69,98,91,91,97,76,91,85,66,72,97,72,64,58,63,60,60,58
201301122200,86.67,64,57,59,32,40,22,15,15,72,46,68,55,62,81,63,76,93,69,98,91,91,97,76,91,85,66,72,97,72,64,58,63,60,60,58
201301122300,63,60,62,59,34,40,22,18,44.15,77,56,77,55,67,81,72,81,93,84,71,87,88,93,78,87,93,93,93,100,93,57,61,61,49,49,58
201301130000,86.67,64,70,47,40,43,22,21,18,82,64,88,55,71,81,82,81,93,77,71,76,93,93,78,77,100,93,93,100,93,57,53,54.87,49,49,58
201301130100,86.67,69,70,55,25,50,32,20,19,93,68,93,55,76,81,82,81,100,84,77,87,93,100,73,82,100,93,93,100,93,37,63,54.87,46,46,38
201301130200,68,86,85,64,29,50,40,20,21,93,72,100,55,76,81,85,87,93,71,77,87,88,93,78,82,100,93,100,100,93,49,63,27,47,47,54
201301130300,63,86,70,74,31,50,37,35,22,87,77,93,55,71,81,88,81,93,61,71,87,41,60,55,63,87,93,87,100,83,66,81,71,55,55,65
201301130400,63,86,75,75.71,29,53,21,38,23,93,82,93,55,71,81,82,81,100,77,71,86,73,77,69,72,81,100,93,100,87,77,81,52,55,55,65
201301130500,63,86,87,80,29,26,23,40,25,93,82,93,51,85,81,88,81,100,60,71,86,77,82,69,87,93,100,93,100,87,72,87,42,55,55,65
201301130600,68,92,70,80,33,52.47,24,43,25,93,82,100,25,71,81,88,87,100,60,77,72.91,88,82,64,100,93,93,100,100,93,74,70,54.87,55,55,65
201301130700,85,92,65,93,36,30,27,47,29,93,92,100,63.33,71,81,88,93,100,71,84,72.91,82,88,64,93,93,93,93,100,87,61,58,52,55,55,65
201301130800,92,92,82,86,42,61,31,41.42,31,93,88,100,36,73,76,88,93,100,84,84,72.91,88,88,69,93,80,93,93,100,100,45,44,54.87,47,47,38
201301130900,92,92,75,86,45,65,31,58,34,93,88,88,72,76,81,88,93,100,48.39,77.32,90,77.85,83,66,96,79,64.53,61.65,76.36,57,62,71,76,70,70,90
201301131000,92,92,65,79,42,65,32.22,39,36,93,88,94,72,76,76,88,93,100,72,85,79,75,92,64,85,86,63,58,76.36,62,30,44,35,53,53,44
201301131100,92,92,82,86,41,67,32.22,63,40,93,88,94,72,76,76,88,87,100,72,84,74,70,74,56,85,86,63,58,76.36,62,34,44,37,53,53,44
201301131200,92,92,60,86,48,70,31,63,43,93,88,94,72,76,76,88,93,100,67,65,74,71,45,60,92,69,55,47,76.36,69.07,77,76,58,52,52,55
201301131300,92,92,69,79,41,70,36,50,47,93,93,94,58,93,76,96,93,100,73,65,80,76,49,60,92,69,55,44,76.36,55,83,76,79,52,52,55
201301131400,61,92,34,79,41,65,36,45,43,93,93,94,58,84,76,100,93,100,78,65,69,82,52,60,92,69,55,44,76.36,55,79,71,58,52,52,55
201301131500,76,92,68.76,82,41,52.47,36,40,40,93,90,91,58,76,76,96,90,96,85,65,69,87,45,60,74.67,74,55,44,76.36,59,93,66,66,52,52,55
201301131600,92,92,65,86,36,61,36,40,37,93,88,88,58,67,61,93,87,93,85,77,69,87,52,64,74.67,64,55,48,76.36,59,99,66,68,52,52,55
201301131700,85,92,82,86,32,50,31,34,31,93,92,88,58,74,60,93,77,88,49.39,85,73,100,100,72.54,67,82,63,62,76.36,63,83,89,71,64,64,86
201301131800,82,86,49,83,25,40,26,28,25,87,91,85,55,58,60,82,74,74,38,92,58,68,87,69,67,68,64.53,46,76.36,49,78,59,45,63,63,65
201301131900,79,80,49,80,20,30,21,26,23,82,93,83,51,58,60,82,72,60,35,92,63,69,81,61,67,68,40,50,76.36,46,76,72,67,63,63,65
201301132000,68,81,45,74,22,26,18,23,19,82,81,83,51,62,80,82,63,56,32,73,74,87,86,88,68,74,55,51,76.36,79,41,55,23,58,58,59
201301132100,63,80,42,62,19,22,16,21,16,82,73,85,51,66,62,82,70,56,36,73,68,76,48,69,74,78.08,51,51,76.36,51,86,63,65,58,58,59
201301132200,58,80,42,51,17,22,14,17,23,82,66,88,51,70,64,82,77,56,25,63,72.91,71,36,69,63,78.08,47,47,76.36,47,75,76,33,58,58,59
201301132300,86.67,80,66,48,25,25,17,18,24,77,81,88,51,75,82,91,82,60,10,58,59,71,36,58,63,78.08,44,44,76.36,47,89,82,36,70,70,80
201301140000,36,84,42,51,34,27,16,14,25,74,80,88,51,84,67,82,91,68,11,54,55,76,32,61,63,74,44,47,76.36,51,91,87,36,70,70,80
201301140100,73,86,49,55,39,37,16,16,19,72,80,88,51,93,69,82,100,77,12,58,59,71,31,65,63,74,44,47,76.36,51,89,87,38,70,70,80
201301140200,74,86,49,59,39,43,17,22,19,83,84,88,51,93,84,77,93,100,15,63,72.91,76,34,74,58,68,47,47,76.36,55,92,93,55,70,70,80
201301140300,85,86,52,75.71,42,45,21,25,24,55,74,88,51,71.73,74,77,100,93,22,63,72.91,76,39,78,58,74,47,47,76.36,55,94,87,72,70,70,80
201301140400,85,89,56,74,39,42,28,32,38,53,74,88,51,86,69.31,72,100,77,32,68,63,76,41,83,58,74,47,47,76.36,55,94,82,58,70,70,80
201301140500,92,92,68.76,80,42,49,28,37,26,61,69,88,51,80,50,72,100,82,27,73,68,76,44,83,63,74,55,47,76.36,59,96,87,65,70,70,80
201301140600,42,92,68.76,74,48,45,28,43,34,65,69,88,51,71.73,92,68,100,82,54.39,79,68,76,51,83,68,74,55,51,76.36,69.07,94,87,72,70,70,80
201301140700,85,100,56,79,48,48,28,40,31,76.68,69,94,48,71.73,96,72,100,82,46,85,79,76,55,88,63,78.08,55,47,76.36,58,68,82,59,70,70,62
201301140800,92,92,60,79,45,56,31,41.42,31,60,69,93,48,71.73,92,73,93,88,38,85,85,70,74,88,68,78.08,55,50,76.36,64,57,72,70,70,70,62
201301140900,92,86,65,85,45,48,35,46,39,60,69,93,48,43,86,72,87,93,56.39,73,71,93,45,72.54,59,81,64,61.65,76.36,76,66,90,67,76,76,81
201301141000,100,86,52,79,36,48,35,50,39,65,64,87,48,86,86,72,93,93,27,85,72.91,82,75,88,74.67,93,64.53,80,76.36,86,52,59,34,73,73,59
201301141100,100,86,48,79,48,46,35,54,51,60,64,93,48,86,93,72,93,93,51,85,72.91,87,75,83,69,93,64.53,80,76.36,69.07,55,59,38,73,73,59
201301141200,100,86,45,79,48,45,35,63,55,60,69,93,48,86,86,93,93,93,30,66,72.91,82,65,69,69,93,80,69,76.36,64,71,55,29,73,73,59
201301141300,92,92,56,92,53,45,32,50,51,69,64,93,51,80,86,93,93,93,13,62,93,72,62,74,64,78.08,49,48,76.36,52,62,58,36,76,76,62
201301141400,92,92,78,85,55,45,38,50,46,69,59,87,51,74,93,93,93,88,9,53,86,82,62,69,64,78.08,42,45,76.36,52,62,79,38,76,76,62
201301141500,85,92,60,79,48,38,38,46,43,64,55,87,51,73,79,93,100,88,12,62,74,93,66,74,74,78.08,52,39,76.36,59,62,71,54.87,76,76,62
201301141600,92,92,41,79,36,31,35,37,40,56,51,81,51,73,79,93,100,88,21,67,69,93,75,83,80,78.08,42,45,76.36,80,62,62,50,76,76,62
201301141700,59,92,41,79,23,25,30,37,35,52,51,81,51,73,82,93,93,82,27,67,69,93,81,83,80,78.08,42,45,76.36,86,62,62,33,76,76,62
201301141800,92,80,45,74,17,28,32.22,30,35,49,48,75,51,73,85,88,100,68,37,78,80,87,87,88,80,78.08,48,45,76.36,86,62,66,60,76,76,62
201301141900,92,45,39,68,17,26,32.22,24,32,43,45,70,27,73,79,88,100,64,18,64,69,62,37,65,74.67,74,45,41,76.36,69,73,87,68,68,68,84
201301142000,85,79.93,69,69,16,28,24,22,49,37,43,70,27,73,79,88,80.84,64,21,69,69,71,45,69,68,69,60,44,76.36,86,70,87,68,68,68,84
201301142100,86,69,28,64,16,30,22,20,28,37,41,66,45,73,73,93,80.84,64,27,92,80,87,86,88,92,74,86,86,76.36,74,56,77,37,88,88,71
201301142200,86.67,74,29,59,17,32,21,17,28,39,39,62,45,68,73,93,80.84,64,28,92,83,87,83,88,92,74,86,75,76.36,74,64,82,37,89,89,74
201301142300,86.67,74,31,51,22,32,19,16,25,39,41,62,42,68,67,86,80.84,64,29,92,86,87,80,88,92,74,86,64,76.36,74,73,82,34,90,90,77
201301150000,74,79.93,42,51,37,37,19,13,25,56,48,66,45,68,73,86,92,73,22,74,74,87,57,83,56,78.08,65,56,76.36,80,67.62,71,61,67,67,91
201301150100,79,80,43,59,37,37,19,17,23,60,51,66,45,68,67,86,92,73,26,80,74,87,66,83,60,78.08,69,52,76.36,80,67.62,66,61,67,67,91
201301150200,74,80,52,69,45,40,19,22,31,69,47,61,49,73,67,93,92,73,61.39,81.32,76,95,73,85,91,43,79,61.65,76.36,69.07,67.62,78,61,67,67,91
201301150300,86.67,80,61,74,52,43,20,27,35,64,51,66,57,67,72,76.11,85,73,15,55,43,78,59,67,74,70,61,61.65,76.36,52,82,100,50,72,83,80
201301150400,86.67,86,65,75.71,42,49,23,25,36,64,47,66,53,79,66,76.11,79,82,23,83.32,36,88,67,78,80,56,70,57,76.36,70,79,63,71,63,63,73
201301150500,68,86,61,74,47.79,49,28,34,32,69,50,66,62,73,66,86,85,93,38,68,45,93,71,78,70,52,66,57,76.36,65,79,61,71,63,63,73
201301150600,86.67,92,42,80,42,52,33,34,34,69,68.56,70,57,79,66,80,85,93,30,79,74,93,93,73,69,59,52,42,76.36,48,92,90,17,49,49,70
201301150700,86.67,92,45,74,48,56,30,37,37,59,54,70,57,79,72,86,85,93,29,100,86,93,58,73,52,78.08,52,55,76.36,93,85,76,54,64,64,86
201301150800,74,92,39,80,48,56,25,41.42,40,64,54,70,57,79,66,80,85,93,41,100,93,69,100,61,76,93,64.53,64,76.36,60,63,62,54.87,61,61,65
201301150900,74,92,36,80,55,52,27,46,46,59,54,75,61,79,83,76.11,85,93,54,100,87,61,100,61,81,93,70,65,76.36,64,63,66,18,61,61,65
201301151000,74,86,36,80,59,52.47,27,46,46,76.68,54,81,66,73,72,80,85,93,78,100,87,87,100,73,100,100,93,100,76.36,93,65,61,70,57,57,67
201301151100,74,86,48,80,59,52,27,46,50,76.68,58,75,78,73,72,86,78,100,81,100,87,88,100,78,100,100,93,93,76.36,93,65,57,70,57,57,67
201301151200,74,80,51,80,47.79,48,29,46,44.15,76.68,58,87,72,73,72,79,78,100,78,93,87,93,100,83,100,93,93,93,76.36,93,65,53,65,57,57,67
201301151300,86,80,59,80,55,60,27,50,44.15,76.68,58,87,78,78,72,74,85,100,84,93,93,90,100,78,100,100,93,93,76.36,100,40,43,61,46,46,43
201301151400,92,86,45,80,51,52,29,46,57,76.68,58,87,72,73,72,79,85,93,85,86,87,93,100,83,100,100,93,93,76.36,93,40,38,46,46,46,43
201301151500,92,86,48,80,53,43,28,23,57,34,52,87,69,70,69,79,82,90,84,79,87,93,100,78,100,100,93,93,76.36,100,40,72.55,23,46,46,43
201301151600,92,86,51,80,55,35,27,41.42,57,69,47,87,67,67,67,80,79,87,84,72,93,93,100,78,100,93,93,93,76.36,100,40,72.55,25,46,46,43
201301151700,100,80,36,75.71,24,28,23,31,53,56,40,81,49,58,62,76.11,73,93,77,84,87,68,82,61,68,93,100,93,76.36,93,49,62,29,47,47,54
201301151800,50,83,34,37,21,24,11,29,63,49,37,78,42,60,57,34,73,93,84,77,86,72,88,69,93,100,93,100,76.36,87,75,76,54.87,55,55,65
201301151900,86.67,86,33,74,18,20,32.22,27,73,42,35,75,36,62,53,69,73,93,71,77,80,88,82,69,93,93,93,100,76.36,81,71,66,56,55,55,65
201301152000,86.67,79.93,36,74,14,22,16,21,79,43,36,66,33,53,49,80,79,93,84,84,74,88,88,68,93,74,100,100,76.36,93,34,48,36,47,47,38
201301152100,86.67,79.93,31,74,10,27,14,20,63,45,39,70,63.33,58,49,74,79,93,77,84,68,93,87,73,80,78.08,100,100,76.36,93,55,48,32,47,47,38
201301152200,86.67,79.93,26,64,13,34,14,41.42,63,45,52,81,63.33,67,69.31,80,73,97,77,77,63,73,93,57,64,68,82,81,76.36,82,81,47,41,58,58,53
201301152300,86.67,79.93,32,60,16,22,13,19,58,49,42,75,39,63,53,86,73,93,66.39,66,54,73,100,72.54,59,75,66,50,76.36,55,50,70,67,57,57,61
