date,Vancouver,Portland,San Francisco,Seattle,Los Angeles,San Diego,Las Vegas,Phoenix,Albuquerque,San Antonio,Dallas,Houston,Kansas City,Saint Louis,Chicago,Nashville,Indianapolis,Atlanta
201301010000,35.402,39.632,52.7,37.292,52.988,51.044,45.104,49.748,36.698,52.61,43.7,47.858,40.838,34.502,31.658,33.854,25.934,35.456
201301010100,33.998,36.302,50.396,36.32,51.206,48.11,42.71,47.84,34.844,52.862,43.25,47.858,40.568,33.926,32.504,32.144,26.15,33.08
201301010200,33.782,34.052,46.436,35.06,49.838,46.724,41.324,45.95,34.88,52.862,43.178,47.858,39.938,34.142,32.594,30.578,25.304,31.046
201301010300,34.286,32.486,45.14,34.61,48.794,46.472,39.956,45.662,32.702,52.628,42.026,47.264,38.192,33.674,32.216,29.102,24.998,29.552
201301010400,32.81,31.532,44.312,33.71,47.876,45.374,38.516,45.194,33.962,50.756,42.026,47.012,37.706,33.404,32.072,28.364,25.196,29.408
201301010500,33.818,30.254,43.07,33.332,47.732,44.024,39.578,43.952,32.342,49.856,41.936,47.012,36.554,33.044,31.928,28.4,26.15,29.066
201301010600,32.846,29.552,42.458,33.116,44.402,41.63,39.074,42.62,30.938,49.64,41.36,48.002,36.554,34.016,32,28.004,27.284,28.508
201301010700,33.746,28.832,42.35,31.82,46.022,42.026,40.172,42.98,31.244,49.514,41.936,48.686,36.284,34.25,31.73,27.374,27.752,28.652
201301010800,33.746,28.508,42.206,32,44.078,41.306,39.848,43.07,29.912,49.532,41.846,49.28,36.158,35.546,33.08,28.22,28.472,29.264
201301010900,33.458,28.94,40.802,32.072,43.916,40.964,38.66,42.242,30.542,50.126,40.406,49.91,36.032,35.366,32.936,28.742,28.184,30.02
201301011000,32.9,29.876,39.38,32.144,42.926,40.676,37.958,42.242,29.876,50.126,38.498,50.828,35.636,35.654,33.494,29.966,28.922,30.29
201301011100,32.792,30.362,38.786,31.568,42.152,39.938,36.05,41.378,28.922,50.702,38.012,52.232,35.51,36.014,33.818,31.514,29.282,30.524
201301011200,32.666,31.136,38.354,31.946,41.18,38.696,34.52,39.956,29.12,50.576,38.57,52.538,35.276,36.122,34.322,32.522,30.596,30.254
201301011300,33.116,30.524,38.084,31.532,41.342,38.354,34.736,39.074,28.418,50.702,38.966,53.348,35.024,36.32,34.16,32.216,31.748,29.822
201301011400,33.332,30.506,37.778,31.694,40.316,37.166,34.07,38.642,27.428,50.702,39.29,54.086,35.132,36.41,34.412,33.692,32.342,34.034
201301011500,32.738,31.37,37.886,32.234,41.09,39.02,34.286,39.02,27.896,51.728,40.568,55.688,33.152,35.474,34.97,35.312,32.936,39.38
201301011600,32.954,31.856,37.076,32.378,43.07,41.774,36.572,42.404,28.85,53.006,41.45,57.272,32.36,34.412,34.844,37.544,33.962,44.708
201301011700,33.8,32.216,42.71,33.08,48.722,48.182,39.182,45.284,30.2,54.626,41.846,58.586,32.234,33.584,34.376,39.29,35.33,48.02
201301011800,34.448,33.098,47.318,34.538,52.52,51.224,42.296,47.354,32.162,56.444,43.07,58.568,31.694,33.98,33.53,40.298,34.628,51.188
201301011900,34.754,33.89,48.632,35.654,53.618,54.77,43.736,49.946,33.548,58.424,44.672,59.54,31.496,34.16,32.216,40.82,32.486,51.962
201301012000,35.618,34.034,49.622,36.5,55.256,56.336,44.87,51.188,34.124,59.828,46.67,60.368,31.028,34.358,31.496,41.756,33.332,51.89
201301012100,36.392,34.484,50.18,37.022,57.074,57.722,45.86,52.79,34.61,60.026,48.326,61.466,30.47,34.484,30.218,41.756,33.44,51.602
201301012200,37.238,34.574,50.576,37.994,57.29,57.614,46.346,52.574,34.358,60.026,48.416,62.006,28.832,34.142,29.48,41.144,33.224,50.756
201301012300,36.986,34.952,51.134,38.174,57.236,57.182,45.536,53.024,32.864,60.26,48.326,63.248,28.238,33.728,27.95,40.082,32.81,49.928
201301020000,35.582,34.25,50.378,37.058,55.76,54.824,44.114,51.728,31.73,60.026,48.236,64.112,25.988,33.332,27.212,41,32.702,48.956
201301020100,34.736,33.89,48.434,35.69,53.258,52.232,41.252,48.398,29.624,59.792,48.056,65.246,25.25,33.242,26.042,41.936,32.81,48.686
201301020200,34.016,33.872,47.12,35.132,50.882,50.198,40.01,44.924,26.294,59.792,47.606,65.876,24.926,33.44,24.8,41.144,32.81,48.488
201301020300,34.448,33.53,46.094,34.34,49.172,48.02,37.508,43.394,24.854,59.792,47.534,65.966,23.504,33.368,23.198,41.306,32.486,47.93
201301020400,33.494,33.386,45.662,34.628,46.886,46.85,36.14,41.558,26.114,59.792,47.174,66.038,23.072,33.44,22.244,41.756,32.486,47.732
201301020500,33.674,32.108,43.628,34.124,46.418,45.302,33.278,39.092,25.142,59.576,46.292,66.56,23.162,32.108,20.462,41.378,31.856,46.76
201301020600,33.278,31.64,42.314,33.278,45.428,44.456,33.26,38.57,23.99,59.594,45.158,66.884,22.478,29.894,20.03,39.398,32.09,45.968
201301020700,31.712,30.92,41.846,32.702,44.852,44.06,32.864,36.77,22.226,59.36,45.14,66.416,21.686,28.166,19.616,39.29,31.19,45.374
201301020800,31.28,30.686,41.414,31.784,43.448,43.952,32.27,36.248,21.668,59.216,44.816,64.382,20.21,26.564,19.238,39.452,30.452,45.86
201301020900,31.856,30.236,40.514,32.036,42.746,43.808,31.01,34.412,20.498,58.316,44.294,62.456,20.21,25.61,18.068,40.154,30.218,46.958
201301021000,31.586,29.174,40.334,32.09,42.638,43.97,29.588,33.35,19.742,55.85,43.934,60.764,18.284,25.016,16.754,41,29.084,47.642
201301021100,33.476,29.408,40.262,31.874,42.908,43.484,29.876,32.882,18.338,54.014,42.728,58.604,16.52,23.72,16.502,41.522,28.328,48.272
201301021200,32,28.706,41.432,30.83,42.476,43.25,29.156,33.404,20.048,53.69,41.756,56.228,14.954,23.198,15.044,42.152,27.752,48.56
201301021300,31.784,28.364,41.432,30.488,42.152,42.908,29.102,31.46,18.95,53.366,40.892,54.824,14.036,22.1,13.856,41.936,26.87,48.632
201301021400,31.478,28.13,41.72,29.228,42.458,42.062,30.272,31.838,18.356,52.232,40.514,53.582,12.92,22.208,14.144,41.144,26.87,46.94
201301021500,31.154,27.662,41.54,28.724,42.548,42.782,29.39,34.7,18.302,51.368,39.776,53.384,15.854,22.37,17.348,41.144,28.256,47.174
201301021600,31.28,27.896,41.486,29.03,43.43,46.688,32.396,39.2,21.938,51.008,39.506,53.168,16.61,22.568,19.742,40.928,28.814,47.858
201301021700,31.046,29.516,44.276,30.02,48.164,50.612,35.87,44.132,24.224,51.584,39.776,53.15,18.212,23.774,22.046,39.704,28.922,49.136
201301021800,32.18,31.622,45.716,34.178,52.718,53.888,38.984,48.002,26.762,52.052,41.144,52.916,19.886,25.088,23.144,39.398,28.256,49.82
201301021900,32.432,33.602,47.966,36.896,55.976,57.146,40.712,50.612,28.112,52.718,41.288,53.474,21.614,25.412,24.98,39.218,26.888,50.684
201301022000,32.99,35.474,49.208,38.552,57.542,58.64,42.71,52.142,29.408,53.636,40.658,53.366,21.488,25.502,25.538,38.696,26.888,50.774
201301022100,34.43,37.724,50.162,40.082,59.054,59.738,44.528,54.086,29.714,53.042,40.118,53.15,22.352,25.898,24.746,38.696,25.718,50.936
201301022200,34.52,38.318,51.674,40.208,58.784,58.73,45.5,53.564,29.39,51.368,39.308,52.898,22.658,25.376,22.712,38.696,24.242,50.504
201301022300,33.944,37.724,51.764,39.596,59.252,57.884,45.842,53.618,28.022,48.83,37.94,51.764,21.434,23.828,19.778,38.696,21.884,50.864
201301030000,33.188,35.222,51.53,38.102,59.18,56.462,44.906,52.016,25.772,46.49,37.292,50.378,18.95,21.938,16.862,38.696,19.634,50.702
201301030100,32.63,33.728,49.19,35.888,55.814,54.59,42.584,49.334,23.324,45.356,36.968,49.46,17.618,20.768,16.34,37.094,20.012,50.63
201301030200,32.432,32.684,46.778,35.366,52.898,53.996,39.722,46.148,21.812,44.456,36.716,48.38,16.232,20.102,15.134,35.546,19.634,50.702
201301030300,31.82,31.172,44.222,34.826,52.862,53.366,37.634,43.484,20.624,43.772,36.014,47.156,16.286,18.878,13.856,35.168,17.888,50.864
201301030400,32.108,31.172,43.934,34.016,52.088,52.664,38.102,43.268,20.048,43.898,35.69,46.724,14.576,18.914,13.316,33.8,16.394,50.846
201301030500,30.668,29.498,39.686,33.206,48.524,51.746,37.148,43.34,18.554,40.172,35.402,45.68,14.702,17.438,11.336,32.648,15.818,50.054
201301030600,33.512,28.094,39.848,31.226,45.644,49.064,35.51,41.288,17.51,40.28,33.674,43.394,16.358,17.312,15.368,29.984,11.66,48.092
201301030700,36.338,26.69,39.992,29.228,42.764,46.382,33.854,39.236,16.466,40.37,31.928,41.09,18.014,17.168,19.4,27.302,7.502,46.112
201301030800,36.338,26.69,39.992,29.228,42.764,46.382,33.854,39.236,16.466,40.37,31.928,41.09,18.014,17.168,19.4,27.302,7.502,46.112
201301030900,36.338,26.69,39.992,29.228,42.764,46.382,33.854,39.236,16.466,40.37,31.928,41.09,18.014,17.168,19.4,27.302,7.502,46.112
201301031000,36.338,26.69,39.992,29.228,42.764,46.382,33.854,39.236,16.466,40.37,31.928,41.09,18.014,17.168,19.4,27.302,7.502,46.112
201301031100,36.338,26.69,39.992,29.228,42.764,46.382,33.854,39.236,16.466,40.37,31.928,41.09,18.014,17.168,19.4,27.302,7.502,46.112
201301031200,36.338,26.69,39.992,29.228,42.764,46.382,33.854,39.236,16.466,40.37,31.928,41.09,18.014,17.168,19.4,27.302,7.502,46.112
201301031300,35.78,25.934,35.978,28.184,41.324,44.888,32.486,36.032,14.792,39.506,32.702,39.65,20.912,20.066,20.39,28.868,10.148,41.882
201301031400,30.218,28.04,36.77,21.992,36.338,43.538,31.55,38.174,14.216,39.2,32.594,41,19.274,18.932,18.554,28.76,11.336,41.774
201301031500,29.714,30.128,37.544,31.172,42.602,42.188,30.596,40.316,13.64,38.894,33.53,42.35,20.048,17.798,16.718,28.652,12.524,41.648
201301031600,29.84,29.984,37.256,29.588,45.32,48.848,32.936,45.122,16.898,40.514,34.7,42.548,24.476,21.956,20.804,29.192,14.972,42.44
201301031700,31.568,32,42.548,32.144,52.682,54.86,38.102,49.73,20.336,41.576,35.87,42.548,28.04,24.656,23.342,29.588,17.888,43.664
201301031800,33.494,35.24,46.976,35.978,56.768,58.262,41.954,54.104,24.62,41.936,36.95,42.656,30.146,26.924,26.132,31.856,20.624,44.69
201301031900,35.42,37.472,49.802,38.822,61.394,60.224,45.896,57.56,27.212,43.43,37.868,42.566,32.126,28.904,28.382,33.188,21.38,44.168
201301032000,37.544,39.128,51.476,42.188,62.78,61.412,47.588,59.144,29.714,43.772,38.336,42.764,32.126,29.912,29.21,34.178,21.992,44.312
201301032100,39.128,40.316,52.592,43.574,63.572,62.168,47.696,60.17,31.136,44.456,38.75,42.674,33.026,31.172,29.39,33.53,23.036,43.124
201301032200,39.434,40.442,53.258,44.888,64.58,62.546,48.65,61.358,32.324,45.392,39.47,42.296,31.964,30.956,28.184,33.152,21.488,41.882
201301032300,39.704,37.778,53.906,44.33,61.952,60.764,48.776,60.818,29.93,44.546,38.534,42.008,31.082,28.814,25.718,32.18,20.876,40.604
201301040000,37.022,36.896,53.024,41.252,61.376,58.514,49.406,58.928,28.166,44.096,36.68,42.35,29.426,26.546,24.026,30.902,18.608,40.046
201301040100,35.798,35.15,50.414,39.632,58.154,55.796,45.86,54.086,24.242,43.16,35.69,42.242,28.13,24.458,22.496,30.218,17.294,39.686
201301040200,33.818,34.7,47.426,36.608,54.968,53.114,42.17,51.224,23.99,42.26,33.998,42.296,26.384,23.792,21.902,30.002,17.654,39.038
201301040300,34.106,34.538,45.68,35.834,52.736,49.226,41.198,48.632,17.87,40.838,32.702,42.17,26.69,24.332,21.56,28.292,14.954,38.732
201301040400,33.17,34.448,42.71,35.33,50.072,47.84,42.98,46.418,17.51,41.198,32.234,42.17,26.78,22.838,21.11,28.094,14.882,38.732
201301040500,32.576,32.81,42.044,34.25,49.226,46.346,39.992,46.004,13.64,40.37,30.992,41.954,27.302,21.2,21.38,27.536,14,38.768
201301040600,32.036,32.216,40.406,33.89,48.02,45.068,39.794,45.734,16.538,39.848,30.398,41.936,27.554,20.336,23,26.474,12.974,38.678
201301040700,31.1,31.424,39.254,34.07,47.084,43.934,38.12,45.392,15.242,38.534,30.758,41.036,27.122,20.246,23.54,26.474,13.37,38.678
201301040800,31.064,30.254,39.74,32.36,45.428,42.638,37.706,42.116,16.538,39.146,30.866,40.64,25.34,20.372,24.638,25.484,12.92,38.516
201301040900,30.92,30.002,38.354,31.784,44.996,42.404,37.418,44.024,15.512,38.48,30.902,40.532,25.754,24.422,25.07,25.646,12.056,38.354
201301041000,29.03,30.11,36.842,31.298,44.042,42.386,37.094,45.464,15.512,38.3,30.506,39.992,25.268,23.954,26.258,25.646,13.19,38.354
201301041100,30.182,30.488,35.564,30.272,42.674,39.848,34.682,45.05,16.142,38.156,30.146,39.074,27.068,23.612,26.582,25.862,13.244,38.156
201301041200,29.12,29.786,35.798,29.768,41.108,38.984,33.62,43.412,15.314,38.3,29.57,38.786,26.816,21.632,26.978,25.646,12.92,37.22
201301041300,29.012,29.426,34.394,29.3,42.188,39.668,33.44,42.962,15.386,38.444,29.912,38.93,24.674,21.434,28.112,25.646,12.398,37.058
201301041400,29.624,29.894,33.512,28.22,42.422,39.722,32.954,43.088,13.568,39.254,31.046,39.434,25.142,21.938,28.58,25.862,15.62,37.472
201301041500,29.804,29.624,35.798,27.986,43.448,41.072,32.594,45.554,15.134,39.938,35.582,41.162,28.076,26.024,29.282,30.254,20.102,38.048
201301041600,29.732,29.516,37.328,28.76,45.572,45.464,35.384,48.272,19.148,40.514,38.696,43.664,30.11,30.272,29.498,35.06,22.766,39.218
201301041700,31.082,31.964,40.568,32.36,53.528,52.574,39.974,52.43,20.588,42.008,43.016,45.716,32.198,33.062,29.372,37.364,26.546,41.18
201301041800,33.566,34.754,44.87,37.544,60.404,60.278,44.744,55.274,24.71,43.538,46.058,50.108,34.394,35.834,29.138,39.668,31.622,41.972
201301041900,35.384,36.896,47.192,40.334,64.076,62.906,47.12,57.758,29.786,43.772,47.318,51.08,34.916,38.066,29.138,42.152,30.974,43.358
201301042000,37.13,37.958,49.64,42.098,67.334,64.85,48.758,59.45,27.68,45.014,48.29,52.664,34.88,39.092,28.796,43.682,30.632,44.06
201301042100,38.156,38.12,51.728,43.628,69.134,67.01,50.522,60.404,28.544,45.698,48.488,52.214,34.592,38.48,28.67,43.898,31.118,43.574
201301042200,39.218,37.868,53.006,44.366,69.17,66.56,50.81,61.142,30.344,45.59,47.75,51.512,33.8,37.454,28.418,42.278,29.966,42.62
201301042300,37.112,37.868,53.06,42.98,68.018,64.922,51.17,60.89,30.542,45.356,46.184,50.846,32.18,35.096,27.608,37.904,29.642,39.524
201301050000,35.888,36.95,51.854,40.46,64.652,60.962,45.896,58.694,25.988,44.222,43.808,50.054,31.532,33.422,27.014,34.97,30.38,37.094
201301050100,35.654,36.608,49.622,39.83,61.394,56.444,38.624,55.148,23.288,44.222,42.836,49.568,30.65,33.656,25.358,33.332,30.2,36.302
201301050200,35.348,35.906,47.678,39.578,58.964,54.05,42.044,53.096,18.968,43.736,42.224,49.37,28.994,33.962,24.386,32.576,29.984,35.294
201301050300,35.636,35.42,46.274,36.536,55.508,52.412,38.822,50.576,21.416,43.412,42.458,48.758,27.896,33.404,22.352,30.866,29.984,34.448
201301050400,35.6,35.312,43.484,36.068,52.646,51.962,36.392,49.172,13.64,43.304,42.62,47.984,26.312,32.252,20.732,29.174,30.038,34.376
201301050500,35.852,34.394,42.242,35.78,52.61,51.008,23.522,47.606,13.64,43.088,42.476,46.778,23.288,29.012,19.184,30.344,27.986,33.908
201301050600,35.186,32.468,42.188,35.312,48.902,44.168,25.304,41.378,10.544,42.044,41.072,46.238,24.242,25.97,20.372,27.698,24.728,32.036
201301050700,33.836,26.852,43.106,34.466,35.042,26.204,10.004,24.836,2.624,39.542,36.644,44.996,27.176,18.338,25.97,20.192,16.97,27.374
201301050800,33.512,26.762,42.566,34.196,36.392,24.908,9.338,23.756,1.94,39.236,36.752,44.816,27.122,17.6,24.962,19.976,15.962,26.888
201301050900,36.014,32.9,40.208,37.004,42.35,40.586,26.42,37.904,10.724,39.326,38.858,46.022,21.632,23.36,17.672,22.712,20.3,29.372
201301051000,36.644,34.88,39.074,37.76,45.23,44.942,31.676,41.9,13.19,39.146,39.632,46.31,19.76,24.782,14.576,23.486,21.074,29.876
201301051100,36.968,34.736,38.552,38.678,45.14,43.394,30.362,42.224,12.902,39.344,39.434,46.238,20.048,24.71,14.432,22.874,21.596,29.012
201301051200,37.238,34.862,38.084,39.218,44.186,42.656,29.192,41.072,11.3,38.426,39.434,46.058,19.922,24.242,15.17,22.19,20.696,28.994
201301051300,37.508,34.97,37.616,39.74,43.232,41.918,28.004,39.92,9.68,37.508,39.416,45.86,19.778,23.774,15.908,21.488,19.778,28.958
201301051400,37.706,34.97,37.778,40.586,43.016,40.766,26.96,37.67,9.68,37.508,39.866,46.112,20.174,24.008,17.24,25.43,20.66,32.27
201301051500,37.112,35.42,37.958,41.108,42.872,43.358,28.004,40.604,9.14,37.616,41.594,46.238,25.898,28.724,19.868,30.668,21.812,36.986
201301051600,37.274,35.42,37.976,41.54,45.212,47.948,31.856,45.734,15.098,38.426,42.332,46.544,29.75,31.802,23.216,35.474,22.928,40.946
201301051700,37.382,35.906,42.764,42.368,51.998,56.282,37.04,50.054,19.832,38.894,43.988,47.03,33.656,34.934,28.022,40.766,25.538,44.474
201301051800,38.552,36.644,47.93,43.628,58.136,61.178,41.45,53.06,23.666,39.722,45.626,47.804,37.436,36.968,32.54,43.196,26.006,47.228
201301051900,38.858,38.678,51.566,44.762,61.322,62.798,44.672,55.022,26.312,40.28,46.958,48.488,38.372,38.012,35.6,43.898,27.572,49.01
201301052000,39.74,39.74,53.24,47.606,63.464,63.446,46.526,56.39,27.716,40.514,48.002,48.29,40.46,38.75,36.41,44.906,29.138,49.784
201301052100,40.604,39.92,54.266,48.542,65.264,64.04,48.758,58.118,28.562,41.09,49.64,48.074,40.82,39.272,35.78,45.428,30.56,48.272
201301052200,40.802,40.298,54.914,48.83,65.3,64.688,48.992,58.586,29.642,41.558,48.632,47.966,40.676,39.092,34.898,43.718,29.048,46.616
201301052300,40.514,41.108,54.428,47.876,64.004,62.456,48.938,58.442,29.39,41.558,47.318,47.948,37.688,35.78,33.494,40.37,27.176,42.728
201301060000,40.298,39.668,53.852,46.184,62.168,59.468,46.886,56.084,26.96,40.766,46.634,47.696,35.24,33.044,32.09,37.508,26.798,39.92
201301060100,39.992,38.102,50.99,44.168,57.794,55.13,43.736,51.584,24.26,40.514,46.274,47.48,33.908,31.334,30.956,34.214,26.438,37.562
201301060200,39.992,36.212,48.47,44.402,54.122,51.926,39.2,48.776,23.198,40.514,45.806,47.246,32.954,30.578,30.236,29.948,25.88,35.438
201301060300,40.622,35.258,46.418,42.44,50.738,48.722,36.716,45.338,22.712,40.514,45.536,46.904,34.43,29.102,29.048,29.246,24.224,33.17
201301060400,39.83,34.952,45.158,42.098,49.334,47.624,35.834,44.006,21.92,40.514,45.014,46.904,33.962,27.446,28.724,28.904,23.09,32.072
201301060500,39.542,34.304,43.358,41.81,47.642,45.626,34.394,42.566,19.22,40.514,44.708,46.904,33.584,27.608,28.076,27.482,21.596,30.956
201301060600,39.794,33.548,42.494,41.486,46.67,44.942,33.854,40.82,19.076,40.514,44.492,46.472,34.718,28.076,27.698,26.078,20.282,30.974
201301060700,38.93,33.89,41.63,41.882,44.708,43.664,31.478,40.856,19.454,41,44.276,46.004,34.214,28.598,26.726,25.538,20.804,30.236
201301060800,38.732,33.998,40.01,41.45,44.024,42.674,30.578,39.848,19.85,40.514,43.538,45.644,34.304,28.094,27.266,25.034,20.642,29.3
201301060900,39.326,34.214,39.434,41.378,44.42,42.242,28.832,38.858,21.308,40.514,42.998,44.942,32.414,27.554,26.168,24.314,19.904,29.12
201301061000,39.128,34.214,38.948,40.838,43.358,42.044,28.742,38.858,20.21,40.514,42.638,43.466,32.324,26.798,24.674,23.864,18.824,29.21
201301061100,39.236,34.214,40.154,40.838,42.44,42.494,27.896,38.372,17.24,40.514,40.334,43.214,33.8,26.78,22.946,23.036,18.122,28.922
201301061200,39.596,34.484,39.524,40.352,42.008,40.73,28.832,38.606,16.682,40.64,39.002,41.774,35.024,27.788,22.172,23.972,18.41,27.986
201301061300,39.326,34.448,39.56,40.928,41.198,40.928,28.004,37.04,17.24,41.216,38.768,42.17,35.798,29.156,23.216,23.306,19.166,28.706
201301061400,39.686,34.664,40.352,41.234,40.928,40.118,28.292,33.98,18.05,41.468,39.506,42.368,36.05,30.236,25.07,26.474,21.344,32.216
201301061500,39.092,34.682,41.45,42.044,41.162,41.468,26.636,35.996,19.706,42.584,40.64,42.476,36.41,33.62,28.022,30.884,25.376,36.014
201301061600,39.236,34.718,42.62,41.594,43.304,46.85,31.226,43.286,22.316,44.06,42.728,43.664,37.148,36.212,31.964,36.374,29.534,39.416
201301061700,39.164,35.078,44.528,41.972,49.748,54.32,37.508,48.056,26.33,46.292,44.654,44.51,38.048,38.84,34.538,41.702,34.97,42.854
201301061800,39.92,35.672,46.976,42.26,55.832,58.226,41.252,51.602,28.652,49.118,47.03,44.312,39.74,41.558,37.436,44.438,37.436,44.798
201301061900,40.172,36.122,49.082,42.746,59.666,60.836,44.6,55.112,31.316,51.584,48.812,44.312,41.576,43.502,37.526,44.654,39.128,46.67
201301062000,40.586,36.878,50,42.908,62.186,62.6,47.39,57.632,33.224,53.978,51.26,44.816,41.576,43.862,37.076,45.986,37.904,47.678
201301062100,41.36,36.86,50.342,42.458,62.996,62.852,48.758,60.296,35.618,55.94,52.304,45.248,43.394,43.286,33.746,45.986,35.78,47.984
201301062200,42.188,37.292,50.54,43.376,62.384,61.466,49.046,61.394,36.266,56.732,52.214,46.292,43.484,42.404,33.782,44.438,34.178,47.318
201301062300,41.918,37.184,50.234,43.376,61.394,60.17,49.046,60.818,35.06,56.372,50.18,46.436,42.818,41.828,34.124,44.06,33.44,46.436
201301070000,40.514,36.95,50.054,42.548,57.236,57.146,47.678,58.226,34.304,49.046,46.022,46.436,39.218,40.388,34.718,43.898,33.26,45.068
201301070100,40.262,36.122,48.758,41.81,54.986,53.564,43.88,53.402,31.154,45.734,44.312,46.292,38.426,40.568,34.718,43.376,32.702,43.322
201301070200,40.01,35.708,48.452,41.198,52.97,51.692,42.566,49.91,29.408,42.602,43.034,46.292,35.384,40.226,35.294,43.682,33.998,42.188
201301070300,41.126,35.294,48.236,41.594,50.972,49.19,41.216,46.814,29.552,40.172,41.09,46.436,33.044,40.748,35.294,43.376,34.214,42.188
201301070400,40.838,35.186,47.804,41.954,51.332,48.02,39.758,44.114,26.24,38.354,40.73,46.436,31.316,40.928,35.078,42.53,34.556,42.044
201301070500,40.442,35.294,47.57,41.198,49.658,46.742,38.39,43.34,22.964,36.374,39.002,46.22,30.434,40.604,35.564,42.53,34.322,41.612
201301070600,39.722,35.492,47.12,40.478,48.2,46.382,37.688,42.116,21.776,35.582,37.256,45.878,29.948,40.532,35.834,42.152,35.114,41.45
201301070700,40.136,35.294,46.922,40.244,48.938,45.5,35.618,41.522,19.598,35.024,36.662,45.266,29.192,40.838,35.978,42.152,35.636,41.36
201301070800,39.848,35.168,46.328,40.244,48.182,45.644,34.25,41.036,16.844,35.24,35.042,44.276,28.292,39.776,36.266,41.936,35.798,41.18
201301070900,39.38,35.168,45.212,39.848,48.218,45.446,35.906,40.082,18.23,34.538,34.808,43.79,26.888,37.472,35.708,41.45,35.474,41.18
201301071000,39.542,34.97,45.14,39.506,48.974,45.896,35.168,39.848,19.04,34.16,35.564,43.556,25.07,35.744,35.42,40.622,35.474,41.18
201301071100,40.712,34.664,45.068,39.344,48.272,44.978,35.312,40.442,16.214,34.556,35.348,42.908,24.17,34.286,31.91,39.92,35.474,41.09
201301071200,40.28,34.754,45.158,39.344,47.516,44.78,35.312,38.93,13.28,33.926,34.466,42.764,22.694,33.422,29.102,38.876,35.474,40.622
201301071300,40.352,34.754,45.5,39.344,46.634,46.112,35.834,39.02,14.252,33.368,33.71,42.332,22.568,32.738,27.572,38.048,35.654,40.784
201301071400,41.414,34.538,45.77,39.884,46.274,46.85,35.672,38.552,14.252,33.62,34.7,42.188,22.694,32.234,26.546,39.254,36.176,41.252
201301071500,41.072,34.43,45.338,39.596,46.616,46.4,35.582,40.784,18.086,42.782,38.282,42.908,24.206,33.098,26.546,42.116,34.592,42.188
201301071600,40.334,34.862,45.05,40.118,47.498,46.67,36.5,44.96,20.696,49.172,42.962,45.248,26.906,33.008,26.546,44.42,31.712,44.15
201301071700,41.27,35.312,45.68,40.856,49.532,50.702,40.946,51.368,26.438,54.23,46.868,49.352,29.066,33.71,27.86,46.652,30.002,45.464
201301071800,41.324,36.356,46.472,42.224,52.772,53.492,45.41,57.344,33.764,56.642,50.45,52.574,32.018,34.322,30.272,47.03,29.642,46.508
201301071900,41.36,37.742,47.318,43.088,54.77,55.742,47.138,59.612,36.176,58.622,52.664,55.382,35.114,35.402,32.846,49.442,29.3,47.3
201301072000,41.054,38.588,48.11,43.934,55.148,56.3,48.218,61.592,37.688,59.9,54.23,56.84,36.932,36.68,33.44,49.55,28.742,48.308
201301072100,40.676,38.912,48.614,44.114,56.066,56.264,49.928,62.474,40.082,60.728,54.662,58.172,38.57,36.59,32.936,47.516,26.906,47.354
201301072200,40.748,39.866,49.064,43.88,55.922,55.166,49.028,63.536,39.452,60.242,54.14,58.172,38.3,35.744,31.298,45.986,26.492,45.77
201301072300,40.496,39.74,50.234,43.502,54.32,55.4,49.946,63.662,38.84,58.136,52.43,56.246,36.14,32.756,29.732,43.772,26.654,43.358
201301080000,40.424,39.74,49.712,43.178,53.51,54.284,49.55,61.844,34.61,52.718,47.624,52.286,33.602,29.66,28.076,39.83,27.176,41.324
201301080100,40.262,39.308,48.146,42.89,52.286,52.088,46.058,56.624,31.802,49.334,44.456,49.172,31.19,29.192,26.87,35.384,27.338,39.758
201301080200,39.452,38.768,45.698,42.674,51.674,50.342,41.99,53.24,28.418,47.12,41.432,47.912,31.424,27.392,25.7,33.458,27.734,38.912
201301080300,39.614,38.678,44.366,42.854,51.476,49.946,40.28,51.296,29.48,44.42,39.794,46.778,30.434,26.42,24.494,30.74,27.176,38.426
201301080400,39.47,39.092,44.456,42.242,50.828,49.226,38.624,48.614,30.2,42.926,37.76,44.582,31.64,24.836,23.216,29.732,26.42,37.994
201301080500,38.912,39.128,42.836,41.36,49.658,48.974,38.822,46.526,27.608,39.38,35.726,42.296,30.452,24.548,22.244,28.058,26.078,37.814
201301080600,39.254,40.136,42.152,40.1,49.748,49.91,37.796,46.238,29.48,37.742,34.286,41,30.596,23.594,21.038,27.194,23.684,37.238
201301080700,38.516,40.046,41.198,40.1,48.74,49.352,38.264,46.292,29.93,35.834,33.26,41.378,31.028,23.054,20.606,26.798,21.974,36.446
201301080800,38.156,40.37,40.91,40.172,47.984,48.668,37.904,46.13,28.94,34.25,33.422,40.172,30.92,22.442,20.048,25.376,20.57,36.626
201301080900,37.94,40.622,39.938,40.496,47.804,48.47,36.86,42.584,26.834,32.684,32.99,39.416,31.082,22.622,19.148,25.196,19.922,35.69
201301081000,37.85,41.648,39.416,40.82,46.004,47.444,39.848,41.324,26.33,31.82,32.036,39.02,30.938,23.072,19.148,24.548,18.68,34.826
201301081100,37.688,41.648,38.948,41.342,46.13,46.508,39.002,39.452,26.654,34.988,30.92,37.814,30.704,22.478,20.678,24.314,17.204,33.476
201301081200,37.346,42.494,39.002,42.062,46.706,45.968,39.254,38.084,26.276,34.268,30.29,36.788,30.866,22.424,21.02,23.792,17.132,31.19
201301081300,37.022,43.214,37.922,42.926,46.058,45.968,39.29,36.554,26.024,35.762,29.876,37.256,31.1,23.342,21.83,23.684,15.332,29.876
201301081400,36.824,43.826,39.38,43.988,45.086,45.608,37.994,36.554,25.628,35.924,31.622,39.434,31.928,24.926,23.756,26.366,17.312,33.35
201301081500,36.572,46.166,39.038,44.96,44.474,45.392,36.806,39.812,26.402,40.406,39.092,44.312,34.988,30.632,27.194,31.046,22.046,40.712
201301081600,36.824,46.886,39.686,45.932,47.552,47.03,40.514,43.646,30.83,45.482,44.078,48.866,39.938,34.304,30.038,35.618,25.7,44.906
201301081700,37.868,47.228,41.9,46.94,53.042,50.702,46.994,48.866,34.628,48.128,48.83,51.962,42.404,37.508,33.566,38.588,28.994,49.136
201301081800,38.498,48.398,46.292,47.12,58.046,53.924,49.856,53.312,39.29,51.152,51.656,55.076,45.662,40.334,36.536,42.314,32.54,52.376
201301081900,39.056,49.046,50.432,48.326,61.178,56.426,53.474,55.346,42.242,52.736,53.798,56.246,47.876,42.458,39.02,44.762,34.34,54.464
201301082000,37.976,48.506,50.756,46.58,65.084,62.222,54.914,59.108,40.964,56.336,51.674,60.26,50.09,47.408,39.254,49.874,38.39,52.484
201301082100,40.73,50.774,53.906,49.082,63.5,59.972,56.498,58.118,43.322,54.032,53.276,56.228,46.634,42.44,37.832,45.356,34.484,53.186
201301082200,41.576,51.638,55.652,49.46,64.652,61.754,58.01,59.504,43.862,54.68,53.024,56.228,46.004,42.422,37.238,45.644,34.556,52.538
201301082300,41.198,52.07,56.768,48.92,64.832,60.638,58.352,58.946,44.366,54.734,51.692,55.868,44.132,38.714,35.384,41.522,32.18,48.65
201301090000,41.18,51.422,55.634,48.11,63.122,58.604,57.218,57.128,39.758,52.898,49.154,52.574,42.872,37.166,34.124,38.588,29.714,44.636
201301090100,41.018,50.288,53.312,47.588,60.116,56.012,52.952,53.348,32.342,51.368,47.516,50.414,41.72,35.834,33.404,35.636,29.48,42.062
201301090200,41.018,49.118,51.746,46.544,57.362,53.852,49.946,50.954,31.478,50.108,47.3,49.604,41.666,35.726,32.342,32.522,29.912,41.486
201301090300,40.478,47.768,49.91,46.454,55.49,51.584,47.732,49.352,31.082,50.432,45.968,49.586,40.622,34.538,31.406,29.768,29.174,39.884
201301090400,40.19,46.922,49.082,45.878,52.754,49.406,48.056,46.166,29.156,51.008,45.356,50.72,40.352,33.602,31.028,29.57,27.338,39.686
201301090500,39.758,46.292,47.714,45.59,51.422,47.75,46.886,46.364,29.75,50.882,45.752,51.638,39.974,33.728,30.524,28.886,27.014,39.776
201301090600,38.48,45.338,46.13,45.464,49.586,46.166,44.996,45.14,27.05,49.154,45.968,52.088,39.128,33.206,29.66,28.508,25.376,39.938
201301090700,39.38,44.924,45.554,45.266,48.758,45.536,44.168,46.418,28.76,48.47,45.842,52.664,38.084,31.694,28.886,28.004,24.962,39.182
201301090800,38.372,44.492,45.068,44.744,47.984,44.366,44.438,45.752,28.94,48.596,46.22,52.772,37.328,31.118,28.742,28.166,25.826,38.156
201301090900,38.192,44.546,44.762,44.6,46.76,44.006,45.158,45.212,27.464,48.542,46.436,51.62,36.32,29.768,28.238,27.842,26.096,39.056
201301091000,38.012,44.6,44.456,44.438,45.518,43.646,45.878,44.672,25.97,48.488,46.652,50.45,35.312,28.418,27.734,27.5,26.366,39.956
201301091100,38.336,44.798,42.89,44.42,45.014,42.494,41.972,39.596,24.08,47.894,46.886,50.306,36.302,27.23,28.454,29.39,23.684,40.424
201301091200,38.336,44.6,42.908,44.366,44.78,42.44,41.522,38.246,24.494,48.02,47.03,50.774,36.194,28.094,28.076,28.886,23.162,41.288
201301091300,38.318,44.384,42.908,44.294,44.546,42.368,41.054,36.878,24.908,48.128,47.156,51.224,36.086,28.958,27.68,28.382,22.622,42.134
201301091400,38.246,45.032,43.124,42.818,44.42,40.964,40.658,35.528,23.36,48.596,47.228,54.068,36.59,31.064,28.922,30.452,26.042,44.006
201301091500,37.922,45.878,43.646,42.044,45.284,43.178,41.648,38.336,27.5,48.83,47.552,55.616,39.074,35.366,32.162,39.668,30.488,45.77
201301091600,38.552,47.012,44.132,41.198,48.236,47.012,44.69,43.718,30.146,50.216,47.534,56.246,42.44,40.766,35.006,47.444,34.898,47.444
201301091700,38.678,48.092,46.706,41.108,54.122,52.988,49.658,49.334,35.87,51.152,47.39,57.794,46.166,44.708,37.976,52.934,36.824,48.956
201301091800,38.498,49.784,49.784,40.946,61.034,60.584,53.924,55.058,39.38,52.538,47.084,59.036,49.604,48.452,40.154,55.364,37.94,50.162
201301091900,38.66,50.81,51.17,41.828,63.932,63.608,57.632,59.018,41.09,53.222,46.868,60.044,51.998,50.684,41.396,57.398,39.74,51.116
201301092000,38.66,51.458,53.114,43.232,67.622,64.994,59.612,62.006,43.934,53.456,47.156,60.674,53.528,52.214,41.936,58.748,42.26,51.674
201301092100,37.886,52.106,54.572,45.23,68.576,66.362,62.132,63.356,44.906,53.78,47.48,61.52,53.528,52.97,41.918,59.45,43.808,52.322
201301092200,36.986,52.412,55.904,47.282,67.64,66.794,63.302,64.436,44.708,54.374,47.138,62.204,53.366,50.27,40.658,56.516,42.404,51.854
201301092300,36.914,52.844,55.76,49.208,65.462,65.462,63.446,64.652,42.998,55.058,46.868,62.69,51.224,47.264,38.894,51.926,38.048,51.008
201301100000,36.752,52.844,53.978,50.252,63.032,61.664,61.538,61.934,39.2,55.184,46.598,62.798,49.316,46.004,38.048,49.46,37.202,49.982
201301100100,37.868,52.934,51.728,50.558,60.476,57.74,57.326,58.604,35.438,55.886,46.454,62.69,47.804,46.706,37.454,47.264,35.798,50.162
201301100200,38.354,50,49.19,49.46,56.372,54.644,55.346,52.34,34.43,55.994,46.778,62.294,44.006,46.454,37.67,46.004,29.822,49.442
201301100300,37.22,46.022,48.362,46.022,51.962,50.36,56.12,48.002,29.552,53.582,49.478,68.288,41.918,43.88,36.644,47.3,36.806,50.756
201301100400,35.024,34.466,47.066,36.95,43.646,42.386,46.418,39.74,18.986,48.614,56.552,64.256,36.32,37.256,35.51,51.836,22.64,55.04
201301100500,34.43,34.268,46.472,36.338,41.162,39.956,36.698,37.364,16.952,47.48,57.056,64.112,35.978,36.716,34.538,51.494,21.434,54.878
201301100600,37.202,45.194,47.174,43.916,48.866,47.03,40.604,43.646,16.34,47.624,58.424,63.05,37.472,43.394,39.65,51.386,23.288,54.23
201301100700,35.474,43.124,46.166,40.586,44.708,43.034,26.366,39.848,13.856,46.058,58.622,63.23,36.518,41.666,37.67,51.008,21.092,54.23
201301100800,37.13,52.196,46.436,45.428,50.72,48.524,25.736,44.672,12.776,45.77,59.702,62.492,37.4,47.138,41.756,50.846,21.92,53.744
201301100900,38.768,51.314,46.706,50.288,48.902,47.858,45.446,43.448,28.148,54.806,49.658,61.736,35.456,48.596,39.2,49.532,39.776,50.576
201301101000,44.06,45.392,45.518,49.172,37.22,36.176,44.528,32.396,27.374,54.806,50.144,62.924,38.498,45.446,31.892,50.666,42.224,50.9
201301101100,38.588,39.452,44.924,40.28,38.768,38.246,36.518,31.73,18.464,48.236,53.69,61.43,38.714,42.296,31.874,51.8,33.944,51.584
201301101200,39.92,41.612,45.068,40.154,38.714,40.622,41.378,31.478,19.382,52.358,52.592,60.836,39.326,45.878,34.268,54.086,40.604,53.834
201301101300,33.314,32.99,44.366,29.804,40.802,42.602,31.226,30.668,8.834,44.024,56.912,59.198,39.416,40.496,33.458,54.824,29.822,54.248
201301101400,33.512,32.45,44.384,28.22,41.288,44.888,33.944,30.272,8.096,46.346,56.588,58.442,39.884,41.828,35.042,56.732,33.998,56.246
201301101500,33.008,38.174,45.122,34.52,42.998,44.114,37.454,41.108,27.644,50.45,55.67,61.124,41.45,46.886,36.86,52.394,34.862,57.848
201301101600,33.44,35.528,44.906,30.308,43.07,47.408,39.92,36.986,23.558,52.196,55.526,59.216,41.576,46.976,38.372,56.372,40.118,59.972
201301101700,33.17,39.164,45.41,33.98,44.366,47.642,43.16,44.078,39.722,55.724,54.806,60.746,42.764,50.792,40.118,54.122,42.098,61.718
201301101800,39.812,42.8,48.794,37.652,57.182,60.656,50.27,61.628,42.35,59.234,54.086,64.436,48.614,54.608,48.596,51.854,44.06,61.574
201301101900,33.872,40.478,50.252,37.706,62.312,65.156,46.994,53.6,39.02,59.9,56.174,62.51,46.13,55.22,42.08,55.976,43.484,62.69
201301102000,34.826,38.156,49.442,37.76,55.382,57.83,47.588,56.048,44.636,60.566,58.244,62.744,48.308,55.832,42.314,60.116,42.908,62.744
201301102100,35.6,43.106,51.674,39.938,62.366,63.086,54.266,65.624,47.39,61.25,55.742,63.536,50.972,51.26,42.962,52.898,40.424,62.546
201301102200,36.608,43.196,50.846,39.632,62.402,62.042,53.834,70.43,52.052,61.898,56.3,63.68,53.294,50.144,43.322,58.928,39.2,62.6
201301102300,37.4,42.08,53.078,41.45,53.798,60.728,59.504,68.918,50.774,62.582,55.922,64.382,49.694,46.724,40.568,53.6,41.63,62.384
201301110000,35.6,40.946,51.26,41.45,61.52,57.866,54.14,64.436,42.548,59.684,56.786,64.4,50.18,44.33,38.768,53.6,39.2,61.772
201301110100,38.624,39.632,50.054,40.694,58.01,54.986,52.034,59,39.974,57.596,55.922,63.86,50.666,43.484,36.554,53.6,36.878,60.944
201301110200,38.624,38.318,48.164,38.516,55.994,55.256,51.242,56.642,37.4,55.382,55.724,63.104,44.6,43.124,34.79,53.6,35.816,60.872
201301110300,38.624,37.202,49.532,38.894,54.986,54.464,50.45,54.302,35.942,53.366,55.508,63.392,44.6,41.576,33.098,53.15,33.494,59.648
201301110400,32.918,36.086,47.012,37.544,45.446,48.452,49.226,51.944,30.704,47.624,55.958,56.696,46.328,40.028,31.406,57.668,30.2,59.666
201301110500,36.788,35.24,47.732,36.176,53.15,52.898,48.002,49.478,33.026,49.334,56.408,62.6,44.6,40.064,29.282,52.268,30.614,57.794
201301110600,35.78,35.222,47.21,36.176,55.148,53.06,47.444,48.272,30.722,48.164,56.174,61.682,44.6,40.01,28.076,52.268,28.616,57.524
201301110700,35.168,35.204,45.878,36.572,45.194,53.204,38.678,49.856,28.364,48.164,55.922,61.7,44.6,40.64,26.33,52.268,40.37,56.948
201301110800,36.788,35.204,47.912,36.932,54.626,53.51,46.292,47.084,27.626,48.182,55.922,61.718,44.6,42.422,26.456,52.268,28.616,57.596
201301110900,33.8,35.204,47.192,36.446,54.626,53.942,45.986,44.672,28.148,47.588,56.408,61.16,44.6,42.764,26.456,52.268,28.616,57.848
201301111000,35.6,35.6,46.472,36.446,54.518,45.716,48.29,45.896,25.826,47.03,56.93,60.512,42.8,44.582,24.53,53.6,28.616,57.524
201301111100,35.024,35.816,47.84,35.69,54.392,54.194,50.252,47.336,21.974,46.112,56.642,59.954,42.8,43.736,26.744,53.6,29.876,58.1
201301111200,35.312,36.032,46.184,35.69,53.348,54.068,50.54,43.664,24.026,44.582,56.336,59.936,42.8,43.412,26.078,53.6,32.018,58.37
201301111300,33.8,36.284,45.68,35.132,40.046,53.942,50.99,43.088,22.748,44.204,55.058,57.542,39.2,43.07,28.562,54.068,32.756,58.928
201301111400,35.294,36.518,46.166,35.528,53.348,52.988,50.432,43.142,22.748,48.182,55.256,55.148,39.2,43.7,34.232,55.868,34.538,59.882
201301111500,33.512,36.284,46.4,35.528,50.918,52.916,50.414,45.806,24.8,50.702,55.436,57.83,40.1,43.556,38.66,57.668,35.816,60.764
201301111600,33.8,36.032,45.176,35.132,52.16,54.248,51.278,48.812,29.426,53.204,57.2,60.206,41,43.412,39.614,59.468,37.4,61.628
201301111700,32,32.288,48.992,34.988,53.51,54.248,51.386,46.76,30.83,57.488,59.846,62.294,48.038,50.738,41.684,62.96,38.66,62.582
201301111800,33.8,36.95,50.054,35.438,54.842,54.986,52.538,56.048,38.174,60.62,56.876,64.382,42.206,44.366,43.754,61.862,39.2,63.356
201301111900,35.6,37.4,51.08,35.888,55.706,55.004,53.69,56.876,39.452,63.734,56.714,66.452,42.8,44.852,44.744,63.068,39.47,64.112
201301112000,37.346,37.832,51.476,36.824,56.588,55.184,54.23,58.208,43.052,64.328,55.436,68,44.6,47.498,43.754,64.4,39.74,65.372
201301112100,37.508,38.516,51.872,37.202,56.498,55.364,50.954,57.038,42.152,64.904,54.788,68.774,44.6,48.146,42.458,63.734,39.2,66.02
201301112200,37.094,39.2,52.772,37.202,56.408,55.526,48.524,55.85,41.252,62.546,54.122,67.838,46.4,54.518,41.144,63.068,39.2,66.002
201301112300,36.68,39.2,53.672,37.202,54.302,53.978,42.926,56.282,39.974,60.188,54.122,66.884,46.4,49.424,38.804,62.6,39.2,65.984
201301120000,32,39.2,51.242,37.31,52.556,52.448,46.166,53.924,39.452,57.74,52.322,61.952,46.4,49.622,38.354,63.068,39.2,63.41
201301120100,30.2,37.4,48.452,37.202,50.72,51.926,44.69,51.782,37.148,55.274,51.35,56.93,46.4,49.802,43.25,64.4,39.938,62.348
201301120200,30.2,36.968,47.138,37.31,48.038,51.692,44.06,52.52,37.4,48.92,56.03,61.178,44.852,51.404,38.354,64.4,41.738,62.6
201301120300,31.712,36.77,46.148,36.806,47.552,52.178,43.43,52.232,36.626,46.832,51.044,55.976,48.2,52.538,38.75,64.4,42.8,61.988
201301120400,30.2,36.572,45.626,35.384,47.93,51.944,42.062,51.818,35.852,43.934,50.144,55.076,50,54.176,39.614,64.4,43.862,61.826
201301120500,29.912,35.168,45.086,34.52,47.696,51.692,41.054,50.018,22.028,43.934,51.044,53.312,51.8,56.93,42.35,64.868,44.6,61.754
201301120600,29.894,34.286,44.978,33.8,47.156,50.828,40.028,48.2,38.174,43.934,50.522,52.232,51.8,54.716,43.556,66.2,45.14,61.664
201301120700,29.588,33.44,44.096,31.838,45.914,49.73,39.29,45.86,39.452,43.898,50.558,53.024,51.8,54.104,44.456,65.534,46.94,61.664
201301120800,27.536,33.44,45.374,31.784,46.112,49.046,37.49,45.23,39.974,44.978,49.73,52.106,51.8,53.294,45.356,64.868,48.002,61.988
201301120900,27.824,33.35,44.42,31.622,45.914,47.282,35.42,43.43,37.922,44.528,50.144,50.918,51.8,52.952,46.13,63.968,49.802,61.988
201301121000,27.536,32.576,44.348,31.244,45.554,48.182,34.844,41.99,35.852,44.06,49.136,49.982,51.8,52.178,50.972,63.068,51.278,62.816
201301121100,27.788,32.522,43.232,31.118,44.726,44.924,36.302,41.81,38.174,42.908,49.136,49.226,51.8,51.404,48.848,62.6,50.54,63.14
201301121200,27.086,32.666,43.214,30.578,44.15,41.648,36.302,38.462,36.878,43.538,50.9,49.1,51.8,51.404,53.168,61.934,51.8,63.176
201301121300,25.988,31.604,44.618,29.642,44.168,40.55,32.81,36.77,32.252,43.808,49.028,48.47,51.8,51.404,52.556,61.268,51.278,63.14
201301121400,25.7,31.082,43.394,30.2,42.872,40.478,32.072,35.906,30.452,51.494,54.23,48.758,51.8,50.18,51.368,62.6,53.6,63.77
201301121500,25.736,30.434,42.17,30.2,42.386,44.762,33.224,39.2,29.174,53.762,58.658,54.86,51.8,54.212,50.378,63.068,55.4,64.4
201301121600,25.736,30.776,44.15,28.778,46.202,47.876,35.582,42.818,30.2,56.03,63.608,61.574,55.094,55.67,49.028,64.868,55.202,65.426
201301121700,27.266,30.02,45.482,29.804,51.116,51.44,39.29,44.258,32.774,59.954,66.2,66.074,55.4,58.082,48.578,66.668,55.418,65.894
201301121800,24.8,33.35,46.814,31.604,52.376,53.168,41.09,46.418,32.774,62.222,68.864,70.196,60.35,61.376,49.028,68.468,55.4,66.938
201301121900,28.4,35.69,47.93,33.944,52.394,53.438,43.214,48.578,32.774,66.218,69.008,70.178,60.494,62.6,47.246,70.268,55.94,68.036
201301122000,32.234,37.4,50.576,34.106,53.312,53.438,43.628,51.08,34.052,67.64,69.908,70.286,60.494,63.248,51.368,70.268,56.498,65.678
201301122100,33.08,39.2,53.204,35.096,54.212,53.438,44.132,52.16,32.774,67.604,70.25,70.394,60.494,61.556,51.566,70.268,55.94,64.67
201301122200,33.908,39.2,53.06,36.518,53.96,52.124,43.718,51.62,32.252,67.604,69.908,67.064,60.494,59.162,51.764,66.668,55.4,64.958
201301122300,28.4,38.372,52.844,35.762,52.484,52.196,43.718,51.08,30.452,66.74,68.144,66.128,60.494,57.992,51.764,63.068,52.322,65.048
201301130000,32.234,36.122,50.792,35.384,51.386,49.388,42.566,47.48,26.348,64.328,66.938,64.346,60.494,55.976,52.214,61.754,51.8,64.454
201301130100,31.136,32.234,48.578,33.206,50.018,47.138,40.028,44.996,23,60.962,65.138,63.176,60.494,55.634,52.214,63.068,51.8,63.896
201301130200,29.336,29.804,45.122,32.288,49.118,47.012,38.732,42.494,26.6,62.06,65.336,62.258,60.494,55.292,52.214,65.012,51.062,64.148
201301130300,29.336,28.976,47.048,28.904,47.876,45.644,37.49,39.218,24.17,64.31,64.868,62.582,60.494,55.634,52.214,64.4,51.8,63.86
201301130400,28.994,29.372,45.248,29.498,47.714,44.834,37.616,37.994,21.722,66.488,64.4,62.582,60.494,55.67,51.8,66.2,51.278,63.608
201301130500,29.534,28.544,42.278,28.688,47.21,44.708,36.464,36.23,20.678,67.334,64.922,62.888,58.694,43.898,51.8,66.2,51.8,62.762
201301130600,28.4,27.572,43.916,28.202,46.688,44.564,33.692,34.394,21.2,67.082,65.786,64.976,53.6,55.634,51.8,65.732,50.36,61.592
201301130700,21.2,28.04,42.512,25.934,45.914,43.988,33.188,32.99,18.122,67.082,51.476,67.748,42.944,55.724,51.8,66.2,48.038,61.844
201301130800,19.4,27.518,40.118,27.266,44.402,43.394,32.576,31.388,16.322,67.082,65.3,68.936,40.64,55.22,53.024,66.2,46.976,61.844
201301130900,19.4,26.672,41.828,26.762,44.402,41.72,31.712,31.37,15.026,67.082,65.3,70.952,38.318,54.698,52.25,66.2,45.896,62.168
201301131000,19.4,25.808,40.406,26.402,44.15,39.812,31.334,31.046,13.226,67.406,65.408,71.6,38.318,52.682,51.8,66.2,48.038,61.268
201301131100,19.4,26.69,38.588,25.484,43.142,39.47,30.308,28.4,11.426,67.406,64.922,71.6,38.318,52.808,52.214,66.2,50.792,61.286
201301131200,19.4,26.546,38.21,25.484,41.864,39.11,31.712,26.6,11.948,66.506,64.922,71.87,38.318,49.478,52.214,66.2,51.062,61.97
201301131300,17.6,27.374,37.526,24.98,41.63,38.678,30.614,29.318,11.426,66.776,63.608,72.104,30.29,48.164,52.214,64.634,50.54,61.736
201301131400,32.09,28.436,37.49,25.106,41,29.804,29.246,30.668,14.252,67.658,64.022,72.374,30.29,51.836,51.08,64.868,51.062,62.312
201301131500,23.954,28.886,37.454,25.754,40.352,41.612,29.894,32.018,17.078,68.108,65.192,72.896,30.29,55.49,49.946,65.3,55.04,64.256
201301131600,15.8,29.318,42.494,26.402,46.67,45.824,30.524,37.112,19.4,68.54,66.344,73.4,30.29,56.264,47.318,65.732,59,66.182
201301131700,15.8,29.318,43.214,27.518,43.106,49.208,34.124,40.856,22.496,69.458,52.016,73.652,30.29,42.062,45.446,66.2,59.216,68.468
201301131800,18.32,30.92,46.778,29.786,51.8,52.592,35.708,44.6,25.574,70.07,58.172,74.048,31.586,54.788,43.574,67.532,60.638,70.322
201301131900,20.84,32.522,47.534,32.036,54.374,53.87,37.292,45.806,27.374,70.682,54.086,74.444,32.864,50.846,41.81,68,62.06,72.158
201301132000,26.6,32.432,47.894,34.34,50.99,54.302,38.264,47.534,28.022,71.582,52.7,74.948,32.864,39.11,34.016,68.234,62.6,73.148
201301132100,28.4,32.828,48.236,35.33,55.04,54.716,39.758,49.244,28.652,71.87,52.124,74.3,32.864,47.012,39.416,68.468,61.7,72.536
201301132200,30.2,32.972,48.524,36.302,54.932,54.554,41.234,50.36,26.852,72.14,51.53,73.652,32.864,45.104,38.21,68,60.8,71.906
201301132300,31.28,32.504,48.254,36.428,53.186,51.512,41,47.102,25.952,70.682,45.086,73.4,32.864,43.07,31.028,54.698,58.982,69.602
201301140000,28.04,30.83,47.048,34.826,51.44,50.918,39.578,46.778,25.052,69.458,41.504,73.166,32.864,40.964,36.464,68.468,57.2,66.542
201301140100,24.8,29.768,45.986,33.206,50.198,47.93,38.138,43.43,22.748,68.216,37.922,72.914,32.864,38.858,35.582,68.468,55.4,63.464
201301140200,27.266,28.922,45.41,31.784,47.876,45.104,34.574,40.568,24.8,67.406,34.52,72.392,32.864,36.986,27.824,68,56.138,61.106
201301140300,21.2,27.608,45.572,30.74,46.67,44.042,32.774,37.868,21.2,61.25,36.986,71.996,32.864,34.358,32.522,68,55.4,61.178
201301140400,21.2,27.158,43.286,28.94,45.23,42.116,29.768,36.23,14.828,57.164,36.986,72.518,32.864,33.476,30.956,68,55.4,63.212
201301140500,19.4,26.69,41.504,28.454,43.664,40.55,29.858,35.564,15.8,55.04,37.508,72.32,32.864,33.17,23.936,68.468,55.4,62.564
201301140600,34.916,27.698,41.09,28.202,42.386,40.046,29.912,32.018,15.278,52.916,36.608,72.104,32.864,32.216,30.2,68,52.214,62.33
201301140700,23.072,28.796,40.028,26.222,41.396,39.578,29.966,32.99,14,50.54,35.708,67.514,20.282,31.946,23.036,66.668,44.024,61.232
201301140800,17.6,29.318,38.768,26.024,41.378,31.118,28.868,29.66,11.678,48.74,35.708,58.91,20.282,31.046,29.156,47.264,44.024,62.312
201301140900,17.6,28.886,37.49,25.682,41.378,39.218,27.752,29.588,7.826,47.588,35.186,50.594,20.282,30.146,29.156,66.2,42.224,62.564
201301141000,15.8,28.922,37.58,25.718,41.612,38.786,27.752,27.842,7.826,46.04,34.322,47.12,20.282,29.246,30.182,66.2,39.2,62.24
201301141100,15.8,28.922,38.714,25.718,40.352,38.768,27.752,28.4,7.322,44.834,33.908,45.698,20.282,28.508,22.352,66.2,39.2,62.564
201301141200,15.8,28.922,39.83,25.718,39.578,38.75,25.988,26.222,7.322,44.834,33.386,43.304,20.282,27.77,29.786,61.754,39.2,62.33
201301141300,17.6,27.572,39.452,24.026,27.104,39.848,25.844,26.312,7.322,43.34,33.386,42.17,17.87,27.194,27.986,61.52,38.138,62.852
201301141400,23,27.572,38.696,25.052,37.184,40.226,25.214,27.014,7.322,42.116,33.53,41.954,17.87,26.618,22.514,61.268,38.138,63.374
201301141500,20.012,27.518,36.428,24.674,36.644,44.384,23.774,31.622,12.974,43.34,34.322,42.386,17.87,26.276,26.582,61.268,37.4,64.13
201301141600,19.4,27.752,40.424,24.17,44.87,48.524,26.312,35.618,16.574,44.582,35.33,42.602,17.87,26.132,26.582,61.268,37.4,64.634
201301141700,30.236,27.968,42.278,26.474,49.244,53.042,30.524,38.606,20.948,48.128,36.986,43.268,17.87,25.97,26.312,62.6,36.878,66.182
201301141800,20.48,29.768,44.348,28.274,53.006,54.338,32.738,42.098,23.252,50.81,39.2,45.068,17.87,25.214,26.042,63.554,35.6,69.026
201301141900,22.28,28.976,45.842,30.578,54.428,55.22,34.502,44.024,25.574,53.834,41.9,46.202,25.61,25.124,25.628,65.822,34.538,70.628
201301142000,24.8,31.172,44.402,33.8,54.662,55.004,34.628,45.338,23.666,55.382,41.774,47.966,25.61,25.016,25.628,64.508,31.478,70.628
201301142100,31.64,31.226,47.336,35.456,54.878,54.77,36.068,46.634,24.764,55.076,41.648,49.298,25.646,24.854,24.152,59.702,33.134,71.15
201301142200,31.73,31.568,47.606,35.42,54.752,53.834,35.672,47.282,24.35,54.554,40.964,49.856,25.97,25.034,22.748,47.462,32.954,70.196
201301142300,31.55,31.424,48.002,35.06,53.834,53.15,36.734,46.994,23.702,53.258,39.182,49.208,24.818,23.972,21.092,40.838,32.738,69.242
201301150000,31.172,30.2,47.57,33.53,52.178,51.53,35.906,44.942,22.46,48.434,36.662,47.876,22.388,22.892,20.156,37.742,29.732,68.756
201301150100,31.01,28.904,46.742,31.496,50.432,49.73,34.664,41.864,20.444,46.04,35.546,47.246,21.74,22.388,19.634,35.96,28.49,68.216
201301150200,30.272,27.626,42.746,30.362,48.65,47.048,34.052,39.614,17.33,44.906,34.502,46.562,19.994,21.776,17.87,35.726,27.158,67.928
201301150300,32.792,27.014,41.198,29.786,46.976,44.816,31.676,36.68,11.336,42.944,33.224,45.446,18.608,20.858,16.682,36.77,24.368,67.154
201301150400,32.72,26.78,39.614,29.642,45.932,43.376,30.65,34.844,12.38,41.792,31.982,45.716,18.284,20.084,16.25,36.77,24.17,65.498
201301150500,31.352,26.762,41.576,29.66,43.646,42.08,29.822,32.63,15.98,40.208,30.632,45.608,17.366,19.382,15.224,36.194,22.298,64.166
201301150600,33.89,26.258,41.288,29.048,41.9,41.432,29.336,32.882,14.144,39.812,29.894,44.798,16.988,19.13,14.288,34.97,21.884,63.644
201301150700,33.89,26.996,40.46,28.976,41.864,40.676,28.4,32.828,12.074,38.66,29.336,44.582,16.34,18.968,13.604,33.422,21.164,63.428
201301150800,31.478,27.536,40.532,28.922,42.476,40.676,27.302,30.272,10.202,37.202,28.526,44.384,15.566,18.788,13.388,33.044,20.408,63.518
201301150900,31.892,27.536,40.064,28.886,41.558,40.244,26.132,29.192,8.132,36.968,28.436,44.168,13.658,18.284,17.168,31.55,19.67,63.896
201301151000,31.892,28.076,39.308,29.102,41.108,40.694,25.736,28.472,10.256,36.68,28.67,44.168,12.686,17.942,12.506,29.984,19.112,63.122
201301151100,31.892,28.382,37.742,28.868,40.154,39.722,25.268,27.212,9.752,36.05,28.598,43.466,12.92,17.834,12.578,28.652,18.356,63.302
201301151200,31.892,28.274,35.78,29.246,39.2,39.452,24.098,27.284,9.68,36.05,28.778,42.224,12.542,17.33,12.578,28.472,17.798,61.394
201301151300,31.82,28.382,36.032,29.552,39.002,38.858,24.314,26.348,10.112,35.636,29.03,40.892,12.308,17.078,12.362,28.652,17.096,58.658
201301151400,30.326,28.49,35.96,29.84,38.948,37.868,23.558,25.808,13.1,35.132,29.39,39.668,12.776,18.734,13.316,28.436,18.014,56.336
201301151500,30.29,28.508,36.554,30.002,39.362,40.37,24.656,29.048,15.35,36.716,31.856,39.596,16.232,20.48,15.998,29.336,19.67,53.672
201301151600,30.236,28.508,37.148,30.164,39.776,42.854,25.736,32.27,17.6,38.282,34.322,39.524,19.688,22.226,18.68,30.218,21.308,51.008
201301151700,31.37,28.814,41.162,30.992,44.222,47.246,27.986,36.158,19.544,41.972,37.22,40.226,23.702,23.09,21.056,32.072,22.262,51.422
201301151800,31.514,29.516,43.52,32.27,47.336,49.604,29.93,37.868,20.138,45.266,39.362,41.486,25.79,24.008,22.604,32.486,23.09,51.854
201301151900,31.64,30.218,45.86,33.53,50.45,51.944,31.856,39.56,20.714,48.56,41.486,42.728,27.878,24.908,24.134,32.9,23.918,52.268
201301152000,32.036,30.956,46.526,34.628,52.358,53.042,33.98,40.91,20.39,50.306,43.16,44.564,29.012,25.934,25.664,30.668,23.342,52.898
201301152100,32.72,31.388,48.956,35.834,53.78,53.726,35.132,42.512,20.786,51.404,43.16,44.258,30.002,26.24,26.078,30.182,23.486,53.294
201301152200,33.296,31.712,49.19,36.158,54.014,53.888,34.574,43.628,21.362,51.548,42.98,43.736,29.642,25.25,25.016,29.804,24.674,53.816
201301152300,33.062,31.694,50.414,36.374,53.618,52.988,36.104,43.502,21.83,49.604,42.422,43.07,27.374,25.016,23.54,30.254,23.702,52.052
