date,Vancouver,Portland,San Francisco,Seattle,Los Angeles,San Diego,Las Vegas,Phoenix,Albuquerque,Denver,San Antonio,Dallas,Houston,Kansas City,Minneapolis,Saint Louis,Chicago,Nashville,Indianapolis,Atlanta,Detroit,Jacksonville,Charlotte,Miami,Pittsburgh,Toronto,Philadelphia,New York,Montreal,Boston,Beersheba,Tel Aviv District,Eilat,Haifa,Nahariyya,Jerusalem
2016-1-1T0Z,74,47,69,70,17,28,22,21,39,59,54,61,62,64,72,74,79,64,86,81,91,83,93,78,78,69,82,65,74,61,100,93,100,100,100,93
2016-1-1T1Z,78,47,74,86,22,38,22,26,41,67,53,61,61,64,72,74,79,64,86,81,91,83,92,78,86,70,82,73,74,59,100,88,100,100,100,91
2016-1-1T2Z,100,59,85,92,33,59,34,42,47,61,53,64,61,73,78,78,89,70,86,85,90,88,92,86,80,86,82,100,74,79,100,62,100,100,100,62
2016-1-1T3Z,97,55,80,92,21,53,24,30,47,67,57,70,81,86,78,80,79,69,79,87,89,100,100,83,86,85,82,89,74,69,100,63,96,97,97,62
2016-1-1T4Z,86,55,77,72,27,61,26,29,57,69,57,70,76,63,78,80,73,69,79,93,74,88,71,100,86,74,81,56,79,64,100,71,67,81,81,71
2016-1-1T5Z,89,55,74,50,34,70,29,28,68,72,56,70,75,63,78,79,73,69,79,92,74,88,71,99,86,75,81,70,80,64,100,75,74,85,85,74
2016-1-1T6Z,92,55,80,100,32,79,29,35,79,78,57,60,76,68,85,80,73,69,73,75,68,94,71,100,74,69,60,56,79,64,100,66,62,81,81,66
2016-1-1T7Z,92,55,74,79,32,78,31,37,85,78,61,75,76,73,92,80,73,69,85,93,63,100,66,100,74,74,69,60,79,69,100,54,58,61,61,54
2016-1-1T8Z,92,56,75,80,33,77,32,38,85,76,60,75,74,73,91,79,75,69,85,92,64,99,67,100,74,74,69,60,74,71,100,50,55,70,70,50
2016-1-1T9Z,92,55,80,85,31,78,31,37,73,78,61,80,76,68,79,80,62,69,85,93,68,100,71,94,74,74,74,60,76,64,99,52,53,70,70,51
2016-1-1T10Z,92,55,74,100,33,77,34,40,85,78,80,80,75,68,85,92,67,69,85,87,74,100,81,100,74,74,74,64,86,64,99,71,46,75,75,71
2016-1-1T11Z,85,50,64,92,31,56,34,55,85,78,75,64,81,68,85,68,73,69,85,75,68,94,87,88,74,74,60,59,86,69,99,62,41,75,75,62
2016-1-1T12Z,92,56,68,94,31,62,34,56,81,75,99,64,75,68,85,68,73,69,85,86,74,100,87,100,74,79,69,60,86,64,99,76,36,81,81,62
2016-1-1T13Z,100,73,80,100,31,77,34,55,73,71,100,74,75,73,85,68,67,74,79,80,73,88,87,88,74,68,55,55,92,69,99,66,50,70,70,81
2016-1-1T14Z,100,74,74,63,28,79,34,43,63,77,100,69,81,79,85,68,73,69,79,86,86,88,76,78,68,92,69,60,92,64,98,81,41,81,81,81
2016-1-1T15Z,100,74,59,79,30,39,31,55,85,65,70,74,81,73,79,68,68,74,79,70,92,88,70,74,58,80,52,60,86,59,98,66,41,75,75,66
2016-1-1T16Z,85,58,69,100,28,36,31,33,79,61,61,60,70,68,73,66,79,69,73,75,86,78,53,65,59,74,65,52,90,55,97,81,44,100,100,81
2016-1-1T17Z,100,58,70,100,27,35,31,33,79,60,57,56,70,84,73,59,73,59,79,75,86,93,46,62,58,79,64,52,87,55,98,76,44,100,100,76
2016-1-1T18Z,100,67,64,55,23,16,27,28,58,41,57,55,69,83,68,58,73,58,78,75,79,93,46,62,58,79,63,54,85,55,98,75,44,100,100,75
2016-1-1T19Z,100,47,69,44,14,20,22,24,54,26,65,45,66,55,58,51,74,48,73,75,79,100,46,65,50,80,60,60,80,59,98,71,47,100,100,70
2016-1-1T20Z,92,47,42,44,14,17,22,28,58,52,65,45,66,51,68,51,68,45,63,81,79,88,53,69,50,74,60,55,80,51,98,76,47,100,100,70
2016-1-1T21Z,80,46,47,43,13,17,22,28,59,43,65,45,66,48,68,52,74,42,73,61,77,88,57,65,51,68,55,48,80,53,98,66,47,100,100,66
2016-1-1T22Z,83,44,64,41,12,18,22,30,63,20,65,45,66,48,68,51,74,42,73,61,74,87,57,65,55,68,55,48,80,59,97,66,54,100,100,66
2016-1-1T23Z,100,50,75,70,15,25,27,35,70,46,77,56,87,51,76,51,87,48,79,65,79,87,87,78,57,74,55,51,80,79,97,66,100,100,100,66
2016-1-2T0Z,98,47,74,60,15,25,23,41,79,16,87,55,86,51,79,51,74,48,79,65,79,87,86,78,58,74,55,51,78,69,97,67,100,100,100,66
2016-1-2T1Z,92,48,76,75,20,29,23,40,71,23,87,54,71,66,79,60,74,59,85,70,79,93,64,83,58,79,57,51,74,69,97,81,100,100,100,81
2016-1-2T2Z,94,50,80,92,26,35,24,40,63,32,87,48,81,51,79,55,74,55,85,70,79,92,63,83,58,79,59,64,76,69,97,81,100,100,100,82
2016-1-2T3Z,100,50,89,95,34,53,26,39,65,34,87,60,81,55,85,55,74,59,86,80,79,100,45,88,58,79,57,55,79,68,97,70,50,100,100,70
2016-1-2T4Z,100,50,100,100,44,73,29,39,68,37,87,60,80,55,85,55,74,59,85,80,79,99,45,88,58,78,57,53,79,68,97,70,51,100,100,70
2016-1-2T5Z,100,50,100,100,32,80,32,56,85,32,87,69,75,59,85,64,74,64,79,80,79,93,48,88,68,74,69,50,79,68,97,76,57,100,100,76
2016-1-2T6Z,92,50,100,99,31,80,32,56,85,32,81,69,75,84,85,64,73,79,86,76,79,100,48,83,68,68,69,50,68,68,97,81,70,75,75,81
2016-1-2T7Z,93,72,100,86,22,80,32,60,85,41,81,69,75,83,85,64,72,79,86,76,79,99,48,83,68,67,68,51,69,68,97,81,68,73,73,81
2016-1-2T8Z,100,69,86,92,22,80,32,64,85,38,93,78,75,68,92,83,68,79,86,76,79,93,51,100,68,63,59,55,79,58,100,81,62,65,65,81
2016-1-2T9Z,92,58,100,92,22,50,34,61,79,56,93,64,75,74,92,59,68,86,79,64,86,87,55,100,68,79,59,99,79,63,100,76,43,61,61,76
2016-1-2T10Z,100,58,86,92,23,73,34,69,79,51,93,60,70,74,92,74,85,86,86,69,86,100,75,100,68,73,64,99,73,68,100,62,41,70,70,62
2016-1-2T11Z,100,58,86,92,23,73,36,64,79,50,93,60,75,74,92,79,85,79,86,69,86,82,75,94,68,86,61,100,79,68,100,76,38,70,70,76
2016-1-2T12Z,100,63,56,100,27,49,37,69,86,51,86,55,81,73,85,82,73,79,79,69,86,76,86,94,73,68,59,68,79,63,100,54,38,81,81,76
2016-1-2T13Z,92,54,86,100,31,73,68,71,85,40,86,60,81,73,85,77,85,79,92,68,80,87,86,88,73,74,64,50,73,68,100,76,33,87,87,76
2016-1-2T14Z,100,54,86,100,29,73,68,71,73,55,86,64,75,79,85,74,85,86,79,68,80,82,55,88,73,80,55,50,74,55,100,71,38,87,87,71
2016-1-2T15Z,92,58,56,100,29,60,40,71,73,40,86,60,70,74,85,64,73,74,74,64,80,76,48,74,74,82,47,59,79,55,100,71,100,87,87,81
2016-1-2T16Z,92,57,57,100,29,53,39,65,71,40,93,45,61,79,73,59,73,52,74,65,69,81,36,69,74,81,55,47,74,47,95,87,100,75,75,87
2016-1-2T17Z,100,54,64,100,29,33,37,49,68,44,93,46,62,79,73,59,73,52,74,65,69,80,36,69,73,80,55,44,80,47,98,87,100,100,100,87
2016-1-2T18Z,100,47,44,100,23,33,37,49,58,26,86,39,65,55,63,59,74,36,75,65,69,72,34,74,74,79,52,43,80,47,98,87,100,100,100,87
2016-1-2T19Z,100,40,42,69,17,23,25,46,55,21,86,39,100,52,58,45,74,34,64,60,64,67,29,69,59,74,56,41,82,43,98,87,100,100,100,87
2016-1-2T20Z,100,41,43,70,17,23,25,45,57,22,87,41,100,53,59,45,76,35,64,60,65,67,31,68,58,69,55,41,82,47,98,81,100,100,100,81
2016-1-2T21Z,100,38,36,55,17,25,27,25,51,12,87,36,100,48,58,42,100,27,69,60,59,67,31,74,68,69,52,41,82,43,97,80,100,100,100,80
2016-1-2T22Z,100,35,36,53,18,27,27,24,47,12,86,39,66,39,62,39,100,29,73,61,66,77,45,78,61,69,55,44,82,61,95,76,100,100,100,76
2016-1-2T23Z,100,32,36,52,20,31,27,24,44,14,86,39,66,39,68,39,100,29,73,60,74,77,45,77,55,70,55,59,82,81,95,79,100,100,100,78
2016-1-3T0Z,86,34,47,60,27,33,28,25,44,22,100,52,81,48,70,41,89,36,86,70,75,77,80,73,63,69,64,51,82,74,95,87,100,100,100,87
2016-1-3T1Z,88,37,59,69,36,36,31,27,44,31,99,52,80,48,73,41,80,36,86,70,78,77,80,73,73,69,64,51,82,68,94,85,100,100,100,86
2016-1-3T2Z,100,51,74,84,39,59,51,43,48,38,99,56,71,64,78,64,89,58,86,70,78,81,83,78,69,74,71,51,85,83,93,76,100,100,100,76
2016-1-3T3Z,100,43,82,37,62,57,41,32,92,49,93,49,87,64,73,64,80,64,85,69,82,80,83,78,74,74,86,62,85,68,93,75,96,100,100,75
2016-1-3T4Z,100,48,86,49,63,63,39,76,92,52,100,84,87,87,73,74,100,51,81,51,84,76,100,78,68,80,92,100,88,68,94,71,70,100,100,71
2016-1-3T5Z,100,54,92,63,66,70,38,57,92,57,93,84,87,69,79,69,63,64,80,60,74,67,81,78,68,80,79,68,86,55,94,71,60,100,100,71
2016-1-3T6Z,69,54,86,100,76,87,51,76,92,36,93,84,87,74,74,64,63,74,80,64,74,93,92,88,68,74,74,79,92,100,94,66,100,100,100,62
2016-1-3T7Z,100,54,86,55,71,87,55,65,92,57,93,82,93,80,79,75,68,84,80,55,74,93,100,94,68,69,92,68,100,73,100,62,100,100,100,62
2016-1-3T8Z,100,54,86,57,70,86,55,65,89,56,93,82,93,68,79,80,73,74,86,70,74,87,92,88,67,74,92,68,86,73,100,58,100,93,93,58
2016-1-3T9Z,100,63,86,50,76,87,55,65,92,57,92,82,92,68,79,79,72,74,85,69,59,87,92,88,68,74,92,75,87,73,100,58,92,93,93,58
2016-1-3T10Z,100,67,82,48,73,87,53,65,92,49,87,82,87,74,79,79,84,74,79,44,63,87,100,94,68,74,92,100,93,86,100,58,41,93,93,58
2016-1-3T11Z,100,73,79,47,70,87,51,65,92,42,87,81,86,74,79,79,68,74,79,44,69,87,99,94,68,74,91,100,92,73,99,66,54,94,94,62
2016-1-3T12Z,92,78,82,52,70,93,52,65,85,40,93,81,89,71,79,79,76,74,85,54,71,89,96,94,68,74,86,68,93,70,100,87,29,93,93,87
2016-1-3T13Z,93,85,86,58,70,100,55,65,79,39,100,80,93,68,79,79,85,74,92,65,74,93,92,94,69,74,80,66,93,68,99,87,28,93,93,87
2016-1-3T14Z,100,77,86,77,68,89,65,65,72,48,100,77,86,73,81,77,92,71,83,61,77,96,79,91,65,75,68,64,93,83,95,93,25,93,93,93
2016-1-3T15Z,100,79,92,79,65,100,55,57,85,44,86,75,87,68,73,74,79,69,85,64,74,93,75,88,68,75,56,58,92,59,93,92,27,93,93,92
2016-1-3T16Z,100,73,77,79,63,88,51,47,72,44,80,77,76,68,73,69,76,60,82,61,78,84,65,83,64,80,50,42,90,50,87,87,42,100,100,87
2016-1-3T17Z,100,68,60,79,61,75,48,37,58,45,75,80,66,68,73,64,74,52,79,59,84,76,56,78,61,78,45,55,90,41,88,88,54,100,100,87
2016-1-3T18Z,100,86,48,59,43,47,39,37,98,32,62,43,50,55,73,59,68,37,80,59,84,66,25,69,61,59,45,42,92,45,92,93,44,100,100,93
2016-1-3T19Z,100,86,46,58,43,47,38,36,92,31,60,41,49,55,72,58,68,37,80,57,82,67,25,69,61,71,45,42,90,44,89,93,54,100,100,93
2016-1-3T20Z,97,92,34,55,50,48,32,33,40,26,51,33,47,55,68,55,68,37,80,51,74,76,28,74,69,70,45,54,89,44,89,93,63,100,100,93
2016-1-3T21Z,93,89,34,63,54,52,30,33,44,24,51,30,47,53,68,56,68,32,80,50,74,73,27,80,74,63,50,41,92,47,89,93,50,100,100,93
2016-1-3T22Z,94,86,34,74,59,59,28,33,51,22,51,28,47,51,68,59,68,27,80,50,74,71,27,88,80,63,56,43,92,51,88,93,55,100,100,93
2016-1-3T23Z,99,90,63,86,44,54,35,30,67,39,72,43,54,65,75,67,83,47,78,52,75,85,49,93,73,73,58,51,92,74,88,93,100,100,100,93
2016-1-4T0Z,99,92,60,100,50,51,28,29,51,26,71,53,44,59,79,69,74,36,80,61,77,66,56,88,80,72,69,51,89,59,87,92,100,100,100,92
2016-1-4T1Z,100,92,60,100,52,57,30,32,49,30,78,48,48,65,81,75,64,41,82,61,64,64,67,90,80,62,69,55,78,63,83,87,100,100,100,87
2016-1-4T2Z,100,92,62,100,55,66,34,37,47,37,87,43,54,74,85,83,54,48,86,61,50,62,80,93,80,64,69,67,77,68,84,84,100,100,100,87
2016-1-4T3Z,100,92,62,100,60,70,34,30,59,41,84,47,63,79,88,75,54,55,86,63,51,63,82,93,74,61,71,64,66,68,83,93,71,100,100,93
2016-1-4T4Z,96,92,64,100,67,76,36,23,74,46,81,52,75,85,92,68,54,64,86,67,53,66,86,93,68,61,74,65,66,68,83,92,73,99,99,92
2016-1-4T5Z,80,95,75,100,73,82,50,33,61,50,93,73,80,92,87,74,58,69,79,62,68,66,73,100,69,66,74,69,71,83,83,87,87,93,93,87
2016-1-4T6Z,84,92,69,100,67,81,39,25,79,56,93,72,80,91,92,73,58,69,79,62,58,65,72,99,79,66,74,69,68,68,85,83,83,92,92,85
2016-1-4T7Z,100,95,83,93,67,83,39,28,79,56,93,65,93,85,95,68,79,69,79,67,58,62,69,93,76,66,81,69,60,73,100,67,66,87,87,67
2016-1-4T8Z,100,100,100,86,67,87,39,33,79,58,100,65,92,84,100,68,58,69,78,66,58,62,69,93,74,70,81,80,62,79,100,74,73,90,90,70
2016-1-4T9Z,100,100,100,92,64,93,41,33,76,55,93,80,86,79,100,63,73,69,85,67,62,61,69,93,73,72,64,59,59,74,100,59,48,81,81,59
2016-1-4T10Z,100,100,100,100,62,100,45,33,73,53,93,80,85,79,100,63,73,69,85,67,62,61,69,93,73,70,63,57,59,73,99,59,45,80,80,59
2016-1-4T11Z,100,80,80,100,58,100,52,41,73,53,93,80,81,79,100,63,73,76,85,69,68,61,77,93,79,60,54,54,59,73,97,63,30,76,76,63
2016-1-4T12Z,100,100,87,100,62,71,45,54,58,57,87,81,81,92,84,58,68,59,73,69,68,61,69,93,79,60,46,58,59,68,97,63,39,76,76,63
2016-1-4T13Z,100,95,82,90,62,75,45,44,59,57,93,79,70,85,85,58,73,59,85,80,73,61,64,93,79,60,50,50,64,86,90,59,37,76,76,59
2016-1-4T14Z,100,86,74,86,58,87,48,71,63,58,86,79,86,79,84,58,68,55,73,64,73,57,51,87,79,60,42,42,64,58,90,59,40,76,76,63
2016-1-4T15Z,100,80,87,100,58,76,48,44,68,58,93,69,75,79,92,65,68,50,74,64,85,50,41,77,63,55,46,42,59,63,90,67,37,81,81,67
2016-1-4T16Z,100,100,87,100,58,82,52,38,46,50,100,69,66,73,85,50,68,50,63,51,85,46,38,68,46,51,50,39,59,58,90,62,37,93,93,67
2016-1-4T17Z,100,98,90,100,57,72,55,41,55,49,91,49,50,73,85,55,63,47,74,52,79,44,33,48,47,47,47,30,54,58,83,76,42,100,100,76
2016-1-4T18Z,100,95,55,100,51,100,66,62,50,40,90,48,50,73,84,54,63,46,74,52,78,44,33,47,57,46,46,29,53,58,82,74,42,99,99,75
2016-1-4T19Z,100,86,55,100,42,87,66,66,37,38,80,46,60,73,73,43,63,43,74,52,57,44,35,40,45,40,39,28,50,92,81,66,48,98,98,66
2016-1-4T20Z,80,86,56,100,43,86,66,66,39,38,80,47,59,73,74,44,65,43,73,51,59,46,35,44,45,43,39,28,46,92,81,58,51,98,98,58
2016-1-4T21Z,80,97,93,100,39,77,62,76,38,26,80,43,60,73,79,44,63,44,74,52,57,44,32,43,49,43,36,28,47,51,81,58,51,98,98,58
2016-1-4T22Z,80,91,96,100,36,72,58,76,39,36,73,43,58,73,81,45,63,41,74,56,57,58,32,40,50,51,38,29,55,47,85,62,54,99,99,62
2016-1-4T23Z,85,86,100,100,34,67,54,76,41,48,66,43,56,74,85,47,63,38,73,55,57,58,34,40,52,55,41,52,56,44,84,65,63,99,99,64
2016-1-5T0Z,100,88,100,100,34,71,64,81,54,49,58,52,54,73,85,52,63,42,79,59,59,54,37,43,56,51,44,37,60,42,85,66,66,99,99,66
2016-1-5T1Z,97,91,100,100,34,77,76,87,69,51,50,63,53,73,85,58,63,47,86,64,62,50,42,48,61,51,48,39,59,40,85,65,70,99,99,65
2016-1-5T2Z,86,87,93,100,58,84,84,83,70,57,56,67,59,74,86,66,81,57,81,53,79,61,45,69,59,55,46,47,59,69,85,62,100,99,99,62
2016-1-5T3Z,88,89,100,100,72,77,71,100,87,59,65,76,70,73,100,63,63,58,86,64,67,50,42,48,56,55,48,47,59,40,85,61,95,97,97,61
2016-1-5T4Z,100,90,96,96,74,88,75,100,71,60,70,60,86,79,100,92,53,63,85,64,67,50,73,55,60,60,56,47,64,100,86,58,62,87,87,58
2016-1-5T5Z,100,92,93,93,77,100,81,100,55,63,70,60,85,78,99,91,53,63,84,63,67,50,72,56,66,66,55,64,63,100,85,61,70,89,89,60
2016-1-5T6Z,100,86,100,100,76,93,87,93,80,53,75,60,86,79,100,79,63,68,79,54,78,53,58,55,71,71,47,47,70,100,86,54,66,76,76,54
2016-1-5T7Z,100,94,100,100,82,93,93,81,80,55,80,79,86,85,92,92,73,68,85,50,78,84,68,63,77,66,51,56,76,80,93,51,62,81,81,51
2016-1-5T8Z,100,93,99,100,82,93,92,81,80,54,80,78,84,84,91,90,74,68,84,49,78,83,67,64,76,71,50,51,77,80,93,51,58,71,71,51
2016-1-5T9Z,100,91,100,100,82,87,87,100,80,47,75,79,93,79,92,100,73,68,92,50,85,84,53,72,71,71,56,51,76,58,91,50,56,70,70,50
2016-1-5T10Z,100,86,100,100,79,89,93,96,82,47,83,79,89,73,88,92,78,65,79,74,85,88,73,82,80,71,56,55,76,65,78,42,45,67,67,42
2016-1-5T11Z,100,82,100,100,76,93,100,93,86,47,93,81,86,73,85,91,85,63,79,73,85,87,72,82,91,75,56,70,73,74,77,46,57,74,74,47
2016-1-5T12Z,100,74,100,93,94,99,100,100,92,47,93,81,68,68,85,100,78,73,85,73,78,57,85,82,84,66,56,55,83,68,78,42,30,72,72,42
2016-1-5T13Z,100,80,87,100,82,93,100,100,92,58,80,79,65,79,85,85,79,68,73,63,66,60,49,77,84,72,43,43,83,68,78,42,25,72,72,42
2016-1-5T14Z,100,86,100,93,82,93,100,100,92,50,86,86,80,73,85,79,85,63,73,64,62,62,50,88,78,72,41,43,77,74,71,42,32,63,63,42
2016-1-5T15Z,100,92,93,100,87,82,100,100,92,54,75,79,86,74,85,74,73,66,73,40,67,61,52,93,66,85,31,37,77,79,71,48,26,67,67,51
2016-1-5T16Z,100,92,79,98,88,85,98,100,92,52,65,74,75,70,73,64,79,50,63,44,62,62,29,82,64,62,30,31,77,79,68,55,28,67,67,55
2016-1-5T17Z,100,93,32,93,93,100,93,100,92,47,64,74,74,70,73,63,79,49,63,44,62,62,29,81,57,63,30,54,75,79,67,58,44,74,74,59
2016-1-5T18Z,58,93,87,93,93,87,93,93,86,33,57,69,61,55,63,51,100,38,54,25,54,66,25,60,45,58,21,29,77,86,68,58,38,98,98,58
2016-1-5T19Z,100,93,22,100,93,82,100,93,80,30,61,70,58,55,88,44,51,35,64,33,46,66,23,60,38,53,40,21,78,86,68,58,42,97,97,58
2016-1-5T20Z,86,80,81,93,100,87,81,93,86,30,66,56,58,51,68,48,59,33,64,24,50,71,25,56,35,53,20,25,78,86,68,54,42,97,97,54
2016-1-5T21Z,93,85,62,94,100,87,82,91,84,30,66,56,56,55,68,44,71,33,64,33,48,62,25,56,37,58,22,18,66,90,68,50,51,97,97,50
2016-1-5T22Z,93,100,17,100,100,87,87,87,80,30,66,56,54,55,68,44,100,33,63,33,46,62,25,56,45,59,28,19,66,100,68,50,57,97,97,50
2016-1-5T23Z,93,100,56,100,100,93,91,91,84,39,65,60,53,61,77,51,100,50,62,36,62,71,35,69,57,74,45,25,66,100,70,54,100,97,97,54
2016-1-6T0Z,93,86,93,100,87,87,87,93,89,35,81,64,71,69,73,55,74,32,63,44,58,62,33,56,57,74,62,25,67,100,70,53,100,97,97,53
2016-1-6T1Z,93,86,90,100,93,89,89,93,84,33,81,67,75,66,75,56,76,37,67,45,58,62,42,64,64,79,64,25,77,76,70,50,100,97,97,50
2016-1-6T2Z,94,86,87,100,100,93,93,93,80,32,81,72,81,64,79,59,79,43,73,47,58,62,53,64,72,78,67,49,75,52,69,53,100,96,96,52
2016-1-6T3Z,93,91,93,100,85,96,90,93,82,42,93,72,75,64,79,74,63,63,68,59,62,71,62,64,66,73,73,32,72,56,70,66,50,97,97,66
2016-1-6T4Z,91,97,100,100,71,100,87,93,86,54,93,71,74,64,79,74,63,63,67,59,68,70,62,64,61,73,73,33,74,55,70,64,49,96,96,65
2016-1-6T5Z,86,86,37,100,66,81,93,93,89,51,100,65,65,74,79,79,63,73,67,59,62,66,73,77,78,74,78,38,85,48,70,58,46,93,93,58
2016-1-6T6Z,100,86,36,100,66,81,93,93,89,51,100,65,65,59,79,68,68,73,73,50,58,75,73,82,78,67,78,41,79,51,70,51,100,87,87,51
2016-1-6T7Z,80,100,34,100,76,87,100,100,89,60,93,70,65,74,86,68,68,73,67,46,62,75,79,82,85,67,57,78,79,52,70,48,44,67,67,45
2016-1-6T8Z,93,91,34,100,71,100,85,93,89,54,93,70,70,64,86,85,68,68,79,54,62,76,62,88,78,73,85,57,72,56,87,39,47,55,55,39
2016-1-6T9Z,80,100,81,100,87,67,93,93,90,58,100,70,75,59,79,79,68,58,67,46,62,81,57,88,84,79,67,85,72,72,87,42,26,48,48,40
2016-1-6T10Z,93,92,81,100,87,98,93,93,86,51,93,70,75,69,86,85,85,63,73,43,73,93,67,82,84,79,85,48,72,43,74,40,26,48,48,40
2016-1-6T11Z,93,100,81,100,93,62,87,87,89,51,93,65,87,64,85,74,68,63,67,53,67,100,62,82,78,79,78,85,72,61,74,48,98,48,48,37
2016-1-6T12Z,93,100,93,93,87,98,93,100,100,51,87,80,93,80,85,85,85,68,73,68,73,81,67,88,78,79,92,67,72,47,74,35,22,45,45,35
2016-1-6T13Z,86,86,87,100,81,76,87,93,100,58,93,75,93,80,85,68,73,62,73,53,73,93,57,88,84,79,79,52,72,56,74,52,20,45,45,37
2016-1-6T14Z,93,87,90,100,82,80,86,94,97,58,92,77,94,80,86,68,80,59,68,49,76,93,55,91,75,74,70,49,79,67,74,45,23,45,45,52
2016-1-6T15Z,93,100,100,93,87,97,81,93,93,68,93,70,87,86,85,74,79,58,73,50,62,93,36,93,67,73,58,44,76,36,74,45,23,47,47,48
2016-1-6T16Z,93,96,69,95,87,97,78,90,93,57,90,70,89,83,82,69,76,48,64,44,71,90,35,88,54,50,48,31,62,28,79,55,28,71,71,55
2016-1-6T17Z,94,92,29,100,87,98,76,87,93,44,87,70,93,80,79,64,74,37,55,38,83,87,34,83,37,52,37,51,66,18,81,58,43,75,75,57
2016-1-6T18Z,93,86,81,93,87,67,62,62,93,44,76,70,87,80,80,52,64,33,47,36,43,81,48,73,18,47,31,18,58,76,91,71,36,95,95,71
2016-1-6T19Z,100,86,75,93,93,67,63,62,93,42,100,75,93,80,94,45,59,36,48,12,44,76,42,73,32,47,29,19,58,76,90,76,41,94,94,76
2016-1-6T20Z,87,93,33,93,93,71,71,62,100,35,99,75,92,80,94,45,60,36,48,13,44,77,42,74,32,47,29,18,79,76,90,76,41,94,94,76
2016-1-6T21Z,87,86,33,87,100,67,66,58,93,33,87,75,93,74,94,42,64,33,48,12,44,76,45,69,24,47,21,19,79,16,89,75,47,94,94,75
2016-1-6T22Z,93,80,51,84,91,69,66,54,89,37,87,70,93,80,94,45,51,33,59,45,49,81,59,69,30,59,65,25,79,56,88,71,100,94,94,71
2016-1-6T23Z,94,75,71,81,82,72,66,51,86,42,87,70,92,80,96,45,51,33,59,44,55,81,59,69,37,61,64,49,77,100,87,70,100,93,93,72
2016-1-7T0Z,93,75,59,83,84,79,70,58,86,46,89,78,93,85,94,46,62,36,60,50,56,81,66,73,44,80,68,29,73,68,88,71,44,94,94,71
2016-1-7T1Z,93,75,48,87,87,87,76,66,86,51,93,87,93,90,92,48,74,41,62,56,59,81,73,77,53,79,73,31,74,36,87,71,50,93,93,71
2016-1-7T2Z,93,85,73,93,92,93,76,76,80,62,96,89,95,91,94,53,86,61,68,48,73,81,72,77,59,74,69,39,79,67,87,76,100,92,92,76
2016-1-7T3Z,93,86,76,86,76,100,66,81,93,78,100,93,100,93,92,52,55,55,68,47,88,80,80,77,58,75,73,38,77,46,87,76,93,90,90,76
2016-1-7T4Z,93,83,58,89,81,100,73,73,83,78,93,93,93,100,92,60,55,68,74,41,89,76,86,93,62,87,85,36,73,50,87,76,50,81,81,76
2016-1-7T5Z,94,80,41,93,87,100,81,66,74,80,92,93,93,99,92,59,55,68,73,41,88,76,85,93,67,86,84,57,74,50,86,75,60,84,84,76
2016-1-7T6Z,93,97,51,93,81,100,87,93,85,79,100,93,82,86,96,56,55,68,50,45,68,87,78,93,73,87,58,85,67,38,87,58,50,66,66,58
2016-1-7T7Z,100,80,87,100,87,76,93,93,80,80,100,100,100,100,95,74,47,68,68,52,68,81,69,100,78,80,92,46,67,45,92,52,47,51,51,52
2016-1-7T8Z,100,96,87,100,87,71,87,100,87,74,100,93,100,93,95,60,55,68,58,56,89,87,69,93,78,79,63,85,67,67,92,40,32,45,45,43
2016-1-7T9Z,100,96,44,100,93,100,81,100,87,80,87,93,100,93,92,60,74,74,68,47,74,81,74,88,78,92,79,49,62,57,92,40,34,45,45,40
2016-1-7T10Z,93,86,93,100,87,71,81,87,80,80,93,100,100,93,94,60,59,80,58,52,74,87,64,93,78,74,63,85,62,72,92,56,28,45,45,43
2016-1-7T11Z,100,92,48,100,100,93,81,100,86,80,100,100,93,100,92,60,74,92,63,60,74,81,76,100,85,79,85,53,62,45,82,40,27,39,39,40
2016-1-7T12Z,93,92,48,100,100,92,81,99,86,80,99,100,93,99,92,61,74,91,63,60,74,81,76,100,84,73,83,50,62,45,82,42,33,45,45,42
2016-1-7T13Z,94,92,65,100,100,76,81,93,86,80,93,100,100,93,92,80,74,80,74,75,86,93,76,100,78,73,65,47,62,62,81,42,34,45,45,42
2016-1-7T14Z,100,95,81,100,98,87,83,94,79,80,90,97,99,95,93,72,86,72,67,64,89,92,67,100,67,79,55,40,67,80,78,45,43,51,51,52
2016-1-7T15Z,100,80,60,100,93,76,81,87,64,80,93,93,100,100,100,56,74,67,55,67,90,87,64,88,73,78,49,37,66,40,77,46,44,52,52,52
2016-1-7T16Z,100,82,60,100,90,76,81,93,66,85,84,90,94,96,97,57,69,59,53,62,70,84,60,82,57,74,46,32,63,31,73,59,52,62,62,59
2016-1-7T17Z,100,86,61,100,87,76,81,100,69,92,76,87,88,93,95,60,64,52,51,58,48,82,56,77,40,74,44,47,70,23,71,55,60,68,68,60
2016-1-7T18Z,100,80,100,100,66,81,75,93,64,58,68,82,82,93,95,57,52,50,45,50,64,93,62,69,28,74,48,30,58,23,67,45,40,93,93,45
2016-1-7T19Z,93,70,100,100,62,71,66,81,60,86,37,67,68,93,86,57,64,50,45,58,33,82,57,64,26,80,58,24,63,20,73,42,40,100,100,42
2016-1-7T20Z,93,70,100,100,62,71,66,81,60,85,39,67,69,93,86,57,65,50,46,58,34,83,57,65,26,74,58,28,68,23,73,48,56,100,100,48
2016-1-7T21Z,91,75,100,87,62,66,61,75,52,59,28,72,68,93,86,61,60,62,52,38,30,82,44,64,26,74,65,27,68,20,73,49,61,100,100,48
2016-1-7T22Z,86,70,97,89,62,70,57,75,52,71,40,77,68,93,98,61,69,62,64,67,41,87,57,57,26,80,74,24,68,39,76,63,100,100,100,63
2016-1-7T23Z,89,65,95,93,62,76,53,76,52,86,40,76,68,93,98,61,69,62,64,67,41,87,57,58,27,79,74,49,70,39,75,69,100,100,100,66
2016-1-8T0Z,86,69,72,86,62,73,56,84,67,86,67,82,87,100,98,70,69,71,74,58,55,93,80,73,39,86,86,27,79,42,76,59,32,100,100,59
2016-1-8T1Z,87,75,50,80,62,71,61,93,83,86,67,81,86,99,98,70,69,71,74,58,55,93,80,73,53,86,85,33,79,42,76,59,41,100,100,59
2016-1-8T2Z,93,82,74,89,73,84,66,95,80,91,71,80,86,98,96,81,84,78,77,66,67,94,81,86,60,86,80,56,79,71,79,62,100,100,100,62
2016-1-8T3Z,93,75,46,87,76,100,70,87,69,92,76,87,100,100,86,81,69,71,74,72,59,93,86,77,63,86,92,52,82,58,79,62,93,99,99,62
2016-1-8T4Z,93,75,53,89,73,88,70,87,68,92,93,100,100,100,86,87,74,66,74,76,74,100,93,88,62,86,74,43,100,63,80,62,42,93,93,62
2016-1-8T5Z,94,75,62,93,71,76,70,87,68,92,92,99,99,99,86,87,74,66,74,76,74,99,92,88,62,83,74,61,90,63,77,68,54,94,94,65
2016-1-8T6Z,93,79,66,100,62,100,70,81,68,97,93,100,100,93,100,100,64,62,56,71,80,87,80,93,73,86,86,85,85,85,80,58,36,87,87,58
2016-1-8T7Z,93,87,71,93,80,87,75,100,63,92,87,93,100,93,86,93,65,61,94,81,84,93,80,100,73,85,96,100,85,85,81,58,36,100,100,58
2016-1-8T8Z,100,86,72,93,80,87,75,99,63,91,86,100,99,93,86,100,67,66,94,100,84,93,80,93,72,92,80,68,85,85,81,67,37,93,93,67
2016-1-8T9Z,98,87,76,100,53,100,75,100,86,94,100,100,100,93,98,99,80,66,93,100,84,93,80,93,79,90,80,75,87,85,80,66,36,93,93,66
2016-1-8T10Z,93,100,76,100,86,89,81,81,92,90,100,100,100,100,99,93,86,93,86,100,88,100,93,93,68,76,93,100,100,78,80,63,32,100,100,63
2016-1-8T11Z,100,92,87,100,50,76,87,93,92,100,93,93,100,100,99,93,86,87,81,93,92,100,93,82,73,76,69,58,100,79,80,72,32,100,100,67
2016-1-8T12Z,93,88,85,100,60,79,85,89,92,100,95,95,100,100,99,100,88,87,87,93,90,93,86,83,73,100,76,43,100,77,80,67,34,87,87,67
2016-1-8T13Z,94,80,81,100,86,89,81,80,92,100,100,100,100,100,99,99,93,87,87,93,88,93,86,83,73,98,93,44,98,73,79,69,34,87,87,67
2016-1-8T14Z,100,81,90,100,80,87,80,88,88,96,100,93,100,100,98,93,96,81,100,93,90,93,93,83,67,77,69,51,92,86,77,87,34,93,93,77
2016-1-8T15Z,100,100,87,100,86,90,81,87,84,85,99,93,100,99,100,93,93,81,100,93,92,93,93,82,68,78,68,53,89,80,80,86,34,94,94,77
2016-1-8T16Z,100,100,81,100,66,96,65,93,92,92,93,100,100,93,100,100,93,93,100,100,86,93,93,69,55,93,48,60,79,74,98,82,37,100,100,82
2016-1-8T17Z,100,99,81,100,66,95,65,93,92,91,72,71,88,100,99,81,100,76,93,87,85,88,93,74,54,93,45,80,79,69,98,82,42,100,100,82
2016-1-8T18Z,97,100,81,100,66,87,67,87,74,85,71,71,87,100,97,81,100,75,93,87,80,87,93,74,47,92,45,76,76,69,98,82,42,100,100,82
2016-1-8T19Z,86,93,81,93,47,48,65,62,64,85,59,76,82,100,86,93,100,71,93,100,86,82,93,74,59,86,56,65,68,100,100,87,42,100,100,87
2016-1-8T20Z,87,93,81,93,48,49,64,63,65,85,60,76,83,99,86,91,100,72,93,98,86,83,93,74,61,86,56,56,68,100,100,93,48,100,100,93
2016-1-8T21Z,85,100,76,87,44,44,65,66,55,79,52,77,88,93,93,76,87,71,93,100,93,88,93,69,93,84,65,58,68,100,100,92,54,100,100,92
2016-1-8T22Z,81,85,76,78,42,45,61,60,66,81,43,81,88,89,93,76,87,69,93,100,96,88,96,65,93,71,69,65,73,87,100,87,100,100,100,87
2016-1-8T23Z,85,70,76,70,41,48,57,54,80,85,35,87,88,86,95,76,87,67,93,100,100,88,100,65,93,70,74,75,73,74,99,86,100,100,100,87
2016-1-9T0Z,93,84,78,80,42,54,57,54,85,82,57,87,90,86,90,78,93,71,93,100,100,90,96,73,93,86,76,99,68,74,100,82,51,100,100,82
2016-1-9T1Z,93,100,81,93,44,62,57,54,92,79,82,87,93,86,85,81,100,76,93,100,100,93,93,83,93,86,80,90,68,74,100,82,57,100,100,82
2016-1-9T2Z,93,94,89,96,64,76,60,70,90,84,81,87,93,95,89,87,100,81,93,100,96,93,93,100,96,90,96,65,69,86,100,82,100,100,100,82
2016-1-9T3Z,94,93,76,100,50,76,70,66,75,85,93,87,93,95,92,87,93,81,93,100,93,92,93,99,93,90,95,66,69,74,99,81,94,100,100,81
2016-1-9T4Z,100,96,78,100,53,87,71,73,83,85,58,100,100,95,92,87,93,81,93,100,100,87,93,94,93,100,86,70,69,80,99,76,59,100,100,76
2016-1-9T5Z,100,100,81,100,58,100,73,81,92,85,57,99,99,94,92,86,93,81,93,99,99,87,93,94,93,98,86,79,74,80,98,75,67,100,100,77
2016-1-9T6Z,100,100,81,100,62,100,60,100,86,92,35,87,100,95,85,81,93,81,93,81,93,100,93,100,93,93,93,69,69,75,99,59,59,81,81,59
2016-1-9T7Z,93,100,81,100,66,100,56,100,92,92,40,93,100,92,85,81,93,93,93,93,100,93,100,100,87,100,86,75,69,100,100,55,52,67,67,55
2016-1-9T8Z,93,93,87,100,76,76,65,100,86,92,43,93,100,74,85,81,87,93,93,87,93,100,100,100,87,100,75,74,69,80,100,55,48,67,67,55
2016-1-9T9Z,93,93,85,100,74,76,63,100,86,92,41,91,97,75,82,81,89,91,91,88,94,96,100,98,88,100,75,74,73,81,100,56,43,62,62,54
2016-1-9T10Z,93,93,81,100,70,76,60,100,86,92,37,87,87,80,72,81,100,87,87,93,100,87,100,93,93,100,75,74,80,86,100,59,35,55,55,52
2016-1-9T11Z,100,92,87,100,73,78,65,94,84,87,43,87,87,83,75,86,100,90,86,94,96,87,98,95,95,100,81,100,91,90,96,55,37,59,59,55
2016-1-9T12Z,100,91,76,100,70,87,64,86,86,92,57,87,82,80,84,86,93,87,87,93,100,87,100,100,87,100,86,94,91,100,95,54,37,57,57,55
2016-1-9T13Z,100,86,76,100,72,87,73,92,88,92,57,81,81,76,84,89,96,87,89,93,96,87,100,100,87,100,83,80,93,100,95,51,37,51,51,55
2016-1-9T14Z,100,80,76,100,75,88,86,100,92,92,59,75,81,73,84,93,100,87,93,93,93,87,100,100,87,99,81,85,92,100,94,55,49,60,60,56
2016-1-9T15Z,100,82,73,100,71,88,83,100,86,92,56,77,78,73,80,93,96,84,93,87,93,89,96,91,79,93,75,75,74,100,95,62,42,62,62,62
2016-1-9T16Z,100,86,71,100,66,88,80,100,80,92,53,80,76,73,77,93,93,81,93,81,93,93,93,83,71,93,70,76,77,100,94,63,42,67,67,62
2016-1-9T17Z,100,92,84,100,62,82,62,100,79,88,58,83,87,77,77,96,96,86,96,100,91,87,90,69,79,100,73,81,95,100,91,71,48,100,100,71
2016-1-9T18Z,97,80,81,100,57,81,44,100,74,79,47,87,62,73,78,100,86,76,93,100,71,87,93,69,62,100,71,82,95,70,90,71,48,100,100,71
2016-1-9T19Z,86,77,78,100,53,63,46,81,63,73,42,78,60,70,74,100,89,76,96,97,73,84,90,77,63,100,71,87,99,70,90,76,55,100,100,76
2016-1-9T20Z,89,75,76,100,50,44,49,62,51,68,38,69,58,68,71,100,93,76,100,100,76,93,87,69,66,98,71,88,99,70,89,75,64,100,100,77
2016-1-9T21Z,81,72,73,88,57,45,47,56,49,68,41,69,57,65,68,96,89,71,96,100,78,93,87,71,68,87,73,75,80,80,90,76,62,100,100,76
2016-1-9T22Z,83,70,71,75,67,48,46,50,48,68,46,69,57,62,65,92,86,67,93,100,81,93,87,74,71,87,76,77,81,93,89,76,66,100,100,76
2016-1-9T23Z,93,84,84,86,65,56,43,64,59,73,43,70,70,69,67,93,92,82,94,98,85,90,90,78,79,100,86,87,86,96,89,81,100,100,100,81
2016-1-10T0Z,94,70,87,81,82,58,41,50,44,74,52,64,84,67,65,86,86,76,93,81,81,87,100,83,75,100,87,84,85,93,89,81,100,100,100,80
2016-1-10T1Z,100,71,87,88,82,59,48,60,48,81,59,64,78,69,64,80,91,83,96,89,85,89,94,83,75,100,89,75,80,95,91,81,100,100,100,76
2016-1-10T2Z,100,75,87,100,82,62,61,76,55,92,69,64,70,72,64,73,100,93,100,100,93,93,87,83,75,98,93,81,83,100,90,80,100,100,100,76
2016-1-10T3Z,93,75,84,96,79,73,62,83,60,85,71,66,75,69,64,75,96,90,100,93,90,93,93,88,77,93,96,87,86,96,91,81,71,100,100,81
2016-1-10T4Z,93,75,81,93,76,87,65,93,68,78,74,69,81,66,64,79,92,87,100,87,87,93,100,94,81,93,100,88,86,93,90,81,71,99,99,81
2016-1-10T5Z,93,86,90,96,83,90,68,83,66,67,80,69,79,66,71,78,95,81,93,87,87,93,100,94,86,93,100,93,86,96,88,81,76,93,93,81
2016-1-10T6Z,94,80,81,100,76,100,75,93,68,100,79,68,78,66,70,77,100,81,93,87,100,93,99,94,81,93,99,93,84,93,89,80,72,89,89,80
2016-1-10T7Z,100,75,90,100,76,100,72,93,68,96,67,64,78,71,69,72,79,93,95,100,96,93,93,100,83,93,87,93,80,96,100,76,54,71,71,76
2016-1-10T8Z,100,70,100,100,76,100,70,93,68,92,67,64,77,70,69,72,79,92,95,99,93,92,93,100,87,92,87,93,83,100,100,76,64,77,77,78
2016-1-10T9Z,100,84,87,100,76,100,70,96,76,92,67,68,73,74,69,75,79,86,93,93,93,93,96,96,87,93,93,93,86,93,100,48,51,67,67,48
2016-1-10T10Z,100,100,74,100,76,100,70,100,85,92,67,74,69,77,69,78,79,80,92,87,93,93,100,94,87,93,100,93,86,87,100,47,48,65,65,47
2016-1-10T11Z,100,94,86,100,84,97,75,92,65,67,74,72,69,77,63,71,89,75,92,93,91,93,87,100,89,100,97,93,86,91,100,45,35,59,59,45
2016-1-10T12Z,100,92,80,93,87,100,81,93,85,92,79,68,69,76,69,70,79,92,92,92,100,92,86,99,93,99,87,93,84,100,99,46,34,59,59,45
2016-1-10T13Z,100,89,88,96,87,100,83,90,79,85,74,70,69,73,75,68,78,89,91,85,93,82,87,97,90,93,87,93,80,96,95,55,32,59,59,73
2016-1-10T14Z,100,86,100,100,87,100,86,87,73,77,69,74,69,71,83,65,78,86,92,81,86,77,81,94,87,93,87,93,82,93,94,56,40,64,64,59
2016-1-10T15Z,100,92,100,100,81,100,80,81,85,92,74,68,69,71,76,65,78,79,92,93,92,59,76,78,70,93,87,93,75,87,95,63,39,71,71,63
2016-1-10T16Z,100,96,81,100,87,76,75,87,73,66,60,79,60,71,69,60,66,74,85,69,92,52,71,69,75,93,82,93,80,93,95,63,42,76,76,63
2016-1-10T17Z,100,92,100,100,76,81,61,76,78,62,60,55,56,65,63,61,66,68,78,100,86,51,66,88,70,93,87,93,86,93,92,76,48,100,100,76
2016-1-10T18Z,100,80,81,93,67,71,61,66,63,58,52,47,73,51,58,52,66,63,78,69,74,39,58,78,94,93,82,87,86,37,92,72,51,100,100,82
2016-1-10T19Z,80,100,64,75,63,87,57,57,47,50,49,44,66,47,53,48,78,68,78,75,68,48,43,65,80,100,100,93,86,93,88,87,54,100,100,87
2016-1-10T20Z,75,99,67,77,63,87,56,58,51,52,49,47,65,49,53,48,80,64,78,74,70,50,44,67,80,86,99,72,75,92,88,87,58,100,100,87
2016-1-10T21Z,75,86,51,75,62,87,48,54,55,36,45,41,66,48,53,52,78,58,85,64,68,51,40,73,80,86,76,76,76,24,88,86,62,100,100,86
2016-1-10T22Z,75,70,62,72,60,87,49,55,51,53,42,41,63,46,55,52,77,58,78,74,65,58,43,78,80,86,81,93,87,42,89,81,100,100,100,81
2016-1-10T23Z,81,53,76,70,59,87,51,58,47,74,40,41,60,44,58,52,77,58,78,73,62,58,48,78,80,85,87,92,87,62,88,79,100,100,100,81
2016-1-11T0Z,86,69,81,72,60,84,51,56,47,59,41,45,69,47,63,54,77,58,78,70,62,61,51,75,74,68,73,54,93,62,89,81,76,100,100,81
2016-1-11T1Z,87,88,87,75,62,82,51,54,47,42,44,51,80,52,69,57,77,58,78,66,62,66,55,73,68,68,60,52,94,62,89,81,78,100,100,81
2016-1-11T2Z,93,88,89,86,67,88,63,67,56,41,48,55,72,62,48,61,88,64,78,86,71,71,64,73,68,68,67,49,100,72,89,87,100,100,100,87
2016-1-11T3Z,94,69,81,100,71,93,61,57,47,79,69,59,80,62,70,61,71,67,77,85,53,70,63,73,58,67,64,50,94,71,88,86,97,98,98,86
2016-1-11T4Z,100,74,81,100,73,96,66,74,54,70,56,55,86,62,76,78,77,73,77,62,62,66,55,77,57,67,59,56,69,64,87,81,81,87,87,81
2016-1-11T5Z,100,80,81,100,76,100,73,93,63,62,55,55,85,62,83,77,77,73,77,62,73,66,55,77,57,68,59,70,71,57,87,81,85,89,89,81
2016-1-11T6Z,100,60,93,100,82,100,56,81,73,35,60,55,72,57,83,85,65,73,71,68,78,61,58,72,62,67,38,47,80,87,87,71,71,71,71,71
2016-1-11T7Z,100,92,93,100,82,100,48,81,85,41,64,59,73,62,83,78,77,78,77,80,67,65,54,72,61,79,69,47,63,95,100,58,66,54,54,58
2016-1-11T8Z,92,91,93,100,82,99,48,80,84,41,64,59,72,62,81,77,78,77,76,79,67,66,54,73,60,62,68,43,63,95,100,55,67,54,54,55
2016-1-11T9Z,90,100,100,100,82,100,48,87,85,41,69,59,64,62,76,92,77,78,77,79,67,83,58,72,61,61,50,42,64,60,99,56,64,53,53,55
2016-1-11T10Z,86,100,93,96,81,96,55,100,79,79,73,70,71,68,76,85,70,78,77,86,78,89,79,77,66,61,54,40,73,55,99,63,48,51,51,63
2016-1-11T11Z,100,99,93,92,80,95,55,99,78,78,72,70,70,73,74,79,71,77,84,86,78,89,85,77,65,73,49,100,67,56,99,67,37,51,51,67
2016-1-11T12Z,98,100,87,100,87,96,51,100,85,73,74,70,71,73,83,78,84,85,84,85,72,88,85,77,66,73,49,84,66,59,97,67,37,52,52,67
2016-1-11T13Z,92,93,84,100,87,93,52,100,76,59,74,74,70,80,83,71,80,81,83,65,74,85,75,86,63,79,57,39,62,55,91,67,37,59,59,67
2016-1-11T14Z,94,87,82,100,87,91,55,100,67,44,74,80,69,79,83,73,77,78,84,67,78,82,85,77,61,79,49,59,61,51,89,68,49,67,67,68
2016-1-11T15Z,92,89,87,100,79,91,59,88,69,51,67,72,71,76,76,67,74,78,81,58,75,67,58,74,63,73,47,100,57,49,91,72,34,67,67,72
2016-1-11T16Z,90,93,93,100,71,91,64,75,73,61,60,64,75,74,70,62,71,79,78,49,72,52,31,72,66,72,46,83,57,48,91,72,35,71,71,72
2016-1-11T17Z,86,100,96,100,66,81,39,57,58,42,56,41,57,69,71,54,78,50,78,44,57,37,27,63,57,67,62,34,57,48,93,76,42,100,100,76
2016-1-11T18Z,86,99,95,100,65,80,39,56,58,41,55,45,54,64,71,50,78,40,72,41,57,32,26,60,57,57,62,34,52,47,93,87,47,100,100,87
2016-1-11T19Z,88,86,29,100,51,55,39,46,58,37,43,44,54,63,71,49,85,39,72,40,57,31,26,60,57,57,61,31,50,44,92,87,49,100,100,87
2016-1-11T20Z,100,92,56,100,48,59,38,57,71,55,44,42,56,55,73,48,92,32,79,33,74,30,26,60,56,57,58,24,44,71,89,87,62,100,100,87
2016-1-11T21Z,97,80,72,86,39,29,31,35,85,23,54,42,58,55,71,47,79,32,79,33,57,30,26,60,44,57,57,41,45,35,88,87,66,100,100,87
2016-1-11T22Z,86,80,44,89,37,32,31,33,63,21,53,59,64,68,71,53,73,38,77,47,61,69,38,73,47,57,47,99,51,37,87,87,100,100,100,87
2016-1-11T23Z,89,80,15,93,36,37,31,32,40,20,53,45,71,59,71,45,67,32,79,38,66,76,32,68,52,59,36,98,51,41,87,84,100,100,100,87
2016-1-12T0Z,93,80,48,96,37,38,33,42,53,25,59,50,68,57,71,48,79,38,81,42,66,75,49,66,56,61,46,30,47,69,87,87,100,100,100,87
2016-1-12T1Z,94,81,87,100,39,41,36,54,68,32,66,56,66,55,71,52,92,46,85,47,66,75,68,64,61,60,57,31,47,100,87,87,100,100,100,87
2016-1-12T2Z,100,90,87,98,50,60,53,60,61,40,76,62,76,64,76,61,95,48,86,52,81,80,59,81,64,57,60,35,51,100,87,87,100,100,100,87
2016-1-12T3Z,98,93,93,93,54,33,56,75,54,63,80,65,87,64,77,56,79,37,85,59,85,80,73,68,67,57,53,35,51,60,87,87,96,99,99,87
2016-1-12T4Z,93,96,93,96,57,59,59,77,60,42,86,69,93,69,84,64,73,32,86,50,92,86,85,93,69,61,85,35,56,59,87,87,66,93,93,87
2016-1-12T5Z,94,100,93,100,62,88,64,81,68,21,85,69,92,69,83,64,73,32,86,50,92,86,84,93,72,64,84,56,61,59,86,84,73,94,94,86
2016-1-12T6Z,93,93,93,100,71,70,59,86,73,16,86,69,100,64,84,51,67,32,80,68,92,69,92,93,67,66,67,72,61,48,87,81,81,81,81,81
2016-1-12T7Z,93,93,90,98,76,70,57,81,73,15,100,78,100,64,70,81,67,32,86,55,79,93,85,87,67,78,85,49,61,72,100,67,67,62,62,67
2016-1-12T8Z,93,93,76,93,76,75,51,80,73,14,99,77,99,64,70,80,67,33,86,55,79,92,84,87,67,92,84,49,56,72,100,55,55,54,54,55
2016-1-12T9Z,93,86,40,93,76,86,59,93,73,16,79,78,100,59,77,64,72,32,86,45,92,86,92,100,73,92,85,49,58,100,98,53,54,53,53,54
2016-1-12T10Z,93,92,100,96,57,93,57,86,75,15,100,71,100,82,77,64,72,40,74,58,86,100,92,93,79,92,73,53,72,78,90,45,48,48,48,45
2016-1-12T11Z,76,100,81,100,61,49,55,86,79,14,77,69,93,64,70,55,67,47,74,73,86,69,54,100,86,85,73,78,72,72,90,52,42,45,45,45
2016-1-12T12Z,93,100,100,100,61,93,59,93,79,14,77,69,100,82,76,59,65,47,86,73,92,100,73,87,92,92,62,45,66,85,90,42,40,42,42,42
2016-1-12T13Z,93,99,100,100,60,93,59,92,78,14,76,69,99,80,75,58,64,47,86,71,91,99,72,87,91,92,62,50,72,84,78,45,40,42,42,45
2016-1-12T14Z,94,80,100,100,45,100,80,58,67,48,69,80,93,49,69,51,60,51,92,55,79,86,63,93,86,91,62,64,70,62,78,50,51,53,53,47
2016-1-12T15Z,93,80,96,100,46,96,72,58,72,38,72,73,87,52,66,46,62,51,83,44,79,60,48,93,86,74,58,47,67,56,78,67,42,54,54,67
2016-1-12T16Z,93,80,93,100,49,93,64,58,79,26,76,65,81,57,63,41,65,51,73,32,79,32,32,93,86,74,55,45,68,50,79,67,44,59,59,67
2016-1-12T17Z,93,89,39,100,32,48,53,32,76,36,47,53,54,41,64,48,65,45,72,33,67,18,24,100,71,86,51,41,73,50,89,72,63,100,100,72
2016-1-12T18Z,93,100,38,100,31,48,45,32,47,42,47,52,54,42,63,41,64,44,78,45,67,14,25,93,71,86,51,38,73,49,89,76,51,100,100,76
2016-1-12T19Z,93,100,34,100,25,48,36,32,34,25,60,36,54,42,59,41,56,42,77,44,73,13,25,92,86,84,51,45,77,47,88,77,51,100,100,76
2016-1-12T20Z,93,100,57,100,28,46,34,40,58,44,55,55,57,54,62,46,77,51,75,41,81,13,35,88,81,73,62,69,100,73,88,87,54,100,100,87
2016-1-12T21Z,94,87,31,100,17,22,34,26,38,16,50,39,39,45,59,42,66,34,72,38,67,13,29,87,73,73,59,71,96,59,88,87,59,100,100,87
2016-1-12T22Z,100,87,52,100,27,19,33,25,38,19,39,54,41,43,59,42,68,32,72,42,67,37,27,88,67,73,53,80,79,52,88,87,100,100,100,87
2016-1-12T23Z,100,87,76,100,39,16,32,25,38,24,29,71,44,42,59,42,71,31,72,48,67,26,26,77,61,73,47,82,79,45,88,83,100,100,100,86
2016-1-13T0Z,100,92,63,100,39,25,31,35,36,31,42,71,54,45,64,49,68,31,74,48,69,43,33,72,61,62,55,80,85,70,88,93,71,100,100,93
2016-1-13T1Z,98,100,48,100,39,36,31,47,35,40,57,71,66,49,70,57,65,32,77,48,73,63,41,68,61,62,64,80,87,100,87,93,74,100,100,93
2016-1-13T2Z,93,100,64,100,41,55,47,48,40,43,66,69,73,58,71,61,82,40,77,50,75,68,44,79,62,62,64,80,100,100,86,93,100,100,100,93
2016-1-13T3Z,93,93,51,100,58,54,45,61,47,29,57,53,76,49,76,57,71,46,77,69,67,45,51,67,66,62,64,73,95,86,86,93,96,98,98,93
2016-1-13T4Z,93,90,65,100,64,63,46,66,43,32,80,66,100,57,76,78,71,49,77,65,72,52,47,67,68,67,49,54,73,42,86,93,71,87,87,93
2016-1-13T5Z,94,87,82,100,71,75,48,72,40,37,80,66,99,57,77,78,71,49,76,65,72,53,47,67,72,69,49,67,75,42,85,88,77,89,89,91
2016-1-13T6Z,93,87,71,100,76,81,64,72,67,30,80,65,93,57,77,62,60,53,71,64,66,49,37,59,72,67,38,45,92,100,86,81,76,81,81,81
2016-1-13T7Z,93,85,71,100,76,82,64,71,70,34,93,75,93,57,78,92,63,49,77,87,67,56,31,63,72,67,57,45,67,95,100,67,66,62,62,67
2016-1-13T8Z,95,81,71,100,76,87,64,68,85,53,92,74,92,57,83,91,77,49,76,86,72,56,31,63,72,68,56,62,70,79,99,65,73,70,70,69
2016-1-13T9Z,100,83,81,100,76,93,61,68,78,42,87,72,93,57,80,92,77,55,80,83,72,65,32,67,74,72,57,49,79,73,100,52,55,48,48,52
2016-1-13T10Z,100,87,93,100,76,100,59,68,72,32,81,70,93,58,77,92,77,62,84,80,72,64,33,66,77,71,57,50,78,67,98,54,53,47,47,52
2016-1-13T11Z,100,93,95,98,68,86,57,60,58,41,90,86,100,73,65,78,70,67,77,68,76,56,30,59,71,67,48,53,78,83,88,68,43,45,45,68
2016-1-13T12Z,100,87,100,93,61,65,60,74,78,32,89,85,99,73,84,77,70,67,77,67,78,56,30,59,77,67,48,50,78,57,86,67,50,52,52,67
2016-1-13T13Z,100,89,89,96,72,55,61,73,70,46,77,72,83,75,80,67,92,67,70,60,75,84,45,96,74,67,48,45,81,61,80,65,100,100,100,66
2016-1-13T14Z,100,93,78,100,85,45,64,72,62,64,79,80,93,83,77,63,84,67,90,51,72,71,46,100,71,69,48,61,78,67,79,65,100,100,100,66
2016-1-13T15Z,100,93,87,97,76,68,61,66,60,59,82,75,85,83,74,60,81,62,81,49,69,59,35,79,71,61,50,45,72,63,80,77,40,48,48,77
2016-1-13T16Z,100,93,100,93,65,100,59,59,58,54,87,70,76,83,71,58,78,58,71,47,67,46,22,55,71,61,53,41,70,58,81,77,40,54,54,77
2016-1-13T17Z,100,96,97,96,49,76,56,51,64,50,70,70,68,74,74,54,88,49,75,44,75,49,32,67,63,62,51,33,66,77,90,82,45,100,100,82
2016-1-13T18Z,98,100,87,100,57,47,48,34,73,38,62,44,44,48,72,47,78,39,61,42,62,35,20,52,61,62,45,32,64,34,90,82,46,100,100,82
2016-1-13T19Z,93,94,56,100,49,39,45,36,55,34,56,43,43,46,72,44,78,33,63,40,66,30,18,53,61,67,45,30,56,33,90,87,54,100,100,87
2016-1-13T20Z,94,87,22,100,41,31,42,40,35,31,51,42,42,45,73,41,78,27,66,39,72,26,16,56,61,69,45,50,57,32,90,83,64,100,100,87
2016-1-13T21Z,93,87,23,96,47,41,42,34,30,32,45,39,39,43,73,36,72,26,66,39,72,26,16,56,55,72,46,36,56,34,90,93,62,100,100,93
2016-1-13T22Z,92,87,26,93,55,55,43,29,26,34,39,36,36,42,73,31,67,26,67,40,72,28,16,56,48,71,49,37,56,37,89,92,66,100,100,93
2016-1-13T23Z,87,93,58,96,45,49,43,31,45,45,43,48,46,56,79,46,82,39,73,45,76,47,27,66,53,66,50,41,60,66,89,87,100,100,100,93
2016-1-14T0Z,88,81,82,93,82,39,39,29,24,36,51,47,62,45,78,39,73,38,73,56,85,68,37,60,51,66,49,41,60,50,88,87,100,100,100,92
2016-1-14T1Z,93,83,84,96,84,50,43,36,45,36,54,53,70,50,81,39,75,38,73,59,85,64,46,63,51,67,50,41,60,58,87,93,100,100,100,87
2016-1-14T2Z,94,87,87,100,87,66,49,46,73,36,58,62,81,56,85,41,79,40,73,64,85,61,58,68,52,68,53,59,61,68,86,92,100,100,100,87
2016-1-14T3Z,100,87,91,91,87,77,50,58,58,35,65,62,81,59,81,53,79,43,73,62,85,67,62,69,58,78,54,45,65,72,87,93,66,100,100,93
2016-1-14T4Z,100,87,98,80,87,93,52,75,40,35,75,62,81,64,78,69,79,47,73,60,85,75,68,72,67,78,57,45,65,79,87,93,66,99,99,93
2016-1-14T5Z,100,92,97,89,82,90,58,72,41,37,87,66,87,60,85,81,68,48,79,63,85,75,68,77,67,85,53,45,71,79,89,93,71,93,93,93
2016-1-14T6Z,100,87,74,93,93,87,69,81,73,17,87,66,87,60,85,80,68,48,78,63,85,75,68,77,72,84,53,43,69,78,90,93,69,92,92,92
2016-1-14T7Z,100,89,76,93,90,93,71,83,73,18,87,71,93,69,92,80,74,55,73,68,85,80,85,77,72,79,57,38,65,67,98,93,62,87,87,87
2016-1-14T8Z,100,93,80,93,87,100,74,86,73,21,86,71,92,69,91,80,74,55,73,68,85,80,84,77,73,80,57,60,64,67,98,87,71,90,90,87
2016-1-14T9Z,93,93,82,93,89,86,69,92,73,20,93,75,93,69,92,81,79,59,73,68,82,86,76,77,65,73,57,41,77,64,98,68,45,82,82,68
2016-1-14T10Z,93,93,86,93,93,71,64,100,73,20,100,81,93,69,92,82,86,64,74,68,79,93,68,77,58,73,57,45,78,61,95,69,43,84,84,68
2016-1-14T11Z,93,96,92,96,85,82,60,86,57,37,92,81,88,74,87,81,92,69,78,70,84,92,68,82,66,73,63,57,84,80,81,77,31,100,100,77
2016-1-14T12Z,93,87,86,86,93,100,61,100,73,19,93,87,93,69,85,82,80,60,85,68,79,86,79,82,68,73,49,57,82,67,81,77,31,100,100,77
2016-1-14T13Z,93,89,86,92,90,92,59,100,70,22,90,89,93,66,85,82,82,61,88,70,84,83,76,82,63,78,49,58,78,69,85,82,31,100,100,88
2016-1-14T14Z,94,93,87,100,87,84,57,100,68,26,87,93,93,64,85,82,86,64,92,73,92,81,74,82,58,79,49,72,76,73,84,83,44,100,100,88
2016-1-14T15Z,93,93,70,100,89,85,66,100,70,27,89,87,93,62,85,78,92,57,89,60,86,65,56,82,58,73,50,39,78,68,85,82,35,100,100,82
2016-1-14T16Z,93,93,49,100,93,87,80,100,73,29,93,81,93,60,85,75,100,49,86,45,79,47,36,82,58,72,53,38,78,62,86,79,35,100,100,81
2016-1-14T17Z,93,96,73,100,79,78,58,75,75,34,90,77,88,63,87,66,100,48,86,40,87,49,40,77,61,68,55,37,78,80,95,63,42,100,100,77
2016-1-14T18Z,94,93,32,93,100,66,60,61,55,32,68,63,87,66,79,50,69,37,86,30,80,38,28,77,59,68,51,38,78,53,95,65,43,100,100,77
2016-1-14T19Z,100,96,26,80,84,59,53,54,42,29,66,59,82,53,79,44,83,34,78,25,83,39,27,82,57,68,48,44,78,51,97,82,51,100,100,82
2016-1-14T20Z,100,100,21,65,67,51,45,47,28,26,64,55,77,41,79,39,100,31,70,20,88,41,26,88,55,69,45,58,77,50,96,81,61,100,100,83
2016-1-14T21Z,75,91,23,72,63,49,41,42,27,26,58,55,79,39,79,36,88,28,67,30,79,45,26,80,55,68,46,47,78,49,97,93,62,100,100,93
2016-1-14T22Z,75,81,26,81,59,48,37,38,26,26,52,55,82,38,79,34,75,26,65,41,69,51,26,73,56,68,48,47,78,49,97,92,66,100,100,92
2016-1-14T23Z,75,89,60,89,55,53,35,36,47,30,65,59,89,52,84,46,87,39,74,42,75,64,38,86,66,68,57,47,78,73,97,87,100,100,100,87
2016-1-15T0Z,77,75,37,81,59,55,34,31,26,29,60,67,87,44,85,44,75,34,75,46,84,66,37,83,60,69,68,47,80,75,97,87,100,100,100,87
2016-1-15T1Z,93,80,56,86,66,66,38,40,27,29,67,71,92,50,82,50,77,39,77,41,87,70,40,85,61,92,73,51,92,77,98,93,100,100,100,87
2016-1-15T2Z,94,87,81,93,77,82,45,53,30,29,77,77,100,58,79,58,80,46,80,36,92,76,45,88,64,91,80,63,84,81,96,90,100,100,100,87
2016-1-15T3Z,93,87,66,93,81,86,49,60,34,31,84,81,100,59,84,68,73,49,80,43,95,81,51,85,66,86,79,59,91,80,98,93,81,100,100,93
2016-1-15T4Z,93,87,49,93,87,93,56,70,40,34,93,87,100,62,92,81,65,53,80,53,100,87,60,83,69,86,79,60,91,79,97,93,80,100,100,93
2016-1-15T5Z,93,93,72,96,87,89,60,72,48,41,83,75,98,65,90,78,80,60,80,61,91,87,61,78,69,92,80,64,92,89,97,93,76,100,100,93
2016-1-15T6Z,94,86,76,93,82,100,65,75,63,43,82,82,100,65,100,87,70,53,80,61,100,87,69,78,69,92,86,73,90,79,97,90,73,97,97,92
2016-1-15T7Z,100,89,58,89,84,100,60,87,62,43,87,82,100,65,85,86,75,57,84,65,100,93,67,78,69,92,86,100,84,85,100,77,59,82,82,77
2016-1-15T8Z,100,93,39,86,87,100,56,100,62,43,86,81,99,65,85,85,75,57,83,65,99,92,67,78,69,91,85,97,75,85,100,73,68,86,86,79
2016-1-15T9Z,100,87,39,89,87,93,56,91,64,38,89,66,100,66,85,80,80,50,79,67,96,87,79,75,69,86,88,100,85,85,100,55,55,67,67,55
2016-1-15T10Z,100,81,39,93,87,87,56,81,67,34,93,50,100,69,85,75,86,43,75,70,92,82,92,73,69,86,92,92,86,85,100,54,53,66,66,54
2016-1-15T11Z,100,89,67,96,85,89,60,76,58,41,86,51,98,77,86,75,91,68,80,82,88,88,82,79,68,94,83,69,92,92,100,52,40,63,63,52
2016-1-15T12Z,98,86,33,100,87,76,65,100,62,27,40,58,93,74,85,81,86,45,75,86,93,82,92,78,69,93,92,70,90,79,99,52,40,62,62,51
2016-1-15T13Z,92,88,42,97,87,86,62,100,71,38,41,54,93,76,81,83,86,53,79,86,90,82,77,80,65,93,89,74,84,74,96,52,40,59,59,65
2016-1-15T14Z,93,93,56,93,87,100,60,100,85,53,43,49,93,79,78,87,86,65,86,86,87,82,59,83,60,93,86,78,80,68,93,53,48,64,64,48
2016-1-15T15Z,100,88,63,87,84,100,62,100,75,51,40,54,85,79,78,87,89,74,86,89,84,89,59,87,56,93,78,69,78,64,96,55,45,59,59,55
2016-1-15T16Z,100,81,75,80,81,100,67,100,63,49,37,61,76,80,79,87,93,87,87,93,80,100,59,94,52,93,69,65,76,59,94,57,45,64,64,55
2016-1-15T17Z,100,89,86,89,81,91,57,80,70,43,47,41,45,68,84,70,95,87,100,87,83,88,81,94,50,93,61,56,72,78,83,76,52,100,100,76
2016-1-15T18Z,98,81,81,100,76,81,47,76,47,39,46,41,44,67,78,70,81,87,100,87,75,87,81,94,45,93,60,60,70,55,84,76,53,100,100,76
2016-1-15T19Z,93,78,83,96,74,74,40,62,45,39,35,60,48,63,75,82,80,97,98,100,75,79,96,97,45,100,60,73,66,56,90,81,62,100,100,81
2016-1-15T20Z,94,75,87,93,72,67,34,47,44,39,24,58,37,59,73,70,80,100,100,100,75,64,93,94,45,98,60,72,67,59,89,79,69,100,100,81
2016-1-15T21Z,86,70,87,96,66,68,33,44,42,43,19,47,35,60,70,77,82,93,100,100,83,60,93,93,43,87,60,66,61,59,90,81,66,100,100,81
2016-1-15T22Z,84,66,87,100,59,71,33,41,41,50,14,36,34,63,67,86,86,87,100,100,93,56,93,93,42,87,60,68,61,59,89,81,69,100,100,81
2016-1-15T23Z,80,81,89,100,55,74,32,46,65,47,23,45,42,66,75,81,92,92,99,98,92,72,94,96,49,100,59,76,61,78,89,87,100,100,100,87
2016-1-16T0Z,80,66,93,100,55,100,35,41,44,45,18,47,45,63,66,74,100,87,100,93,100,52,93,93,45,99,59,73,61,64,88,87,100,100,100,87
2016-1-16T1Z,86,67,87,100,64,94,42,48,62,52,32,46,50,63,63,71,100,89,93,96,96,58,93,96,45,93,74,66,66,68,87,87,100,100,100,87
2016-1-16T2Z,89,70,81,100,77,87,53,57,86,63,50,46,58,63,61,69,100,93,86,100,93,67,93,100,45,92,93,74,67,74,87,84,100,100,100,86
2016-1-16T3Z,86,72,81,96,81,84,62,65,78,70,57,57,71,68,61,59,86,87,86,100,100,72,93,93,67,93,86,75,67,100,87,87,76,100,100,87
2016-1-16T4Z,87,75,81,93,87,82,74,75,69,79,57,56,71,68,61,59,86,86,86,100,99,72,93,93,93,93,86,75,67,99,87,86,77,100,100,86
2016-1-16T5Z,93,75,87,93,87,100,65,100,74,85,65,53,87,68,66,74,86,75,92,100,86,93,100,93,87,93,100,75,72,80,87,81,87,100,100,81
2016-1-16T6Z,93,75,87,93,87,99,64,100,74,85,65,57,82,68,66,79,80,81,92,100,93,87,100,100,86,93,100,60,72,100,87,76,76,76,76,76
2016-1-16T7Z,76,81,87,93,93,87,52,81,79,92,67,57,81,62,66,68,100,75,86,93,88,87,100,100,87,93,81,87,72,100,87,58,58,54,54,71
2016-1-16T8Z,93,90,90,100,94,99,61,77,72,77,75,57,81,62,71,79,100,70,92,93,93,93,100,100,90,93,100,60,78,93,98,48,55,48,48,48
2016-1-16T9Z,93,81,87,100,87,88,65,93,74,92,75,57,81,61,71,79,99,70,92,93,92,93,100,100,81,93,100,68,78,93,95,47,53,47,47,47
2016-1-16T10Z,93,83,93,96,87,93,66,96,74,88,69,62,76,62,71,80,79,79,90,97,90,93,89,100,83,100,98,93,78,93,83,43,42,45,45,43
2016-1-16T11Z,94,87,100,93,87,100,69,100,74,85,75,66,81,57,71,79,58,70,92,100,89,93,100,100,86,98,100,95,79,93,82,45,53,55,55,46
2016-1-16T12Z,93,93,100,93,93,95,71,100,79,88,80,66,81,62,58,79,73,83,92,100,80,100,93,100,86,93,100,87,79,93,83,46,35,42,42,46
2016-1-16T13Z,83,100,100,93,71,90,74,93,85,92,70,52,75,62,58,74,63,75,92,100,68,100,93,100,86,86,87,60,79,93,83,55,31,40,40,49
2016-1-16T14Z,93,100,90,95,77,86,72,87,66,65,70,65,76,62,64,68,58,74,92,87,87,93,87,100,86,86,100,75,79,86,74,55,31,39,39,55
2016-1-16T15Z,94,81,100,100,93,92,63,100,74,85,69,64,76,61,64,68,58,74,91,86,87,93,86,99,80,84,99,78,79,86,76,56,34,40,40,55
2016-1-16T16Z,100,93,60,93,71,79,59,66,59,45,58,56,81,49,64,73,73,74,86,71,93,93,76,64,75,69,66,87,79,86,92,67,52,47,47,67
2016-1-16T17Z,93,81,87,100,67,76,60,57,47,33,48,49,76,45,64,74,100,69,93,54,93,77,76,50,75,69,50,76,85,86,93,82,59,47,47,72
2016-1-16T18Z,93,93,97,93,59,67,59,64,44,30,48,49,71,36,59,68,63,64,86,50,93,72,54,44,80,59,57,66,85,93,93,76,42,93,93,76
2016-1-16T19Z,93,91,95,91,59,65,59,64,43,29,31,70,54,68,59,68,58,64,80,51,85,68,51,47,81,63,65,50,85,80,90,76,67,96,96,76
2016-1-16T20Z,94,81,87,81,63,55,61,67,38,26,30,70,54,67,59,67,58,63,80,52,84,68,51,48,86,65,65,64,87,80,90,75,74,95,95,76
2016-1-16T21Z,93,78,93,86,69,51,57,52,35,27,27,75,73,57,56,61,62,64,79,58,71,88,47,47,77,68,71,50,92,82,90,87,58,96,96,87
2016-1-16T22Z,93,76,100,93,77,48,53,38,33,29,24,80,93,47,53,55,68,64,79,58,58,88,44,47,69,67,78,61,92,86,89,87,63,95,95,87
2016-1-16T23Z,93,87,98,95,65,58,49,49,51,33,26,86,87,47,54,63,83,74,79,71,69,88,53,64,72,63,65,97,92,92,88,87,100,95,95,87
2016-1-17T0Z,93,71,100,100,72,63,57,61,30,38,35,85,86,47,58,63,68,73,78,71,63,87,53,64,69,63,65,86,88,92,88,87,100,95,95,87
2016-1-17T1Z,93,75,100,100,76,69,60,57,45,39,47,74,81,54,58,73,70,64,74,81,65,87,76,64,68,74,84,52,74,92,88,87,100,99,99,87
2016-1-17T2Z,94,81,100,100,82,77,65,54,63,42,46,74,80,54,58,73,73,64,74,81,68,87,75,64,68,75,83,65,75,93,87,83,100,99,99,86
2016-1-17T3Z,93,81,100,96,79,88,65,55,55,45,47,100,81,63,58,63,62,69,79,93,63,100,76,88,68,79,69,56,79,93,88,87,66,99,99,87
2016-1-17T4Z,94,81,100,93,77,100,65,58,47,49,47,99,80,62,58,63,62,69,79,92,62,99,76,87,68,78,68,57,76,93,88,86,64,93,93,86
2016-1-17T5Z,100,81,100,100,77,100,70,81,63,58,58,93,75,58,63,79,62,69,79,86,58,93,80,73,68,74,64,60,68,100,92,81,58,58,58,81
2016-1-17T6Z,100,81,100,100,77,100,70,80,63,58,58,93,81,58,69,79,48,74,79,86,58,93,80,83,68,74,59,64,67,87,92,81,66,51,51,81
2016-1-17T7Z,98,87,100,100,82,100,70,70,68,58,58,93,81,58,69,78,48,73,79,86,58,92,79,83,73,73,59,63,67,87,92,76,62,49,49,79
2016-1-17T8Z,93,84,99,99,84,95,70,81,62,53,75,100,86,67,69,73,56,69,79,93,63,87,69,83,68,68,64,60,67,87,98,52,42,42,42,52
2016-1-17T9Z,83,87,93,100,100,100,80,75,73,62,75,100,80,66,69,79,55,81,73,92,63,93,69,88,68,68,51,47,67,100,98,55,48,42,42,49
2016-1-17T10Z,93,83,100,100,87,91,68,93,80,62,81,74,83,78,63,85,71,87,85,86,63,100,69,88,68,63,85,51,72,74,84,46,37,40,40,46
2016-1-17T11Z,87,75,99,100,86,90,64,92,85,62,81,73,82,72,63,79,71,87,85,100,63,93,85,83,68,89,85,55,72,74,84,52,30,37,37,52
2016-1-17T12Z,84,75,100,100,93,100,64,93,85,62,81,74,80,71,69,78,71,87,85,99,68,92,84,83,74,89,84,55,70,68,82,52,31,37,37,52
2016-1-17T13Z,76,81,100,100,87,89,64,100,73,92,92,78,79,60,68,78,60,77,85,86,73,87,80,88,74,89,74,55,66,68,76,52,38,40,40,52
2016-1-17T14Z,83,93,93,93,87,81,64,86,68,73,92,78,79,65,68,72,59,68,79,80,73,93,84,77,74,63,47,100,66,59,76,63,40,40,40,56
2016-1-17T15Z,70,91,93,95,87,89,93,100,59,92,65,78,79,60,69,78,64,63,78,80,67,87,86,78,68,74,64,55,61,87,76,67,46,42,42,67
2016-1-17T16Z,81,87,93,100,87,87,49,75,59,92,70,86,80,50,63,61,54,55,78,69,85,87,93,69,74,86,47,51,61,87,76,72,49,39,39,59
2016-1-17T17Z,81,90,93,95,77,79,49,73,65,77,49,49,46,50,57,56,59,59,72,70,78,66,80,57,73,68,59,55,62,100,93,77,49,96,96,77
2016-1-17T18Z,83,81,100,100,87,72,65,50,41,85,48,48,45,50,56,55,58,58,71,70,77,65,79,57,86,67,59,56,62,100,92,77,49,95,95,77
2016-1-17T19Z,93,81,82,100,63,45,50,44,39,43,40,40,37,50,53,52,55,47,61,72,61,48,52,57,86,63,70,59,67,100,89,82,52,95,95,82
2016-1-17T20Z,81,93,87,93,59,56,43,41,33,38,40,40,35,50,58,52,46,44,56,45,56,44,61,60,74,73,70,86,67,100,89,72,60,95,95,82
2016-1-17T21Z,87,93,90,93,63,48,41,39,31,35,40,38,34,50,58,50,48,43,58,45,57,45,56,60,74,62,70,97,67,98,89,62,68,95,95,62
2016-1-17T22Z,87,93,100,93,77,29,39,34,29,30,40,35,33,50,58,48,54,41,65,45,61,48,45,60,74,62,70,95,67,93,86,62,71,94,94,62
2016-1-17T23Z,87,96,98,95,61,43,39,46,50,33,37,47,43,55,61,51,76,51,65,52,72,62,55,56,72,67,77,92,67,96,72,62,100,94,94,62
2016-1-18T0Z,88,100,77,93,68,68,43,29,31,35,35,61,57,55,63,51,59,47,65,52,56,62,55,56,68,66,86,90,68,93,72,58,100,94,94,60
2016-1-18T1Z,93,90,79,96,77,79,47,40,42,35,46,56,63,64,65,50,59,62,73,65,58,75,57,80,79,61,92,86,73,86,73,38,100,98,98,38
2016-1-18T2Z,94,81,82,100,87,93,53,54,55,37,59,52,70,65,69,51,59,79,71,65,61,66,55,63,92,65,100,90,74,80,71,41,100,98,98,41
2016-1-18T3Z,87,86,90,100,79,90,56,62,49,38,59,80,70,65,72,55,54,63,65,74,63,57,55,67,76,78,100,86,72,80,73,54,77,98,98,54
2016-1-18T4Z,88,93,100,100,72,87,61,71,44,41,59,80,70,65,76,55,54,62,65,74,66,57,54,67,61,78,100,86,73,80,73,54,77,94,94,54
2016-1-18T5Z,93,87,100,100,93,100,75,81,68,43,89,80,86,65,63,65,59,62,71,74,72,65,43,77,55,78,100,86,78,100,80,59,77,76,76,66
2016-1-18T6Z,93,87,100,100,93,99,75,81,68,42,89,77,86,65,63,71,59,62,65,80,72,65,65,77,55,67,100,92,85,99,80,47,72,76,76,47
2016-1-18T7Z,93,93,100,100,93,87,81,87,68,37,89,77,86,65,69,70,64,62,65,80,78,65,65,76,60,65,99,90,86,86,79,47,72,76,76,47
2016-1-18T8Z,93,95,98,100,90,88,75,79,59,46,92,79,100,65,76,65,64,67,70,86,72,93,68,71,55,47,73,86,92,100,78,47,72,76,76,47
2016-1-18T9Z,93,81,100,93,100,87,81,100,73,37,92,79,100,65,75,65,64,66,70,85,72,93,68,71,65,47,72,77,90,99,76,46,68,72,72,46
2016-1-18T10Z,93,86,100,87,93,87,75,100,70,50,92,79,100,77,48,71,70,56,70,67,75,95,79,82,65,56,44,54,85,96,70,44,48,50,50,44
2016-1-18T11Z,94,93,100,81,87,89,70,100,68,65,91,78,99,76,69,70,70,55,70,67,72,95,78,82,65,61,44,69,85,92,68,42,58,60,60,46
2016-1-18T12Z,100,81,93,100,93,87,80,100,73,65,92,79,86,77,76,71,64,51,77,67,72,95,50,82,71,72,52,73,92,59,70,41,34,47,47,41
2016-1-18T13Z,93,100,93,100,93,77,80,87,63,54,81,63,73,77,76,60,58,56,64,68,78,60,63,71,71,78,44,79,100,59,70,41,12,47,47,41
2016-1-18T14Z,93,87,100,100,93,100,65,100,85,54,87,68,93,77,76,60,64,66,70,62,66,52,30,62,65,78,52,49,92,55,65,38,34,58,58,38
2016-1-18T15Z,93,93,87,100,87,81,65,81,68,57,81,58,76,71,70,60,59,56,65,42,72,45,52,55,71,78,44,41,85,55,65,41,17,58,58,41
2016-1-18T16Z,93,89,90,100,85,84,67,73,61,53,74,57,71,68,70,60,59,52,65,40,65,42,50,53,69,78,46,49,78,55,64,41,23,58,58,41
2016-1-18T17Z,94,81,100,100,82,93,75,54,44,44,57,55,62,61,70,60,59,44,65,37,48,37,47,51,66,79,53,67,77,55,62,40,41,68,68,42
2016-1-18T18Z,76,87,87,93,77,72,43,44,38,29,50,44,44,52,64,47,55,37,55,24,41,32,22,48,56,57,49,38,85,47,58,47,23,100,100,59
2016-1-18T19Z,81,86,88,93,77,72,42,46,37,29,50,44,43,52,63,47,52,37,56,26,41,31,21,47,57,52,48,36,78,45,66,44,33,100,100,61
2016-1-18T20Z,85,81,100,93,77,72,36,62,33,36,51,45,38,53,59,52,39,41,65,40,41,30,16,45,66,55,48,56,77,37,65,44,45,100,100,60
2016-1-18T21Z,71,81,87,90,79,67,34,44,31,31,46,45,38,49,59,50,46,36,65,40,50,31,16,48,61,52,46,38,72,37,66,44,37,100,100,61
2016-1-18T22Z,71,81,72,87,82,63,32,24,29,27,42,45,38,45,59,48,55,32,65,40,61,33,17,52,56,52,44,38,72,37,65,44,44,100,100,60
2016-1-18T23Z,76,76,83,89,72,67,32,39,50,33,47,56,44,56,65,55,76,41,69,43,71,56,29,73,51,66,47,41,78,67,65,46,100,100,100,43
2016-1-19T0Z,75,71,100,93,82,82,31,42,25,31,39,48,41,49,70,48,50,37,65,47,66,81,23,63,71,66,44,42,78,100,65,46,100,100,100,43
2016-1-19T1Z,70,73,100,95,82,84,38,48,37,33,47,53,53,56,72,51,56,38,65,46,71,72,25,60,76,85,45,48,78,71,67,46,100,100,100,56
2016-1-19T2Z,75,76,100,100,82,87,50,58,55,38,58,60,70,67,76,56,65,41,65,46,78,61,29,58,84,85,48,64,76,33,66,46,100,100,100,50
2016-1-19T3Z,61,76,100,100,89,89,50,62,55,33,61,66,77,62,76,58,60,44,67,51,78,73,31,58,79,66,49,44,71,33,67,58,62,100,100,62
2016-1-19T4Z,63,76,100,100,100,93,50,70,55,28,66,74,87,57,77,61,55,48,71,58,78,90,35,59,72,66,52,44,70,33,67,57,60,100,100,61
2016-1-19T5Z,75,85,98,100,92,96,59,72,55,35,77,71,83,59,55,61,75,57,68,55,78,86,41,74,60,66,51,48,65,63,69,57,50,100,100,57
2016-1-19T6Z,75,87,100,93,87,93,57,75,47,36,81,72,86,62,83,84,55,52,65,58,78,96,57,54,60,66,56,48,65,32,69,57,49,99,99,57
2016-1-19T7Z,76,92,100,93,87,96,55,77,44,36,86,75,86,62,83,84,57,53,77,73,78,97,57,41,60,72,56,48,65,37,76,58,47,93,93,58
2016-1-19T8Z,83,100,100,93,87,100,53,81,41,38,93,80,86,62,83,85,60,56,76,72,78,96,57,41,60,76,56,66,64,45,75,58,59,94,94,59
2016-1-19T9Z,87,100,100,96,89,100,53,78,48,42,93,80,86,59,83,85,64,58,77,75,78,75,61,43,62,78,56,52,65,45,76,58,41,100,100,58
2016-1-19T10Z,85,100,100,100,93,100,53,75,57,48,93,80,87,57,83,85,70,61,77,79,78,51,67,47,65,77,56,52,65,45,75,58,47,100,100,58
2016-1-19T11Z,81,100,100,100,93,100,60,74,53,62,85,79,84,62,60,80,83,62,78,67,77,68,60,70,59,72,54,52,65,70,73,67,100,100,100,67
2016-1-19T12Z,82,100,100,100,87,87,75,93,63,100,100,77,87,62,76,85,70,66,77,79,78,51,85,47,77,72,56,53,67,44,73,69,91,100,100,67
2016-1-19T13Z,87,91,97,100,89,92,72,96,59,96,100,84,87,59,76,74,73,66,77,65,81,51,79,45,74,72,56,56,77,45,78,87,31,100,100,77
2016-1-19T14Z,90,81,93,100,93,100,70,100,54,92,100,93,87,57,76,61,77,66,77,48,85,51,72,43,71,72,56,70,75,48,76,87,41,100,100,87
2016-1-19T15Z,81,81,95,100,93,100,74,97,54,95,91,90,78,59,76,61,69,59,74,50,79,43,57,40,68,67,54,44,71,48,78,82,39,100,100,82
2016-1-19T16Z,81,81,100,100,93,100,80,93,55,100,81,87,67,62,76,62,60,52,71,54,72,35,38,38,66,66,52,41,71,49,78,82,39,100,100,82
2016-1-19T17Z,81,89,97,100,83,89,67,81,61,85,69,81,60,72,76,59,79,49,83,49,83,50,43,59,60,62,51,35,71,73,80,87,44,100,100,87
2016-1-19T18Z,81,81,93,93,82,71,61,47,45,80,67,67,55,73,65,62,56,44,61,45,62,28,28,83,61,62,41,35,69,42,80,87,44,100,100,87
2016-1-19T19Z,81,85,95,93,77,67,61,55,43,69,67,65,52,81,65,57,53,44,58,42,62,23,26,60,61,63,39,36,65,40,84,87,44,100,100,87
2016-1-19T20Z,85,93,100,93,72,63,61,67,42,55,67,63,49,92,65,53,51,45,56,40,62,19,24,33,61,63,38,56,65,39,84,84,55,100,100,87
2016-1-19T21Z,81,93,100,93,69,66,59,67,38,55,57,61,47,88,62,61,49,43,54,39,58,18,22,33,58,63,38,30,66,37,84,93,50,100,100,90
2016-1-19T22Z,81,93,100,93,67,72,57,67,34,55,46,59,46,85,60,73,47,42,52,38,53,18,20,33,56,63,38,30,66,36,84,93,54,100,100,93
2016-1-19T23Z,81,96,97,96,77,69,55,64,50,52,46,60,47,87,66,68,71,45,61,37,61,43,30,57,58,70,43,30,72,64,90,93,100,100,100,94
2016-1-20T0Z,81,87,82,93,93,77,76,28,39,64,46,55,59,92,65,73,44,42,61,31,57,29,33,41,61,73,49,32,72,44,89,93,100,100,100,93
2016-1-20T1Z,87,89,86,95,90,78,77,32,41,64,55,53,67,92,63,77,50,42,63,38,60,43,42,44,64,73,50,42,72,41,89,93,100,100,100,93
2016-1-20T2Z,89,93,93,100,87,82,81,41,45,64,71,50,81,92,60,85,61,42,66,50,67,64,57,50,71,73,53,59,71,38,89,93,100,100,100,93
2016-1-20T3Z,87,93,96,96,87,87,81,47,46,65,93,70,82,85,71,92,52,45,66,50,66,60,67,66,73,68,57,45,78,36,89,87,71,100,100,87
2016-1-20T4Z,88,93,100,93,87,93,81,54,48,68,93,69,82,85,71,91,51,44,65,50,66,60,67,66,77,68,57,46,78,36,89,87,71,99,99,87
2016-1-20T5Z,93,96,98,96,93,94,79,50,55,65,93,66,87,85,78,85,48,42,61,51,72,80,73,71,77,73,62,50,78,42,90,93,71,93,93,93
2016-1-20T6Z,100,93,82,100,93,100,81,50,69,74,93,66,93,85,78,92,85,46,67,51,72,69,85,71,77,68,62,50,72,42,90,93,61,81,81,93
2016-1-20T7Z,98,93,100,100,93,93,86,62,74,52,93,66,93,85,78,92,84,46,67,50,72,69,84,71,77,68,62,50,73,45,91,91,58,81,81,92
2016-1-20T8Z,93,96,98,100,87,95,83,66,71,48,93,72,93,85,78,92,78,46,78,44,78,98,79,76,84,68,67,54,78,45,100,82,44,87,87,82
2016-1-20T9Z,87,81,37,93,93,100,76,71,69,49,93,80,100,85,85,85,85,46,78,54,78,59,73,76,84,68,53,50,78,53,100,82,38,81,81,76
2016-1-20T10Z,93,81,88,95,95,90,82,70,75,62,87,80,100,92,85,92,80,46,85,44,80,93,68,71,81,68,67,63,72,55,100,59,36,81,81,59
2016-1-20T11Z,94,81,93,100,100,99,87,70,80,35,86,80,99,91,85,91,72,46,84,44,85,93,67,71,77,71,66,75,70,62,100,65,50,85,85,63
2016-1-20T12Z,100,83,66,96,96,99,87,84,82,37,93,86,96,88,85,95,78,62,85,44,81,93,60,73,80,79,67,58,72,64,100,59,34,87,87,59
2016-1-20T13Z,98,87,37,93,93,99,87,100,86,41,100,93,93,85,85,100,85,79,85,44,78,93,53,76,84,78,67,67,72,68,98,60,34,84,84,59
2016-1-20T14Z,93,91,67,96,93,97,88,88,80,48,79,88,89,86,82,92,92,84,84,45,87,80,54,78,71,73,64,96,72,83,91,67,34,71,71,67
2016-1-20T15Z,93,81,80,93,100,87,93,100,85,55,87,74,76,85,85,85,78,92,78,45,78,71,46,71,78,73,63,83,71,68,91,68,34,72,72,67
2016-1-20T16Z,93,81,89,96,93,92,93,82,75,45,100,69,66,85,85,79,78,86,78,34,72,50,68,63,72,73,57,47,67,100,98,76,39,81,81,76
2016-1-20T17Z,95,81,100,100,87,100,93,62,65,35,99,69,66,85,85,79,78,86,78,34,72,49,67,63,66,74,57,63,68,100,96,76,53,85,85,78
2016-1-20T18Z,87,81,93,100,68,72,71,44,49,21,76,82,66,79,85,68,67,100,73,38,67,37,37,49,72,68,43,43,67,100,91,76,50,100,100,81
2016-1-20T19Z,87,79,93,100,68,70,69,42,47,21,82,61,63,85,79,63,67,83,79,93,79,44,37,49,62,63,56,40,57,100,89,87,50,100,100,87
2016-1-20T20Z,81,70,93,100,72,60,62,42,42,23,81,61,63,84,79,63,67,82,79,91,79,44,37,49,62,63,55,40,57,100,89,93,50,100,100,93
2016-1-20T21Z,80,70,87,93,68,68,54,34,34,26,82,57,63,74,79,73,67,83,73,68,67,43,34,49,67,63,56,40,57,59,89,93,55,100,100,93
2016-1-20T22Z,75,68,89,93,69,68,51,34,29,29,82,58,64,76,79,68,72,81,75,83,67,46,46,49,75,63,58,43,57,78,90,93,100,100,100,93
2016-1-20T23Z,80,66,93,93,72,68,48,34,24,33,82,61,67,79,79,63,78,80,78,100,67,50,59,49,85,65,61,61,60,100,89,89,100,100,100,92
2016-1-21T0Z,75,67,93,96,79,69,52,36,19,33,79,62,71,82,81,67,81,85,78,100,67,70,62,59,85,79,59,50,67,82,90,87,71,100,100,87
2016-1-21T1Z,75,70,93,100,87,72,58,39,15,35,76,65,77,86,85,73,85,92,78,100,67,70,66,58,85,79,58,50,66,64,89,87,74,100,100,87
2016-1-21T2Z,75,84,93,96,86,83,69,56,38,39,81,73,83,79,82,79,92,88,85,100,72,81,80,55,84,85,61,50,66,81,88,87,100,100,100,87
2016-1-21T3Z,76,81,100,100,82,100,58,47,28,44,87,66,93,79,85,79,92,96,85,99,78,81,80,55,85,84,63,62,68,50,88,86,97,98,98,86
2016-1-21T4Z,81,81,100,100,87,100,64,54,37,40,66,71,93,79,85,85,78,100,85,93,81,87,86,59,85,73,63,100,78,100,89,81,81,87,87,81
2016-1-21T5Z,86,81,100,100,93,100,71,62,48,37,66,71,93,79,85,84,78,99,84,93,85,87,85,60,85,76,63,100,75,100,88,81,85,89,89,81
2016-1-21T6Z,87,93,100,100,93,100,61,65,58,41,93,71,93,79,85,79,72,100,78,86,85,81,86,72,92,79,58,54,72,100,89,81,81,81,81,76
2016-1-21T7Z,87,100,100,100,87,100,73,70,58,43,93,76,100,79,85,73,78,100,78,100,79,87,86,77,85,79,63,54,78,100,100,71,76,62,62,71
2016-1-21T8Z,93,100,99,100,86,99,72,69,58,43,93,76,99,79,84,73,79,99,77,99,78,93,85,77,84,79,63,58,84,100,100,51,66,51,51,51
2016-1-21T9Z,93,87,100,100,87,100,35,65,54,43,93,71,100,79,85,92,78,100,92,100,79,93,92,77,85,79,68,58,82,100,100,50,65,50,50,50
2016-1-21T10Z,93,87,100,100,93,100,43,69,58,43,100,71,100,85,85,85,78,100,78,100,79,93,100,87,81,85,73,58,77,74,100,45,59,48,48,45
2016-1-21T11Z,94,87,100,100,100,100,52,75,63,45,99,71,99,85,84,85,78,99,77,99,78,92,98,87,78,87,73,72,72,74,99,52,68,59,59,50
2016-1-21T12Z,93,87,100,100,96,96,53,80,62,45,93,87,93,79,85,85,85,92,84,93,82,87,92,82,81,73,73,58,84,87,100,59,45,45,45,59
2016-1-21T13Z,93,87,100,100,93,93,56,86,62,45,93,87,93,79,85,84,85,91,83,93,85,86,91,81,85,72,72,55,82,100,99,60,45,44,44,59
2016-1-21T14Z,93,93,100,100,88,89,61,71,61,44,93,91,93,85,84,82,92,91,78,93,89,78,79,76,79,62,69,50,78,100,94,67,45,39,39,72
2016-1-21T15Z,94,87,93,100,87,100,45,86,58,46,87,93,100,79,92,85,85,97,85,93,79,47,86,68,92,62,63,46,75,64,94,67,45,41,41,72
2016-1-21T16Z,100,87,89,100,87,100,48,74,50,43,69,90,89,81,92,82,82,91,79,87,79,47,70,61,83,62,60,37,61,61,95,72,51,62,62,72
2016-1-21T17Z,99,87,86,100,87,100,52,59,40,41,48,87,77,85,92,79,79,86,73,81,79,48,52,53,73,63,58,58,63,59,93,73,61,69,69,73
2016-1-21T18Z,100,81,82,100,34,82,40,23,40,32,28,87,88,79,85,73,63,86,67,87,73,48,39,49,67,58,61,40,57,59,88,87,47,100,100,87
2016-1-21T19Z,93,80,80,99,33,79,39,22,39,32,27,87,86,79,85,72,63,86,66,88,73,48,38,49,67,58,60,34,57,59,86,93,58,100,100,93
2016-1-21T20Z,93,76,59,87,26,46,34,16,30,34,26,87,72,79,92,68,68,93,62,100,79,51,36,53,73,59,58,53,59,59,85,89,66,100,100,92
2016-1-21T21Z,93,76,60,89,22,44,30,14,26,34,27,86,69,79,88,68,68,87,67,94,79,56,36,53,73,53,58,37,57,63,86,87,58,100,100,87
2016-1-21T22Z,93,76,63,93,19,43,26,12,22,34,29,86,67,79,85,68,68,80,73,87,79,63,36,53,73,54,58,51,57,69,86,87,62,100,100,87
2016-1-21T23Z,93,87,76,94,28,44,28,32,45,39,32,86,79,82,85,71,83,87,78,92,79,64,50,63,75,72,59,99,61,83,86,87,100,100,100,87
2016-1-22T0Z,93,76,72,100,43,77,18,13,20,37,27,75,71,79,85,68,79,80,73,87,86,72,64,60,67,53,50,87,61,100,86,87,100,100,100,81
2016-1-22T1Z,93,76,72,97,52,83,26,18,28,43,34,70,68,76,85,70,79,80,73,92,86,72,62,63,68,85,51,46,66,100,86,87,100,100,100,83
2016-1-22T2Z,92,76,72,93,68,93,39,28,41,54,46,64,66,73,85,73,79,80,73,100,86,72,60,68,72,85,54,62,66,100,85,83,100,100,100,87
2016-1-22T3Z,93,80,76,95,67,80,36,28,38,59,47,66,67,73,85,73,81,80,75,100,83,72,59,64,69,53,52,46,61,100,86,87,76,100,100,87
2016-1-22T4Z,93,87,82,100,67,62,34,30,34,68,49,69,70,73,85,73,85,80,79,100,79,72,59,60,67,53,50,44,61,100,86,86,74,96,96,86
2016-1-22T5Z,93,84,84,99,65,71,49,34,46,67,45,73,77,80,86,74,92,88,80,98,80,81,61,72,69,67,61,38,61,100,87,81,61,70,70,81
2016-1-22T6Z,93,81,93,87,93,71,34,39,58,54,56,69,80,73,85,79,79,100,78,100,85,77,55,68,84,65,53,39,62,100,88,79,61,68,68,80
2016-1-22T7Z,93,83,90,92,90,78,37,43,58,57,60,71,80,73,82,79,79,100,81,100,85,74,66,68,81,53,57,45,67,100,100,71,66,62,62,71
2016-1-22T8Z,91,87,87,100,87,87,42,48,58,62,65,74,81,73,79,79,79,100,85,100,85,72,80,68,78,57,62,64,65,100,99,69,72,69,69,72
2016-1-22T9Z,93,87,87,100,87,89,48,51,60,58,62,74,75,75,81,79,81,93,82,100,82,69,86,72,84,48,64,53,67,93,100,63,55,58,58,63
2016-1-22T10Z,91,87,87,100,87,93,56,56,63,54,60,74,69,79,85,79,85,86,79,100,79,67,94,78,92,48,67,53,67,86,99,62,52,57,57,62
2016-1-22T11Z,87,92,90,97,81,83,61,47,63,55,64,74,74,85,84,73,92,100,85,93,81,68,86,78,84,48,72,53,67,92,99,59,37,51,51,59
2016-1-22T12Z,88,93,81,93,93,76,60,52,54,50,64,74,74,84,85,73,85,99,84,93,92,68,85,78,85,47,71,53,67,80,96,60,36,49,49,59
2016-1-22T13Z,93,93,86,96,96,87,64,53,55,55,56,77,77,83,85,77,79,92,80,98,88,76,86,93,85,45,73,53,72,74,83,72,34,39,39,59
2016-1-22T14Z,92,93,93,100,100,100,69,56,58,62,74,74,74,79,85,73,73,86,79,100,85,72,80,94,85,49,67,68,72,69,80,69,46,50,50,59
2016-1-22T15Z,93,87,96,96,87,96,69,54,58,60,65,69,74,79,79,70,75,92,73,100,85,81,82,94,85,58,60,38,57,57,83,62,52,62,62,62
2016-1-22T16Z,93,81,100,93,71,93,69,52,58,58,56,64,74,79,73,68,79,100,67,100,85,93,86,94,85,58,53,36,56,45,83,63,51,66,66,62
2016-1-22T17Z,93,89,98,96,54,73,53,45,69,49,50,73,73,81,81,69,89,96,74,100,89,94,88,96,75,68,54,33,53,71,88,76,45,100,100,76
2016-1-22T18Z,93,87,86,100,54,58,42,28,43,38,45,52,74,73,73,63,86,92,79,100,49,88,79,94,79,67,49,33,51,75,88,75,45,100,100,75
2016-1-22T19Z,93,81,89,96,47,44,36,21,38,36,41,48,69,75,70,65,86,89,73,96,45,78,82,94,76,58,49,33,45,80,89,71,47,100,100,71
2016-1-22T20Z,93,76,93,93,39,28,30,14,33,34,37,45,64,79,67,68,86,86,68,93,42,68,86,94,73,59,49,54,51,87,89,71,57,100,100,72
2016-1-22T21Z,93,71,96,87,35,27,28,13,28,35,37,45,64,73,64,65,82,86,68,89,43,54,88,96,67,54,49,39,53,89,89,76,62,100,100,76
2016-1-22T22Z,94,66,100,81,31,26,26,13,24,37,37,45,64,68,62,63,79,86,68,86,46,40,92,100,62,54,49,39,54,93,88,76,62,100,100,76
2016-1-22T23Z,100,78,96,88,30,39,29,22,46,43,34,57,60,74,69,71,89,85,74,92,62,62,91,100,68,58,56,39,62,96,88,81,62,100,100,81
2016-1-23T0Z,97,66,87,81,59,43,30,24,25,42,37,45,49,68,72,79,63,86,85,100,53,51,92,100,73,58,45,39,62,100,88,81,66,100,100,81
2016-1-23T1Z,87,72,87,89,60,52,33,22,26,44,45,50,53,70,78,76,80,88,82,100,57,52,85,94,78,58,67,39,67,74,96,87,100,100,100,87
2016-1-23T2Z,88,81,87,100,63,63,37,21,28,48,56,56,58,73,85,74,100,92,79,100,62,54,79,88,85,61,92,58,68,45,94,84,100,100,100,87
2016-1-23T3Z,93,81,93,88,64,66,42,28,34,51,67,64,58,75,85,71,92,85,76,100,67,57,81,90,82,62,85,63,78,45,96,87,71,100,100,87
2016-1-23T4Z,94,81,100,75,67,71,49,37,43,55,80,74,58,79,85,68,85,79,73,100,73,62,85,93,79,62,79,68,75,45,96,87,71,100,100,87
2016-1-23T5Z,100,81,82,87,82,77,56,43,68,69,62,78,86,79,85,73,54,86,67,100,67,87,85,88,85,67,79,85,66,49,97,93,71,100,100,93
2016-1-23T6Z,93,87,87,100,82,93,73,50,58,69,74,78,80,79,85,79,68,73,62,80,73,75,85,82,85,67,79,73,66,57,97,87,71,100,100,87
2016-1-23T7Z,87,87,93,100,82,93,60,52,68,44,80,86,86,85,79,85,68,73,67,86,79,65,79,87,85,67,85,79,72,100,100,82,76,87,87,82
2016-1-23T8Z,87,87,93,100,81,92,61,50,67,44,79,85,83,86,77,84,71,72,68,86,79,69,79,88,84,79,85,85,66,100,100,82,71,93,93,82
2016-1-23T9Z,88,87,93,100,82,87,60,56,79,51,80,86,67,85,79,85,68,73,72,74,85,70,92,82,79,78,79,83,67,53,100,83,69,90,90,82
2016-1-23T10Z,93,84,84,96,84,93,60,52,79,44,92,78,74,85,81,73,79,73,78,79,74,97,79,87,73,72,85,79,72,75,100,93,59,76,76,93
2016-1-23T11Z,94,81,76,93,87,100,60,48,79,38,91,77,73,84,85,73,79,73,78,79,63,96,79,87,67,75,85,86,68,100,100,90,68,81,81,93
2016-1-23T12Z,100,81,78,93,87,100,67,49,79,31,92,82,74,79,85,73,82,70,85,79,62,65,86,77,64,67,85,92,71,100,100,87,48,82,82,87
2016-1-23T13Z,97,81,82,93,87,100,76,52,79,24,92,86,74,79,85,73,86,68,84,79,62,64,85,76,62,67,85,90,71,100,99,84,47,82,82,85
2016-1-23T14Z,87,89,90,96,84,92,76,46,72,35,76,83,68,85,82,78,92,68,83,83,74,60,83,63,66,67,85,86,72,100,95,67,42,87,87,67
2016-1-23T15Z,87,87,76,93,87,100,65,56,85,38,62,80,65,100,85,79,85,79,85,79,68,60,63,62,67,66,86,84,70,100,95,66,44,87,87,66
2016-1-23T16Z,87,89,81,96,79,81,65,49,74,38,59,74,62,92,85,73,92,73,82,73,65,64,59,52,62,57,86,79,66,100,95,66,59,87,87,66
2016-1-23T17Z,90,93,87,100,71,62,65,43,63,38,56,69,60,85,85,68,100,68,79,73,63,64,55,52,57,60,86,86,68,100,95,69,67,89,89,68
2016-1-23T18Z,87,87,82,87,82,77,42,36,41,31,40,60,49,85,79,75,100,68,63,63,63,51,47,42,53,49,86,63,61,100,96,54,48,100,100,62
2016-1-23T19Z,93,87,81,88,80,75,40,33,39,29,40,59,48,83,78,71,100,67,64,66,66,60,45,41,52,45,87,100,61,100,98,62,71,100,100,62
2016-1-23T20Z,94,93,76,100,72,68,33,22,29,23,40,56,46,79,73,55,100,63,73,80,83,60,37,37,50,49,92,100,63,100,97,65,76,100,100,65
2016-1-23T21Z,87,90,81,94,74,61,33,20,27,20,37,52,40,82,73,49,100,63,73,71,71,60,41,37,51,45,89,100,61,100,98,58,50,100,100,58
2016-1-23T22Z,88,87,87,87,77,55,35,18,25,17,35,49,35,86,73,43,100,63,73,63,58,60,47,39,53,45,86,96,61,100,97,58,55,100,100,58
2016-1-23T23Z,93,93,90,93,84,71,35,23,47,26,33,60,44,85,79,61,100,67,78,72,67,72,58,68,59,57,84,85,61,100,95,62,100,100,100,62
2016-1-24T0Z,93,81,87,93,77,72,30,24,20,24,30,52,43,79,73,82,68,63,85,63,68,60,71,51,79,58,86,83,62,92,95,63,100,100,100,62
2016-1-24T1Z,93,81,87,96,70,78,31,28,31,27,37,64,60,81,81,70,73,67,85,68,70,61,62,56,79,73,84,79,71,95,99,71,100,100,100,71
2016-1-24T2Z,94,81,87,100,63,87,34,33,46,31,45,78,80,85,92,58,79,73,85,74,73,64,54,62,79,74,82,85,68,100,98,70,100,100,100,71
2016-1-24T3Z,93,83,84,96,66,84,36,35,53,38,52,76,80,79,92,63,76,82,92,68,78,74,58,62,81,73,80,86,78,81,99,71,66,100,100,71
2016-1-24T4Z,91,87,81,93,71,82,40,38,63,48,60,75,80,79,92,63,73,92,92,67,85,73,58,62,85,73,79,81,78,62,98,73,66,98,98,71
2016-1-24T5Z,87,87,81,93,58,100,50,43,54,64,74,78,76,85,100,79,73,92,92,58,85,69,63,71,85,73,54,68,78,100,97,87,66,87,87,87
2016-1-24T6Z,100,93,76,100,58,76,57,53,58,59,63,65,86,79,100,63,68,78,78,68,85,64,63,71,85,79,58,54,78,100,97,71,66,81,81,76
2016-1-24T7Z,93,81,81,100,47,71,57,58,68,64,74,78,86,85,100,73,63,92,100,62,85,74,63,81,92,79,53,58,77,100,100,54,62,81,81,54
2016-1-24T8Z,100,87,81,100,41,71,53,61,63,59,80,65,86,85,100,68,68,84,78,73,85,64,79,76,92,79,42,53,77,100,100,54,62,81,81,50
2016-1-24T9Z,93,87,81,98,53,75,54,59,63,57,85,80,81,79,100,79,73,85,85,73,92,74,68,76,89,85,62,57,77,44,100,62,55,81,81,58
2016-1-24T10Z,94,87,81,93,87,87,57,56,63,54,85,80,80,79,100,79,73,85,85,73,91,74,68,75,85,85,62,57,77,44,100,60,52,77,77,57
2016-1-24T11Z,100,92,89,96,83,86,69,65,65,55,86,80,77,80,100,85,73,85,92,92,85,96,79,70,85,85,67,57,77,100,100,54,36,58,58,54
2016-1-24T12Z,100,93,87,87,93,99,70,65,68,32,86,69,93,80,92,73,62,78,92,73,85,96,73,75,85,85,57,48,77,100,100,62,41,81,81,71
2016-1-24T13Z,100,100,88,93,88,84,77,74,79,46,88,71,93,80,94,74,65,78,92,74,85,90,73,75,85,79,60,61,84,100,96,81,48,81,81,81
2016-1-24T14Z,100,100,76,93,93,93,76,65,79,32,93,78,93,80,100,79,73,78,92,79,85,80,73,75,85,81,67,74,80,100,96,82,59,85,85,82
2016-1-24T15Z,93,96,84,89,93,93,76,74,76,37,75,78,62,74,96,68,73,85,92,86,79,59,34,62,82,85,58,57,72,84,96,76,51,70,70,76
2016-1-24T16Z,94,93,93,86,93,93,76,85,73,44,74,77,61,73,92,67,73,84,91,85,74,58,33,61,79,84,57,53,69,69,96,74,53,74,74,75
2016-1-24T17Z,100,95,95,92,71,71,40,35,26,19,66,50,55,64,100,59,100,61,68,41,59,45,24,54,68,79,50,42,57,59,96,62,66,100,100,62
2016-1-24T18Z,92,93,94,100,70,70,39,34,26,18,65,49,54,63,99,58,98,61,68,41,58,44,24,53,68,74,49,100,61,59,96,62,54,100,100,62
2016-1-24T19Z,89,87,51,81,67,63,37,30,29,18,52,44,52,60,92,55,64,61,80,42,55,39,24,50,68,74,46,85,60,60,96,63,55,100,100,62
2016-1-24T20Z,76,93,68,88,56,64,39,43,49,25,46,55,49,57,93,49,81,58,64,37,71,62,24,44,66,74,60,40,57,79,97,76,62,100,100,76
2016-1-24T21Z,76,81,48,93,55,42,26,25,22,33,55,44,49,57,86,49,69,51,64,37,55,62,24,43,58,74,50,40,57,55,97,74,66,100,100,75
2016-1-24T22Z,81,78,44,84,47,40,26,22,22,40,47,43,53,65,86,54,71,52,72,63,59,73,48,64,55,83,51,43,62,59,97,62,100,100,100,62
2016-1-24T23Z,85,76,41,76,39,39,26,19,23,48,40,42,59,57,86,52,74,55,69,43,64,86,35,38,53,82,53,61,65,64,97,67,100,100,100,65
2016-1-25T0Z,75,73,54,78,44,46,27,21,23,51,47,49,65,56,86,55,86,56,73,47,64,80,44,43,67,83,55,46,62,80,97,76,66,100,100,76
2016-1-25T1Z,75,70,71,81,51,55,30,25,23,55,55,58,72,56,86,60,100,59,79,52,64,75,55,50,85,83,58,46,64,100,97,76,69,100,100,76
2016-1-25T2Z,81,82,80,89,62,70,40,34,37,69,63,59,74,64,89,63,100,63,77,58,75,85,57,73,82,90,64,50,79,100,97,81,100,100,100,81
2016-1-25T3Z,81,70,87,93,51,62,46,32,26,69,72,67,77,60,100,69,86,80,68,59,69,86,79,62,62,90,58,51,80,92,97,79,100,96,96,81
2016-1-25T4Z,87,77,89,96,52,73,44,37,34,71,82,68,79,58,100,74,92,80,68,66,69,86,79,62,62,91,58,58,92,95,98,66,100,70,70,81
2016-1-25T5Z,90,87,93,100,55,87,43,43,44,74,93,71,82,56,100,80,100,80,68,74,69,86,79,62,62,89,58,71,90,100,98,70,100,75,75,82
2016-1-25T6Z,81,87,59,100,47,93,37,49,51,61,93,76,82,56,100,74,80,86,68,86,86,93,55,62,68,91,62,67,85,100,98,66,61,70,70,71
2016-1-25T7Z,86,89,65,100,47,94,37,49,53,59,100,82,87,60,100,89,100,77,74,79,96,86,92,62,67,89,92,63,79,100,100,62,50,65,65,62
2016-1-25T8Z,89,100,100,100,50,100,39,52,68,54,99,82,86,60,100,88,100,76,74,78,95,86,91,63,67,87,91,75,80,100,100,65,61,72,72,66
2016-1-25T9Z,86,93,100,100,50,100,40,52,70,54,93,93,93,69,92,89,86,77,74,79,80,93,86,66,69,89,92,73,85,100,100,66,100,100,100,66
2016-1-25T10Z,88,87,100,100,50,100,42,52,73,54,92,92,92,69,92,88,86,76,74,78,80,93,85,66,72,87,91,78,82,100,100,67,100,100,100,68
2016-1-25T11Z,94,89,100,100,69,94,56,64,69,57,89,89,88,77,92,87,93,75,76,77,84,93,74,83,66,80,72,89,74,100,100,74,100,100,100,84
2016-1-25T12Z,86,81,87,100,71,71,39,78,65,59,100,82,93,74,92,74,68,68,73,86,86,95,68,76,78,80,58,78,85,100,100,71,38,100,100,71
2016-1-25T13Z,80,86,90,98,71,75,39,74,65,61,100,87,93,80,92,69,79,68,79,80,86,87,86,71,81,74,85,73,85,100,99,81,36,52,52,81
2016-1-25T14Z,85,100,100,93,71,87,39,64,68,68,99,86,92,79,92,69,79,67,78,79,86,86,85,71,92,76,84,82,83,100,99,81,50,62,62,83
2016-1-25T15Z,80,90,90,96,75,93,39,60,70,73,100,72,77,80,100,69,100,60,59,44,95,50,48,67,58,69,58,55,85,64,99,81,30,56,56,87
2016-1-25T16Z,93,81,81,100,53,100,39,49,74,80,93,55,68,86,86,70,64,52,59,60,59,54,45,63,59,69,84,43,85,48,99,81,33,56,56,87
2016-1-25T17Z,75,84,86,94,55,66,32,51,65,56,81,55,65,83,89,69,75,57,64,66,70,54,52,68,57,69,84,51,79,64,99,87,35,100,100,87
2016-1-25T18Z,75,81,39,93,23,58,32,40,51,55,68,36,57,80,92,65,69,52,64,25,55,44,31,60,40,68,50,51,77,28,99,87,36,100,100,86
2016-1-25T19Z,75,74,39,90,29,48,30,33,43,48,59,33,58,76,95,69,71,52,60,20,53,48,31,56,40,55,50,51,68,29,100,87,50,100,100,90
2016-1-25T20Z,80,66,40,87,39,37,28,26,33,41,49,31,60,72,100,75,74,53,56,16,52,54,32,53,41,55,51,68,72,31,100,87,56,100,100,81
2016-1-25T21Z,70,64,51,84,40,40,26,24,29,42,35,31,61,78,100,75,85,53,70,31,52,55,32,49,38,59,50,51,68,38,100,87,62,100,100,87
2016-1-25T22Z,70,62,67,81,42,45,24,23,24,44,19,31,64,86,100,76,100,54,89,51,52,58,32,46,35,59,50,53,67,48,99,87,66,100,100,87
2016-1-25T23Z,70,75,80,88,38,46,25,35,38,48,26,43,60,78,96,79,100,74,90,62,66,68,51,65,44,69,62,64,63,72,99,87,100,100,100,87
2016-1-26T0Z,69,54,50,81,39,32,22,25,22,92,24,36,73,71,86,81,100,62,86,54,56,82,36,56,44,69,73,62,63,69,99,86,100,100,100,86
2016-1-26T1Z,66,63,50,86,47,44,23,41,23,86,45,39,79,70,86,76,96,60,89,52,70,82,50,65,42,86,75,59,68,59,100,81,100,100,100,90
2016-1-26T2Z,72,76,50,93,59,62,25,62,25,79,72,43,88,69,86,70,93,58,93,50,88,82,69,77,40,84,79,69,70,48,99,83,100,100,100,81
2016-1-26T3Z,70,71,53,96,55,70,26,54,38,84,72,48,90,69,83,65,87,59,93,53,84,82,74,67,37,69,81,68,74,57,100,87,100,100,100,87
2016-1-26T4Z,72,66,58,100,51,81,29,46,55,92,72,54,93,69,80,60,81,62,93,57,80,82,80,56,35,69,85,74,74,70,100,87,94,97,97,87
2016-1-26T5Z,81,78,62,98,58,100,45,43,52,92,82,66,93,68,79,80,86,66,87,61,80,87,86,60,41,69,100,92,74,92,100,93,61,80,80,93
2016-1-26T6Z,81,70,62,93,57,100,34,42,68,92,80,66,93,68,78,79,86,66,87,61,80,87,86,60,40,80,99,74,74,92,100,87,66,80,80,87
2016-1-26T7Z,81,70,82,70,54,100,34,39,73,92,51,70,93,74,73,69,86,66,87,66,81,100,86,60,38,80,92,74,72,92,100,87,70,80,80,87
2016-1-26T8Z,81,70,66,93,50,100,33,49,79,85,41,70,93,74,73,80,86,71,80,76,87,93,74,64,56,86,92,74,68,86,100,87,100,86,86,87
2016-1-26T9Z,75,70,87,93,47,66,31,23,79,79,44,68,82,74,79,69,80,71,74,74,87,81,70,64,56,86,85,85,68,74,100,81,37,86,86,87
2016-1-26T10Z,81,68,82,93,48,66,31,32,80,79,41,70,93,69,79,79,86,87,91,71,81,93,69,68,63,80,92,86,68,93,100,81,44,75,75,81
2016-1-26T11Z,86,66,71,93,53,66,33,56,85,79,41,69,92,69,79,78,86,87,90,71,81,92,69,68,84,81,91,89,69,93,100,85,56,80,80,83
2016-1-26T12Z,87,70,81,96,56,62,31,50,85,76,43,63,62,69,76,79,86,100,91,76,83,93,74,77,74,86,92,92,61,96,100,81,33,61,61,81
2016-1-26T13Z,88,75,93,100,61,58,30,44,85,73,43,62,62,68,73,78,86,99,90,75,86,92,73,76,65,86,91,92,65,100,100,81,34,62,62,81
2016-1-26T14Z,93,85,96,100,64,62,44,44,80,62,46,62,77,68,78,71,93,96,90,68,88,88,69,72,74,86,90,92,86,96,100,87,41,75,75,87
2016-1-26T15Z,91,75,81,93,61,50,33,38,73,72,50,60,54,64,79,71,80,75,74,52,93,87,45,64,70,85,80,85,84,70,99,87,45,75,75,87
2016-1-26T16Z,87,83,83,93,57,57,30,31,70,65,49,56,48,64,79,70,82,83,80,57,86,75,52,60,70,75,70,69,80,63,99,87,76,81,81,87
2016-1-26T17Z,90,93,87,93,53,66,28,25,68,58,49,52,43,64,79,69,86,93,88,64,80,63,61,57,70,75,60,78,83,57,99,86,81,84,84,88
2016-1-26T18Z,100,100,87,87,27,49,21,16,68,37,66,49,41,59,68,69,79,75,80,46,74,56,61,64,65,80,88,46,92,53,100,93,66,100,100,93
2016-1-26T19Z,100,99,87,88,26,45,21,15,66,35,81,49,44,55,67,64,79,70,80,47,74,52,46,57,65,69,88,97,93,53,100,87,54,100,100,87
2016-1-26T20Z,99,93,87,100,18,15,23,11,51,23,80,49,44,55,63,63,79,70,80,47,74,52,46,57,70,70,88,96,94,53,100,84,64,100,100,88
2016-1-26T21Z,93,90,87,96,18,21,20,10,43,24,84,50,60,51,67,69,76,72,79,100,74,68,50,57,67,79,88,95,93,64,100,86,71,100,100,86
2016-1-26T22Z,93,87,87,93,18,28,17,10,35,27,87,52,76,51,73,68,74,74,79,100,74,68,50,57,64,78,88,95,89,76,100,86,74,100,100,86
2016-1-26T23Z,93,93,85,93,18,33,19,24,45,35,70,51,76,59,77,64,86,76,79,100,77,77,61,69,72,74,88,97,75,81,100,93,100,100,100,93
2016-1-27T0Z,93,93,51,93,21,40,16,16,35,25,75,49,81,59,85,64,63,69,79,100,74,77,65,69,69,74,89,96,76,87,99,93,100,100,100,93
2016-1-27T1Z,93,87,64,93,22,60,23,17,36,41,67,51,81,71,73,59,63,69,79,88,76,81,69,77,69,80,89,94,86,87,99,93,100,100,100,93
2016-1-27T2Z,93,81,80,93,24,83,31,19,38,60,60,54,81,74,62,59,63,69,79,100,80,77,75,78,69,79,91,93,86,87,99,90,100,100,100,92
2016-1-27T3Z,93,81,86,90,32,61,31,22,38,61,55,54,81,74,70,61,58,69,76,100,81,81,75,75,69,80,91,94,74,93,99,93,100,100,100,93
2016-1-27T4Z,94,81,93,87,41,37,31,27,40,63,51,54,81,74,79,64,54,69,73,100,83,87,75,73,69,80,91,94,75,100,99,92,96,95,95,92
2016-1-27T5Z,100,87,99,93,62,82,30,25,54,60,53,60,81,92,79,80,63,69,68,93,79,87,81,73,68,80,94,96,80,89,100,86,75,64,64,86
2016-1-27T6Z,100,87,98,93,62,82,30,25,54,59,70,60,87,79,85,74,63,69,73,93,79,87,81,83,68,80,94,96,80,89,100,87,75,60,60,87
2016-1-27T7Z,98,87,80,100,71,82,38,28,63,50,69,60,86,79,85,74,63,69,73,93,79,87,81,83,74,80,93,91,81,89,100,84,71,57,57,85
2016-1-27T8Z,93,93,88,99,67,73,42,28,66,52,53,64,80,79,92,80,68,69,79,100,86,93,100,88,86,86,87,80,90,91,100,71,53,39,39,71
2016-1-27T9Z,93,87,80,100,58,60,35,22,67,50,75,69,65,79,85,80,68,89,68,93,86,93,87,88,86,80,65,65,86,52,100,71,53,39,39,66
2016-1-27T10Z,93,87,100,100,37,69,36,28,73,64,80,74,76,79,92,80,68,85,79,93,87,87,100,83,74,80,80,75,90,64,100,62,62,34,34,62
2016-1-27T11Z,93,88,99,99,39,67,38,29,72,63,76,74,72,78,87,78,72,84,73,100,86,93,97,88,75,80,80,65,68,67,100,57,62,34,34,57
2016-1-27T12Z,94,100,100,93,34,74,38,33,62,50,75,64,86,79,100,80,68,85,73,100,87,93,100,88,68,79,74,65,66,60,100,57,61,34,34,57
2016-1-27T13Z,100,100,100,100,26,74,41,41,63,60,70,92,86,79,92,68,63,75,73,100,86,93,93,88,68,68,69,69,62,55,100,62,58,37,37,62
2016-1-27T14Z,76,76,87,93,26,34,48,41,62,60,52,74,80,79,92,81,63,64,68,86,80,93,81,88,58,89,60,60,62,55,100,46,100,37,37,66
2016-1-27T15Z,93,74,90,93,26,43,47,38,63,58,53,68,75,79,86,81,64,62,71,86,83,93,79,85,59,68,58,55,62,55,100,62,54,42,42,64
2016-1-27T16Z,91,70,100,93,27,69,47,31,68,54,56,56,65,80,73,81,68,59,79,87,94,93,76,78,63,68,55,53,61,55,99,61,54,47,47,61
2016-1-27T17Z,87,83,96,93,25,53,38,34,66,49,58,64,60,71,79,70,82,59,79,100,90,82,73,69,64,72,65,48,57,69,97,57,62,100,100,57
2016-1-27T18Z,85,76,69,100,23,37,34,19,47,38,49,34,53,60,74,59,54,55,78,99,85,81,57,69,68,69,41,45,57,87,96,58,61,100,100,57
2016-1-27T19Z,81,76,62,100,19,25,30,16,41,36,33,25,45,39,64,51,100,48,58,93,86,72,46,69,66,47,48,39,57,87,94,65,57,100,100,65
2016-1-27T20Z,83,76,56,100,15,13,27,13,35,34,33,25,44,39,64,50,100,48,58,92,85,73,46,69,64,50,48,59,59,86,94,66,67,100,100,68
2016-1-27T21Z,87,73,57,93,13,15,24,13,30,34,25,23,32,37,64,44,59,41,58,93,86,77,39,94,61,50,51,36,57,80,94,70,76,100,100,70
2016-1-27T22Z,84,71,59,87,12,18,21,13,26,34,25,23,32,37,64,44,59,41,58,92,86,77,39,93,58,50,51,37,59,75,94,71,79,100,100,70
2016-1-27T23Z,76,85,69,90,15,26,22,21,34,41,31,25,34,39,75,44,79,48,68,69,81,82,48,88,65,53,59,41,72,83,95,80,100,100,100,80
2016-1-28T0Z,77,71,48,93,9,35,19,14,23,34,28,25,37,39,69,44,100,48,68,69,68,81,48,88,58,53,59,43,71,75,95,79,100,100,100,79
2016-1-28T1Z,87,71,61,93,15,34,21,16,26,42,41,46,38,49,69,58,100,70,71,95,68,87,68,97,62,59,85,51,67,72,100,74,100,100,100,74
2016-1-28T2Z,87,71,76,93,22,33,25,19,30,52,55,36,40,42,69,59,100,64,73,100,68,77,74,94,68,60,87,66,68,70,97,71,100,100,100,74
2016-1-28T3Z,87,71,74,100,36,59,36,31,50,64,55,45,40,45,80,64,64,68,79,91,68,82,80,100,67,69,73,55,73,75,100,74,100,100,100,74
2016-1-28T4Z,71,66,76,93,55,25,39,43,35,68,69,39,53,45,80,64,69,74,73,86,63,82,45,94,73,74,63,79,73,75,100,55,81,100,100,86
2016-1-28T5Z,93,87,86,100,67,61,36,29,47,55,71,45,53,56,74,69,59,74,68,100,68,82,86,94,79,64,85,59,67,75,100,64,81,63,63,64
2016-1-28T6Z,87,76,87,100,71,61,33,39,54,38,74,38,69,64,80,51,64,79,68,80,68,82,56,94,73,64,68,85,67,75,100,48,81,55,55,60
2016-1-28T7Z,93,87,79,100,71,65,48,33,47,51,92,45,77,64,74,69,64,79,79,80,74,87,75,94,79,77,92,68,73,73,100,42,81,41,41,42
2016-1-28T8Z,93,87,80,99,69,63,49,33,48,51,90,46,76,65,75,67,66,78,77,81,74,87,74,94,79,77,89,74,73,75,100,32,50,28,28,32
2016-1-28T9Z,93,81,92,100,47,65,36,33,54,51,86,52,74,64,86,64,64,85,74,75,68,93,75,94,79,77,92,73,71,92,100,31,48,27,27,31
2016-1-28T10Z,93,78,89,100,50,67,39,40,57,52,88,52,74,69,88,69,81,85,74,100,68,93,69,94,79,78,100,73,67,88,100,27,35,26,26,27
2016-1-28T11Z,92,76,86,100,54,70,44,48,62,55,92,52,73,69,91,68,100,84,74,99,68,93,69,94,79,78,99,82,70,85,100,34,48,41,41,33
2016-1-28T12Z,87,81,85,93,50,70,55,59,58,41,92,51,78,74,69,83,86,85,74,100,80,100,92,94,79,92,92,73,79,79,100,25,41,25,25,25
2016-1-28T13Z,93,93,93,93,72,46,51,56,63,58,58,60,56,74,69,60,74,85,74,100,85,93,69,100,79,86,79,67,85,92,100,34,33,25,25,27
2016-1-28T14Z,93,94,86,93,40,75,55,48,63,59,58,59,56,74,91,60,74,86,80,100,85,93,74,100,73,82,86,96,63,54,97,34,100,26,26,34
2016-1-28T15Z,87,87,86,81,40,75,41,47,68,68,58,52,56,65,91,52,74,74,69,93,84,93,64,94,73,80,59,64,68,53,97,43,37,33,33,43
2016-1-28T16Z,85,93,100,93,46,75,44,45,50,73,57,51,55,65,91,51,73,73,68,92,69,93,64,94,74,80,58,60,68,43,96,44,37,42,42,43
2016-1-28T17Z,81,100,42,87,26,41,39,40,35,39,38,35,51,66,63,43,60,52,65,62,69,93,65,100,59,80,51,48,68,41,93,57,39,100,100,57
2016-1-28T18Z,76,99,34,87,25,25,38,35,35,38,45,30,51,43,68,52,69,42,74,29,69,93,75,94,51,74,55,44,74,81,93,75,42,100,100,91
2016-1-28T19Z,66,81,81,93,22,28,30,23,35,36,28,31,33,40,63,40,64,39,49,50,74,87,52,94,48,69,48,41,74,87,93,61,31,100,100,70
2016-1-28T20Z,62,90,82,84,20,28,28,27,33,29,30,38,35,47,68,43,71,43,56,71,76,87,56,94,49,74,59,48,82,88,91,65,33,100,100,65
2016-1-28T21Z,64,66,32,76,18,11,26,20,27,23,25,22,29,40,58,37,74,34,71,70,74,87,65,94,41,74,55,48,83,100,91,65,41,100,100,65
2016-1-28T22Z,76,64,50,73,22,18,24,20,26,23,22,22,30,41,60,39,74,32,70,55,80,99,68,97,45,86,59,51,89,100,91,65,100,100,100,65
2016-1-28T23Z,79,62,71,71,28,28,23,22,25,24,20,22,32,43,63,43,74,30,69,40,87,100,73,94,51,85,64,65,89,100,90,64,100,100,100,67
2016-1-29T0Z,76,60,60,75,20,28,24,26,25,25,25,29,36,47,67,47,69,33,69,66,86,93,79,88,51,93,74,55,80,100,91,65,60,100,100,65
2016-1-29T1Z,77,58,48,81,11,28,26,31,25,27,31,37,41,52,73,52,64,37,69,66,86,93,86,88,51,93,86,55,78,100,90,65,65,100,100,65
2016-1-29T2Z,87,75,69,86,27,51,47,38,46,37,36,50,50,68,70,60,81,49,72,70,84,93,81,88,56,93,76,59,69,100,87,70,100,100,100,70
2016-1-29T3Z,85,81,100,93,23,69,34,37,35,51,37,70,50,60,92,56,100,48,80,69,86,93,82,88,55,92,86,59,71,100,87,70,93,100,100,70
2016-1-29T4Z,81,81,56,93,63,50,39,49,68,31,43,53,54,69,92,69,100,45,86,65,78,93,70,88,80,87,86,59,86,100,92,70,48,100,100,70
2016-1-29T5Z,75,81,72,100,71,58,45,46,68,41,58,53,70,82,92,64,54,45,74,69,74,87,70,93,74,80,59,74,86,100,92,70,48,100,100,70
2016-1-29T6Z,81,87,60,93,71,58,52,46,68,38,70,50,75,82,100,74,54,52,74,64,68,87,80,88,74,86,69,74,86,100,92,66,45,80,80,66
2016-1-29T7Z,87,87,100,93,76,65,52,45,73,29,70,57,75,92,92,85,100,56,74,55,68,87,100,93,80,80,86,64,80,100,100,66,52,100,100,66
2016-1-29T8Z,87,87,93,100,71,66,52,45,73,36,75,65,86,92,85,80,54,64,80,74,68,81,72,88,80,89,84,74,80,100,100,66,45,52,52,71
2016-1-29T9Z,87,81,100,93,71,70,45,60,73,17,68,50,93,92,79,92,62,69,74,75,68,87,100,93,80,73,92,64,83,100,100,71,35,43,43,71
2016-1-29T10Z,84,87,100,100,66,62,48,56,73,15,73,61,86,86,85,86,53,64,68,75,68,87,100,82,80,74,92,85,83,86,100,58,22,100,100,62
2016-1-29T11Z,87,81,100,100,71,75,52,64,79,17,73,62,80,92,79,92,67,69,73,75,68,87,92,82,86,63,92,69,89,86,100,58,25,100,100,58
2016-1-29T12Z,81,81,100,100,81,81,56,60,85,16,73,80,75,74,85,92,73,69,73,64,62,87,92,82,86,68,100,100,89,86,100,62,27,100,100,62
2016-1-29T13Z,84,81,82,100,71,66,56,65,54,28,53,86,80,74,85,86,53,69,68,80,67,75,86,77,79,68,86,100,100,80,100,62,27,43,43,62
2016-1-29T14Z,93,93,100,100,57,86,56,60,63,26,75,50,71,74,79,86,62,59,68,60,67,66,60,77,63,67,74,69,89,86,96,62,25,50,50,62
2016-1-29T15Z,81,100,87,100,71,58,52,61,58,33,61,46,54,74,79,74,53,55,77,65,62,54,52,77,73,67,69,69,100,86,96,66,38,54,54,66
2016-1-29T16Z,87,93,52,93,58,57,45,52,47,36,37,34,36,60,74,64,54,48,81,61,53,47,31,67,68,62,80,59,86,74,95,76,100,100,100,76
2016-1-29T17Z,93,100,82,100,62,58,42,47,38,31,37,31,32,46,74,64,50,48,43,43,53,38,32,67,63,62,60,64,91,69,94,76,100,100,100,76
2016-1-29T18Z,87,93,42,93,67,39,43,33,33,29,37,26,26,40,88,52,46,42,43,34,50,32,28,67,58,62,69,74,91,100,94,71,43,100,100,87
2016-1-29T19Z,93,62,100,87,55,25,30,47,27,23,20,20,25,53,91,49,47,42,55,43,46,66,23,63,58,58,51,64,86,100,91,87,53,100,100,87
2016-1-29T20Z,87,63,99,87,53,25,29,47,27,23,20,20,25,33,90,49,50,37,51,38,47,22,24,48,57,58,55,56,86,100,91,81,100,100,100,81
2016-1-29T21Z,87,75,82,81,28,22,26,47,19,21,30,19,27,32,69,49,43,36,51,38,42,22,23,48,63,58,55,54,86,100,91,82,100,100,100,81
2016-1-29T22Z,87,93,34,75,52,40,22,24,15,15,16,17,28,32,93,60,50,34,59,52,42,72,23,48,53,62,55,48,91,70,91,93,100,100,100,93
2016-1-29T23Z,87,66,87,87,63,40,22,21,14,17,26,19,32,34,93,49,40,36,47,34,50,31,21,51,62,62,40,44,91,75,91,93,100,100,100,93
2016-1-30T0Z,81,68,90,83,61,41,24,24,15,19,25,22,36,38,93,49,58,38,74,52,50,41,30,51,62,73,50,47,92,69,91,93,75,100,100,93
2016-1-30T1Z,81,75,100,75,59,45,29,32,19,26,25,29,47,37,93,49,100,45,73,52,50,41,51,51,63,73,74,47,92,56,90,93,78,100,100,93
2016-1-30T2Z,81,86,100,84,61,62,48,49,38,33,35,31,58,36,90,65,100,55,65,76,53,47,63,54,69,73,75,50,92,56,87,93,100,100,100,93
2016-1-30T3Z,81,75,100,87,63,38,33,55,56,35,35,31,58,36,100,65,99,55,65,76,53,47,63,54,73,73,74,50,90,56,87,92,97,100,100,92
2016-1-30T4Z,81,81,100,93,67,58,37,66,51,30,47,32,81,87,80,75,55,69,76,77,58,62,79,66,78,78,58,54,85,60,93,86,81,100,100,86
2016-1-30T5Z,100,81,93,100,82,100,43,53,51,33,53,31,76,50,93,70,64,59,76,74,80,66,51,71,78,78,70,50,85,51,93,81,75,100,100,86
2016-1-30T6Z,80,81,100,75,82,72,40,53,44,18,65,41,93,57,92,75,59,69,76,80,80,71,44,76,78,85,50,54,78,59,93,75,66,87,87,75
2016-1-30T7Z,70,86,100,75,100,93,34,69,63,26,80,44,100,61,100,75,60,69,85,77,83,76,86,81,78,79,68,58,72,69,100,71,57,70,70,71
2016-1-30T8Z,86,86,100,75,100,87,37,69,63,38,62,47,100,70,92,85,80,64,85,77,83,87,86,71,73,79,63,63,78,64,100,62,66,62,62,62
2016-1-30T9Z,84,87,100,87,87,100,37,61,63,35,62,47,93,74,91,85,69,64,64,77,86,81,65,76,73,79,50,62,78,51,100,54,41,43,43,51
2016-1-30T10Z,86,87,93,91,87,100,37,60,60,35,57,54,93,83,88,75,86,74,69,72,79,87,85,71,73,79,67,63,78,100,93,44,100,38,38,44
2016-1-30T11Z,89,87,81,100,87,100,37,60,55,35,57,53,92,82,87,74,85,73,68,72,78,86,84,72,72,79,67,75,78,100,91,47,100,51,51,48
2016-1-30T12Z,93,89,81,100,87,100,37,62,53,38,65,55,95,81,87,75,83,74,69,79,79,87,83,71,71,79,60,68,85,100,93,49,54,36,36,48
2016-1-30T13Z,93,93,81,100,87,100,37,66,51,45,80,57,100,80,86,75,80,74,69,92,81,87,80,71,68,80,50,67,84,100,93,55,13,36,36,55
2016-1-30T14Z,96,94,84,100,86,96,43,67,52,46,78,53,95,79,86,74,82,70,68,79,80,80,73,78,65,78,56,63,82,100,85,58,52,64,64,64
2016-1-30T15Z,93,89,60,100,84,90,38,66,51,38,67,57,100,83,79,72,87,60,72,69,69,70,55,56,61,69,64,63,79,73,79,62,100,54,54,67
2016-1-30T16Z,94,86,43,100,82,82,40,66,51,33,58,58,100,86,74,70,93,50,76,53,60,58,36,45,55,69,75,100,79,52,81,65,100,64,64,69
2016-1-30T17Z,97,92,69,100,68,69,42,62,44,32,50,51,74,78,81,69,88,52,71,47,64,54,42,69,50,69,78,100,80,75,85,70,100,82,82,79
2016-1-30T18Z,86,83,56,100,73,79,32,41,30,26,46,40,64,70,65,50,87,43,57,42,55,39,30,50,47,70,51,44,79,49,89,81,28,100,100,81
2016-1-30T19Z,86,81,66,100,67,77,27,25,17,22,40,30,43,61,60,39,84,39,47,36,52,28,27,53,42,70,37,44,79,48,88,79,39,100,100,81
2016-1-30T20Z,87,88,80,98,57,70,31,39,22,24,36,34,40,62,73,49,81,45,55,35,58,36,33,66,43,71,56,44,79,66,88,75,69,100,100,83
2016-1-30T21Z,86,70,58,81,63,68,23,18,17,22,27,31,44,36,90,39,57,35,44,29,67,28,26,56,34,73,38,44,78,52,88,76,50,100,100,81
2016-1-30T22Z,92,73,63,82,61,68,24,22,18,23,27,31,43,40,90,42,61,39,47,30,68,34,30,61,36,74,45,73,78,57,87,81,65,100,100,82
2016-1-30T23Z,81,86,80,88,55,69,28,35,22,26,28,33,42,52,92,51,73,51,58,34,71,51,41,74,46,76,65,44,74,75,87,93,100,100,100,84
2016-1-31T0Z,81,75,31,81,82,67,28,19,23,80,35,37,68,50,80,47,75,45,75,38,65,51,37,60,42,79,47,45,74,70,86,91,100,100,100,93
2016-1-31T1Z,93,77,36,82,83,70,28,22,23,79,37,37,68,53,81,49,76,47,75,40,66,56,41,64,42,79,51,79,84,72,85,67,100,100,100,90
2016-1-31T2Z,81,88,63,89,88,85,32,39,26,76,43,39,72,65,85,59,82,55,75,47,71,71,54,79,46,80,66,51,80,80,84,65,100,100,100,85
2016-1-31T3Z,81,75,44,100,82,82,33,57,30,86,62,49,93,65,86,58,70,51,66,65,80,58,80,68,39,74,59,61,79,87,86,80,100,100,100,80
2016-1-31T4Z,92,76,48,100,83,83,33,58,30,86,64,48,91,65,86,60,71,53,68,68,80,62,79,72,40,77,61,100,84,87,86,78,87,89,89,80
2016-1-31T5Z,81,87,69,100,89,91,36,63,33,91,72,45,85,67,88,66,78,60,76,77,80,75,78,86,48,81,70,100,79,87,86,75,65,69,69,80
2016-1-31T6Z,81,93,71,100,87,100,46,41,48,92,100,72,88,70,86,71,75,62,70,86,86,66,73,77,42,85,81,90,79,93,87,72,63,65,65,75
2016-1-31T7Z,87,93,71,100,87,96,45,38,48,91,100,74,89,70,85,74,75,63,71,86,84,68,72,79,42,88,79,68,85,93,90,57,72,65,65,65
2016-1-31T8Z,87,93,71,100,87,82,43,31,48,87,100,82,93,70,83,87,75,67,75,86,80,76,69,87,45,93,74,72,84,93,100,47,41,26,26,50
2016-1-31T9Z,87,91,71,98,87,86,44,33,47,90,100,93,88,75,83,93,78,71,81,86,80,87,92,82,46,88,86,80,85,93,100,31,47,24,24,31
2016-1-31T10Z,85,86,71,93,87,100,50,40,45,100,100,93,87,75,83,93,86,71,81,86,80,87,92,81,49,88,86,78,85,93,98,32,46,23,23,31
2016-1-31T11Z,81,93,71,100,100,100,50,49,49,100,100,100,87,75,76,93,93,71,87,100,93,87,92,77,49,93,86,74,85,93,86,42,42,18,18,42
2016-1-31T12Z,86,93,71,93,87,100,43,65,52,92,100,87,100,80,86,81,81,71,87,81,86,76,74,100,49,93,79,86,85,86,86,55,24,17,17,48
2016-1-31T13Z,93,95,71,93,81,100,53,75,39,92,100,100,88,75,100,87,100,71,87,100,93,81,93,72,46,86,80,74,79,87,76,51,19,16,16,51
2016-1-31T14Z,75,100,71,93,82,93,53,70,45,92,93,82,93,75,100,81,87,71,81,87,93,87,65,64,65,93,64,80,79,81,76,51,15,17,17,48
2016-1-31T15Z,86,91,68,100,83,94,53,66,45,92,89,80,89,75,93,77,88,67,81,85,91,76,61,62,59,86,61,64,69,71,76,54,25,28,28,54
2016-1-31T16Z,87,86,62,100,87,100,53,57,48,92,82,77,83,75,79,71,93,59,81,81,87,55,54,60,47,85,56,60,69,49,77,56,25,36,36,54
2016-1-31T17Z,93,92,77,100,91,99,52,59,42,89,49,30,69,61,100,59,93,55,71,68,87,42,48,60,51,75,46,52,74,37,89,71,26,100,100,71
2016-1-31T18Z,93,93,55,100,93,87,47,36,32,86,48,29,68,60,99,58,92,54,70,67,87,41,47,60,51,75,46,51,71,36,88,71,27,100,100,71
2016-1-31T19Z,93,80,48,93,87,100,67,30,23,58,47,25,61,54,69,52,87,46,67,55,93,39,42,69,55,75,90,49,60,35,88,76,35,100,100,76
2016-1-31T20Z,93,80,48,93,87,100,66,30,23,58,46,25,60,54,69,52,86,46,67,55,92,39,42,69,55,81,90,37,60,36,88,81,37,100,100,81
2016-1-31T21Z,93,80,42,87,87,100,51,28,51,58,44,25,57,53,65,45,93,43,72,68,93,59,45,64,51,81,90,49,60,58,87,81,44,100,100,81
2016-1-31T22Z,93,75,43,78,77,96,58,25,32,71,14,34,64,46,64,48,93,46,76,51,93,72,55,69,52,93,93,91,60,76,85,81,100,100,100,81
2016-1-31T23Z,94,70,45,70,67,93,66,23,13,86,14,34,63,46,64,48,92,46,75,51,92,71,55,69,54,93,92,91,68,76,84,77,100,100,100,81
