date,Vancouver,Portland,San Francisco,Seattle,Los Angeles,San Diego,Las Vegas,Phoenix,Albuquerque,Denver,San Antonio,Dallas,Houston,Kansas City,Minneapolis,Saint Louis,Chicago,Nashville,Indianapolis,Atlanta
201301010000,275.04,277.39,284.65,276.09,284.81,283.73,280.43,283.01,275.76,270.85,284.6,279.65,281.96,278.06,265.18,274.54,272.96,274.18,269.78,275.07
201301010100,274.26,275.54,283.37,275.55,283.82,282.1,279.1,281.95,274.73,269.92,284.74,279.4,281.96,277.91,265.69,274.22,273.43,273.23,269.9,273.75
201301010200,274.14,274.29,281.17,274.85,283.06,281.33,278.33,280.9,274.75,270.12,284.74,279.36,281.96,277.56,266.18,274.34,273.48,272.36,269.43,272.62
201301010300,274.42,273.42,280.45,274.6,282.48,281.19,277.57,280.74,273.54,269.48,284.61,278.72,281.63,276.59,265.2,274.08,273.27,271.54,269.26,271.79
201301010400,273.6,272.89,279.99,274.1,281.97,280.58,276.77,280.48,274.24,267.6,283.57,278.72,281.49,276.32,264.58,273.93,273.19,271.13,269.37,271.71
201301010500,274.16,272.18,279.3,273.89,281.89,279.83,277.36,279.79,273.34,267.05,283.07,278.67,281.49,275.68,264.72,273.73,273.11,271.15,269.9,271.52
201301010600,273.62,271.79,278.96,273.77,280.04,278.5,277.08,279.05,272.56,266.84,282.95,278.35,282.04,275.68,263.49,274.27,273.15,270.93,270.53,271.21
201301010700,274.12,271.39,278.9,273.05,280.94,278.72,277.69,279.25,272.73,265.37,282.88,278.67,282.42,275.53,263.78,274.4,273,270.58,270.79,271.29
201301010800,274.12,271.21,278.82,273.15,279.86,278.32,277.51,279.3,271.99,265.23,282.89,278.62,282.75,275.46,264.16,275.12,273.75,271.05,271.19,271.63
201301010900,273.96,271.45,278.04,273.19,279.77,278.13,276.85,278.84,272.34,265.83,283.22,277.82,283.1,275.39,263.95,275.02,273.67,271.34,271.03,272.05
201301011000,273.65,271.97,277.25,273.23,279.22,277.97,276.46,278.84,271.97,265.29,283.22,276.76,283.61,275.17,263.65,275.18,273.98,272.02,271.44,272.2
201301011100,273.59,272.24,276.92,272.91,278.79,277.56,275.4,278.36,271.44,266.05,283.54,276.49,284.39,275.1,262.4,275.38,274.16,272.88,271.64,272.33
201301011200,273.52,272.67,276.68,273.12,278.25,276.87,274.55,277.57,271.55,265.75,283.47,276.8,284.56,274.97,261.42,275.44,274.44,273.44,272.37,272.18
201301011300,273.77,272.33,276.53,272.89,278.34,276.68,274.67,277.08,271.16,264.87,283.54,277.02,285.01,274.83,260.66,275.55,274.35,273.27,273.01,271.94
201301011400,273.89,272.32,276.36,272.98,277.77,276.02,274.3,276.84,270.61,264.19,283.54,277.2,285.42,274.89,260.29,275.6,274.49,274.09,273.34,274.28
201301011500,273.56,272.8,276.42,273.28,278.2,277.05,274.42,277.05,270.87,263.79,284.11,277.91,286.31,273.79,260.19,275.08,274.8,274.99,273.67,277.25
201301011600,273.68,273.07,275.97,273.36,279.3,278.58,275.69,278.93,271.4,264.95,284.82,278.4,287.19,273.35,260.19,274.49,274.73,276.23,274.24,280.21
201301011700,274.15,273.27,279.1,273.75,282.44,282.14,277.14,280.53,272.15,266.3,285.72,278.62,287.92,273.28,260.49,274.03,274.47,277.2,275,282.05
201301011800,274.51,273.76,281.66,274.56,284.55,283.83,278.87,281.68,273.24,267.03,286.73,279.3,287.91,272.98,261.1,274.25,274,277.76,274.61,283.81
201301011900,274.68,274.2,282.39,275.18,285.16,285.8,279.67,283.12,274.01,268.08,287.83,280.19,288.45,272.87,261.55,274.35,273.27,278.05,273.42,284.24
201301012000,275.16,274.28,282.94,275.65,286.07,286.67,280.3,283.81,274.33,268.41,288.61,281.3,288.91,272.61,261.65,274.46,272.87,278.57,273.89,284.2
201301012100,275.59,274.53,283.25,275.94,287.08,287.44,280.85,284.7,274.6,268.58,288.72,282.22,289.52,272.3,261.54,274.53,272.16,278.57,273.95,284.04
201301012200,276.06,274.58,283.47,276.48,287.2,287.38,281.12,284.58,274.46,267.4,288.72,282.27,289.82,271.39,260.53,274.34,271.75,278.23,273.83,283.57
201301012300,275.92,274.79,283.78,276.58,287.17,287.14,280.67,284.83,273.63,267.59,288.85,282.22,290.51,271.06,259.17,274.11,270.9,277.64,273.6,283.11
201301020000,275.14,274.4,283.36,275.96,286.35,285.83,279.88,284.11,273,266.86,288.72,282.17,290.99,269.81,258.5,273.89,270.49,278.15,273.54,282.57
201301020100,274.67,274.2,282.28,275.2,284.96,284.39,278.29,282.26,271.83,265.76,288.59,282.07,291.62,269.4,257.39,273.84,269.84,278.67,273.6,282.42
201301020200,274.27,274.19,281.55,274.89,283.64,283.26,277.6,280.33,269.98,263.69,288.59,281.82,291.97,269.22,256.66,273.95,269.15,278.23,273.6,282.31
201301020300,274.51,274,280.98,274.45,282.69,282.05,276.21,279.48,269.18,263.07,288.59,281.78,292.02,268.43,255.99,273.91,268.26,278.32,273.42,282
201301020400,273.98,273.92,280.74,274.61,281.42,281.4,275.45,278.46,269.88,264.31,288.59,281.58,292.06,268.19,255.13,273.95,267.73,278.57,273.42,281.89
201301020500,274.08,273.21,279.61,274.33,281.16,280.54,273.86,277.09,269.34,264.66,288.47,281.09,292.35,268.24,254.48,273.21,266.74,278.36,273.07,281.35
201301020600,273.86,272.95,278.88,273.86,280.61,280.07,273.85,276.8,268.7,262.25,288.48,280.46,292.53,267.86,254.39,271.98,266.5,277.26,273.2,280.91
201301020700,272.99,272.55,278.62,273.54,280.29,279.85,273.63,275.8,267.72,261.45,288.35,280.45,292.27,267.42,253.89,271.02,266.27,277.2,272.7,280.58
201301020800,272.75,272.42,278.38,273.03,279.51,279.79,273.3,275.51,267.41,261.72,288.27,280.27,291.14,266.6,252.98,270.13,266.06,277.29,272.29,280.85
201301020900,273.07,272.17,277.88,273.17,279.12,279.71,272.6,274.49,266.76,261.07,287.77,279.98,290.07,266.6,252.58,269.6,265.41,277.68,272.16,281.46
201301021000,272.92,271.58,277.78,273.2,279.06,279.8,271.81,273.9,266.34,260.86,286.4,279.78,289.13,265.53,252.14,269.27,264.68,278.15,271.53,281.84
201301021100,273.97,271.71,277.74,273.08,279.21,279.53,271.97,273.64,265.56,261.05,285.38,279.11,287.93,264.55,250.7,268.55,264.54,278.44,271.11,282.19
201301021200,273.15,271.32,278.39,272.5,278.97,279.4,271.57,273.93,266.51,260.7,285.2,278.57,286.61,263.68,250.32,268.26,263.73,278.79,270.79,282.35
201301021300,273.03,271.13,278.39,272.31,278.79,279.21,271.54,272.85,265.9,260.79,285.02,278.09,285.83,263.17,251.1,267.65,263.07,278.67,270.3,282.39
201301021400,272.86,271,278.55,271.61,278.96,278.74,272.19,273.06,265.57,261.93,284.39,277.88,285.14,262.55,251.87,267.71,263.23,278.23,270.3,281.45
201301021500,272.68,270.74,278.45,271.33,279.01,279.14,271.7,274.65,265.54,262.63,283.91,277.47,285.03,264.18,252.84,267.8,265.01,278.23,271.07,281.58
201301021600,272.75,270.87,278.42,271.5,279.5,281.31,273.37,277.15,267.56,264.9,283.71,277.32,284.91,264.6,255.38,267.91,266.34,278.11,271.38,281.96
201301021700,272.62,271.77,279.97,272.05,282.13,283.49,275.3,279.89,268.83,266.71,284.03,277.47,284.9,265.49,257.41,268.58,267.62,277.43,271.44,282.67
201301021800,273.25,272.94,280.77,274.36,284.66,285.31,277.03,282.04,270.24,268.14,284.29,278.23,284.77,266.42,259.46,269.31,268.23,277.26,271.07,283.05
201301021900,273.39,274.04,282.02,275.87,286.47,287.12,277.99,283.49,270.99,269.28,284.66,278.31,285.08,267.38,260.62,269.49,269.25,277.16,270.31,283.53
201301022000,273.7,275.08,282.71,276.79,287.34,287.95,279.1,284.34,271.71,271.17,285.17,277.96,285.02,267.31,261.13,269.54,269.56,276.87,270.31,283.58
201301022100,274.5,276.33,283.24,277.64,288.18,288.56,280.11,285.42,271.88,272.15,284.84,277.66,284.9,267.79,261.61,269.76,269.12,276.87,269.66,283.67
201301022200,274.55,276.66,284.08,277.71,288.03,288,280.65,285.13,271.7,271,283.91,277.21,284.76,267.96,262.18,269.47,267.99,276.87,268.84,283.43
201301022300,274.23,276.33,284.13,277.37,288.29,287.53,280.84,285.16,270.94,270.39,282.5,276.45,284.13,267.28,262.54,268.61,266.36,276.87,267.53,283.63
201301030000,273.81,274.94,284,276.54,288.25,286.74,280.32,284.27,269.69,268.23,281.2,276.09,283.36,265.9,263.31,267.56,264.74,276.87,266.28,283.54
201301030100,273.5,274.11,282.7,275.31,286.38,285.7,279.03,282.78,268.33,267,280.57,275.91,282.85,265.16,264.13,266.91,264.45,275.98,266.49,283.5
201301030200,273.39,273.53,281.36,275.02,284.76,285.37,277.44,281.01,267.49,266.85,280.07,275.77,282.25,264.39,264.62,266.54,263.78,275.12,266.28,283.54
201301030300,273.05,272.69,279.94,274.72,284.74,285.02,276.28,279.53,266.83,266.7,279.69,275.38,281.57,264.42,265.29,265.86,263.07,274.91,265.31,283.63
201301030400,273.21,272.69,279.78,274.27,284.31,284.63,276.54,279.41,266.51,265.56,279.76,275.2,281.33,263.47,265.81,265.88,262.77,274.15,264.48,283.62
201301030500,272.41,271.76,277.42,273.82,282.33,284.12,276.01,279.45,265.68,265.64,277.69,275.04,280.75,263.54,266.1,265.06,261.67,273.51,264.16,283.18
201301030600,273.99,270.98,277.51,272.72,280.73,282.63,275.1,278.31,265.1,263.61,277.75,274.08,279.48,264.46,262.45,264.99,263.91,272.03,261.85,282.09
201301030700,275.56,270.2,277.59,271.61,279.13,281.14,274.18,277.17,264.52,261.58,277.8,273.11,278.2,265.38,258.79,264.91,266.15,270.54,259.54,280.99
201301030800,275.56,270.2,277.59,271.61,279.13,281.14,274.18,277.17,264.52,261.58,277.8,273.11,278.2,265.38,258.79,264.91,266.15,270.54,259.54,280.99
201301030900,275.56,270.2,277.59,271.61,279.13,281.14,274.18,277.17,264.52,261.58,277.8,273.11,278.2,265.38,258.79,264.91,266.15,270.54,259.54,280.99
201301031000,275.56,270.2,277.59,271.61,279.13,281.14,274.18,277.17,264.52,261.58,277.8,273.11,278.2,265.38,258.79,264.91,266.15,270.54,259.54,280.99
201301031100,275.56,270.2,277.59,271.61,279.13,281.14,274.18,277.17,264.52,261.58,277.8,273.11,278.2,265.38,258.79,264.91,266.15,270.54,259.54,280.99
201301031200,275.56,270.2,277.59,271.61,279.13,281.14,274.18,277.17,264.52,261.58,277.8,273.11,278.2,265.38,258.79,264.91,266.15,270.54,259.54,280.99
201301031300,275.25,269.78,275.36,271.03,278.33,280.31,273.42,275.39,263.59,260.42,277.32,273.54,277.4,266.99,262.53,266.52,266.7,271.41,261.01,278.64
201301031400,272.16,270.95,275.8,267.59,275.56,279.56,272.9,276.58,263.27,262.08,277.15,273.48,278.15,266.08,261.7,265.89,265.68,271.35,261.67,278.58
201301031500,271.88,272.11,276.23,272.69,279.04,278.81,272.37,277.77,262.95,263.74,276.98,274,278.9,266.51,263.93,265.26,264.66,271.29,262.33,278.51
201301031600,271.95,272.03,276.07,271.81,280.55,282.51,273.67,280.44,264.76,267.07,277.88,274.65,279.01,268.97,263.95,267.57,266.93,271.59,263.69,278.95
201301031700,272.91,273.15,279.01,273.23,284.64,285.85,276.54,283,266.67,270.77,278.47,275.3,279.01,270.95,264.2,269.07,268.34,271.81,265.31,279.63
201301031800,273.98,274.95,281.47,275.36,286.91,287.74,278.68,285.43,269.05,272.43,278.67,275.9,279.07,272.12,264.81,270.33,269.89,273.07,266.83,280.2
201301031900,275.05,276.19,283.04,276.94,289.48,288.83,280.87,287.35,270.49,272.45,279.5,276.41,279.02,273.22,264.97,271.43,271.14,273.81,267.25,279.91
201301032000,276.23,277.11,283.97,278.81,290.25,289.49,281.81,288.23,271.88,272.65,279.69,276.67,279.13,273.22,265.22,271.99,271.6,274.36,267.59,279.99
201301032100,277.11,277.77,284.59,279.58,290.69,289.91,281.87,288.8,272.67,272.1,280.07,276.9,279.08,273.72,265.33,272.69,271.7,274,268.17,279.33
201301032200,277.28,277.84,284.96,280.31,291.25,290.12,282.4,289.46,273.33,272.46,280.59,277.3,278.87,273.13,265.16,272.57,271.03,273.79,267.31,278.64
201301032300,277.43,276.36,285.32,280,289.79,289.13,282.47,289.16,272,271.25,280.12,276.78,278.71,272.64,265.16,271.38,269.66,273.25,266.97,277.93
201301040000,275.94,275.87,284.83,278.29,289.47,287.88,282.82,288.11,271.02,268.36,279.87,275.75,278.9,271.72,265.37,270.12,268.72,272.54,265.71,277.62
201301040100,275.26,274.9,283.38,277.39,287.68,286.37,280.85,285.42,268.84,267.23,279.35,275.2,278.84,271,265.47,268.96,267.87,272.16,264.98,277.42
201301040200,274.16,274.65,281.72,275.71,285.91,284.88,278.8,283.83,268.7,266.52,278.85,274.26,278.87,270.03,265.72,268.59,267.54,272.04,265.18,277.06
201301040300,274.32,274.56,280.75,275.28,284.67,282.72,278.26,282.39,265.3,264.7,278.06,273.54,278.8,270.2,266.09,268.89,267.35,271.09,263.68,276.89
201301040400,273.8,274.51,279.1,275,283.19,281.95,279.25,281.16,265.1,264.41,278.26,273.28,278.8,270.25,266.41,268.06,267.1,270.98,263.64,276.89
201301040500,273.47,273.6,278.73,274.4,282.72,281.12,277.59,280.93,262.95,264.49,277.8,272.59,278.68,270.54,266.78,267.15,267.25,270.67,263.15,276.91
201301040600,273.17,273.27,277.82,274.2,282.05,280.41,277.48,280.78,264.56,264.3,277.51,272.26,278.67,270.68,266.34,266.67,268.15,270.08,262.58,276.86
201301040700,272.65,272.83,277.18,274.3,281.53,279.78,276.55,280.59,263.84,265.2,276.78,272.46,278.17,270.44,265.93,266.62,268.45,270.08,262.8,276.86
201301040800,272.63,272.18,277.45,273.35,280.61,279.06,276.32,278.77,264.56,265.03,277.12,272.52,277.95,269.45,265.52,266.69,269.06,269.53,262.55,276.77
201301040900,272.55,272.04,276.68,273.03,280.37,278.93,276.16,279.83,263.99,264.66,276.75,272.54,277.89,269.68,264.85,268.94,269.3,269.62,262.07,276.68
201301041000,271.5,272.1,275.84,272.76,279.84,278.92,275.98,280.63,263.99,264.11,276.65,272.32,277.59,269.41,264.49,268.68,269.96,269.62,262.7,276.68
201301041100,272.14,272.31,275.13,272.19,279.08,277.51,274.64,280.4,264.34,263.29,276.57,272.12,277.08,270.41,263.6,268.49,270.14,269.74,262.73,276.57
201301041200,271.55,271.92,275.26,271.91,278.21,277.03,274.05,279.49,263.88,262.06,276.65,271.8,276.92,270.27,263.02,267.39,270.36,269.62,262.55,276.05
201301041300,271.49,271.72,274.48,271.65,278.81,277.41,273.95,279.24,263.92,261.87,276.73,271.99,277,269.08,262.46,267.28,270.99,269.62,262.26,275.96
201301041400,271.83,271.98,273.99,271.05,278.94,277.44,273.68,279.31,262.91,262.05,277.18,272.62,277.28,269.34,261.8,267.56,271.25,269.74,264.05,276.19
201301041500,271.93,271.83,275.26,270.92,279.51,278.19,273.48,280.68,263.78,263.62,277.56,275.14,278.24,270.97,261.9,269.83,271.64,272.18,266.54,276.51
201301041600,271.89,271.77,276.11,271.35,280.69,280.63,275.03,282.19,266.01,266.58,277.88,276.87,279.63,272.1,261.6,272.19,271.76,274.85,268.02,277.16
201301041700,272.64,273.13,277.91,273.35,285.11,284.58,277.58,284.5,266.81,269.68,278.71,279.27,280.77,273.26,261.71,273.74,271.69,276.13,270.12,278.25
201301041800,274.02,274.68,280.3,276.23,288.93,288.86,280.23,286.08,269.1,272.09,279.56,280.96,283.21,274.48,262.11,275.28,271.56,277.41,272.94,278.69
201301041900,275.03,275.87,281.59,277.78,290.97,290.32,281.55,287.46,271.92,273.56,279.69,281.66,283.75,274.77,262.42,276.52,271.56,278.79,272.58,279.46
201301042000,276,276.46,282.95,278.76,292.78,291.4,282.46,288.4,270.75,274.97,280.38,282.2,284.63,274.75,262.6,277.09,271.37,279.64,272.39,279.85
201301042100,276.57,276.55,284.11,279.61,293.78,292.6,283.44,288.93,271.23,274.97,280.76,282.31,284.38,274.59,262.94,276.75,271.3,279.76,272.66,279.58
201301042200,277.16,276.41,284.82,280.02,293.8,292.35,283.6,289.34,272.23,275.84,280.7,281.9,283.99,274.15,262.68,276.18,271.16,278.86,272.02,279.05
201301042300,275.99,276.41,284.85,279.25,293.16,291.44,283.8,289.2,272.34,273.35,280.57,281.03,283.62,273.25,261.88,274.87,270.71,276.43,271.84,277.33
201301050000,275.31,275.9,284.18,277.85,291.29,289.24,280.87,287.98,269.81,271.88,279.94,279.71,283.18,272.89,261.23,273.94,270.38,274.8,272.25,275.98
201301050100,275.18,275.71,282.94,277.5,289.48,286.73,276.83,286.01,268.31,269.28,279.94,279.17,282.91,272.4,260.92,274.07,269.46,273.89,272.15,275.54
201301050200,275.01,275.32,281.86,277.36,288.13,285.4,278.73,284.87,265.91,267.89,279.67,278.83,282.8,271.48,261.49,274.24,268.92,273.47,272.03,274.98
201301050300,275.17,275.05,281.08,275.67,286.21,284.49,276.94,283.47,267.27,267.19,279.49,278.96,282.46,270.87,262.26,273.93,267.79,272.52,272.03,274.51
201301050400,275.15,274.99,279.53,275.41,284.62,284.24,275.59,282.69,262.95,266.81,279.43,279.05,282.03,269.99,262.82,273.29,266.89,271.58,272.06,274.47
201301050500,275.29,274.48,278.84,275.25,284.6,283.71,268.44,281.82,262.95,265.94,279.31,278.97,281.36,268.31,263.44,271.49,266.03,272.23,270.92,274.21
201301050600,274.92,273.41,278.81,274.99,282.54,279.91,269.43,278.36,261.23,263.86,278.73,278.19,281.06,268.84,261.59,269.8,266.69,270.76,269.11,273.17
201301050700,274.17,270.29,279.32,274.52,274.84,269.93,260.93,269.17,256.83,258.05,277.34,275.73,280.37,270.47,256.46,265.56,269.8,266.59,264.8,270.58
201301050800,273.99,270.24,279.02,274.37,275.59,269.21,260.56,268.57,256.45,257.84,277.17,275.79,280.27,270.44,256.25,265.15,269.24,266.47,264.24,270.31
201301050900,275.38,273.65,277.71,275.93,278.9,277.92,270.05,276.43,261.33,264.05,277.22,276.96,280.94,267.39,263.43,268.35,265.19,267.99,266.65,271.69
201301051000,275.73,274.75,277.08,276.35,280.5,280.34,272.97,278.65,262.7,265.98,277.12,277.39,281.1,266.35,265.69,269.14,263.47,268.42,267.08,271.97
201301051100,275.91,274.67,276.79,276.86,280.45,279.48,272.24,278.83,262.54,265.52,277.23,277.28,281.06,266.51,265.69,269.1,263.39,268.08,267.37,271.49
201301051200,276.06,274.74,276.53,277.16,279.92,279.07,271.59,278.19,261.65,266.12,276.72,277.28,280.96,266.44,265.53,268.84,263.8,267.7,266.87,271.48
201301051300,276.21,274.8,276.27,277.45,279.39,278.66,270.93,277.55,260.75,266.72,276.21,277.27,280.85,266.36,265.37,268.58,264.21,267.31,266.36,271.46
201301051400,276.32,274.8,276.36,277.92,279.27,278.02,270.35,276.3,260.75,266.88,276.21,277.52,280.99,266.58,265.43,268.71,264.95,269.5,266.85,273.3
201301051500,275.99,275.05,276.46,278.21,279.19,279.46,270.93,277.93,260.45,268.11,276.27,278.48,281.06,269.76,266.29,271.33,266.41,272.41,267.49,275.92
201301051600,276.08,275.05,276.47,278.45,280.49,282.01,273.07,280.78,263.76,272.18,276.72,278.89,281.23,271.9,267.41,273.04,268.27,275.08,268.11,278.12
201301051700,276.14,275.32,279.13,278.91,284.26,286.64,275.95,283.18,266.39,275.32,276.98,279.81,281.5,274.07,269,274.78,270.94,278.02,269.56,280.08
201301051800,276.79,275.73,282,279.61,287.67,289.36,278.4,284.85,268.52,277.68,277.44,280.72,281.93,276.17,270.17,275.91,273.45,279.37,269.82,281.61
201301051900,276.96,276.86,284.02,280.24,289.44,290.26,280.19,285.94,269.99,279.79,277.75,281.46,282.31,276.69,270.98,276.49,275.15,279.76,270.69,282.6
201301052000,277.45,277.45,284.95,281.82,290.63,290.62,281.22,286.7,270.77,281.03,277.88,282.04,282.2,277.85,271.33,276.9,275.6,280.32,271.56,283.03
201301052100,277.93,277.55,285.52,282.34,291.63,290.95,282.46,287.66,271.24,281.56,278.2,282.95,282.08,278.05,271.56,277.19,275.25,280.61,272.35,282.19
201301052200,278.04,277.76,285.88,282.5,291.65,291.31,282.59,287.92,271.84,281.58,278.46,282.39,282.02,277.97,270.7,277.09,274.76,279.66,271.51,281.27
201301052300,277.88,278.21,285.61,281.97,290.93,290.07,282.56,287.84,271.7,278.5,278.46,281.66,282.01,276.31,269.17,275.25,273.98,277.8,270.47,279.11
201301060000,277.76,277.41,285.29,281.03,289.91,288.41,281.42,286.53,270.35,275.62,278.02,281.28,281.87,274.95,267.38,273.73,273.2,276.21,270.26,277.55
201301060100,277.59,276.54,283.7,279.91,287.48,286,279.67,284.03,268.85,272.7,277.88,281.08,281.75,274.21,265.82,272.78,272.57,274.38,270.06,276.24
201301060200,277.59,275.49,282.3,280.04,285.44,284.22,277.15,282.47,268.26,271.97,277.88,280.82,281.62,273.68,264.49,272.36,272.17,272.01,269.75,275.06
201301060300,277.94,274.96,281.16,278.95,283.56,282.44,275.77,280.56,267.99,271.89,277.88,280.67,281.43,274.5,264.15,271.54,271.51,271.62,268.83,273.8
201301060400,277.5,274.79,280.46,278.76,282.78,281.83,275.28,279.82,267.55,270.42,277.88,280.38,281.43,274.24,263.87,270.62,271.33,271.43,268.2,273.19
201301060500,277.34,274.43,279.46,278.6,281.84,280.72,274.48,279.02,266.05,270.27,277.88,280.21,281.43,274.03,262.42,270.71,270.97,270.64,267.37,272.57
201301060600,277.48,274.01,278.98,278.42,281.3,280.34,274.18,278.05,265.97,269.05,277.88,280.09,281.19,274.66,262.36,270.97,270.76,269.86,266.64,272.58
201301060700,277,274.2,278.5,278.64,280.21,279.63,272.86,278.07,266.18,268.62,278.15,279.97,280.93,274.38,261.78,271.26,270.22,269.56,266.93,272.17
201301060800,276.89,274.26,277.6,278.4,279.83,279.08,272.36,277.51,266.4,267.11,277.88,279.56,280.73,274.43,261.8,270.98,270.52,269.28,266.84,271.65
201301060900,277.22,274.38,277.28,278.36,280.05,278.84,271.39,276.96,267.21,266.53,277.88,279.26,280.34,273.38,262.03,270.68,269.91,268.88,266.43,271.55
201301061000,277.11,274.38,277.01,278.06,279.46,278.73,271.34,276.96,266.6,267.85,277.88,279.06,279.52,273.33,261.09,270.26,269.08,268.63,265.83,271.6
201301061100,277.17,274.38,277.68,278.06,278.95,278.98,270.87,276.69,264.95,267.06,277.88,277.78,279.38,274.15,260.21,270.25,268.12,268.17,265.44,271.44
201301061200,277.37,274.53,277.33,277.79,278.71,278,271.39,276.82,264.64,267.27,277.95,277.04,278.58,274.83,260.71,270.81,267.69,268.69,265.6,270.92
201301061300,277.22,274.51,277.35,278.11,278.26,278.11,270.93,275.95,264.95,265.56,278.27,276.91,278.8,275.26,260.78,271.57,268.27,268.32,266.02,271.32
201301061400,277.42,274.63,277.79,278.28,278.11,277.66,271.09,274.25,265.4,265.37,278.41,277.32,278.91,275.4,260.68,272.17,269.3,270.08,267.23,273.27
201301061500,277.09,274.64,278.4,278.73,278.24,278.41,270.17,275.37,266.32,267.73,279.03,277.95,278.97,275.6,261.36,274.05,270.94,272.53,269.47,275.38
201301061600,277.17,274.66,279.05,278.48,279.43,281.4,272.72,279.42,267.77,271.16,279.85,279.11,279.63,276.01,263.85,275.49,273.13,275.58,271.78,277.27
201301061700,277.13,274.86,280.11,278.69,283.01,285.55,276.21,282.07,270,274.44,281.09,280.18,280.1,276.51,265.12,276.95,274.56,278.54,274.8,279.18
201301061800,277.55,275.19,281.47,278.85,286.39,287.72,278.29,284.04,271.29,274.87,282.66,281.5,279.99,277.45,266.49,278.46,276.17,280.06,276.17,280.26
201301061900,277.69,275.44,282.64,279.12,288.52,289.17,280.15,285.99,272.77,276.54,284.03,282.49,279.99,278.47,267.71,279.54,276.22,280.18,277.11,281.3
201301062000,277.92,275.86,283.15,279.21,289.92,290.15,281.7,287.39,273.83,276.33,285.36,283.85,280.27,278.47,268.3,279.74,275.97,280.92,276.43,281.86
201301062100,278.35,275.85,283.34,278.96,290.37,290.29,282.46,288.87,275.16,276.41,286.45,284.43,280.51,279.48,268.5,279.42,274.12,280.92,275.25,282.03
201301062200,278.81,276.09,283.45,279.47,290.03,289.52,282.62,289.48,275.52,276.23,286.89,284.38,281.09,279.53,267.89,278.93,274.14,280.06,274.36,281.66
201301062300,278.66,276.03,283.28,279.47,289.48,288.8,282.62,289.16,274.85,275.3,286.69,283.25,281.17,279.16,267.16,278.61,274.33,279.85,273.95,281.17
201301070000,277.88,275.9,283.18,279.01,287.17,287.12,281.86,287.72,274.43,272.3,282.62,280.94,281.17,277.16,265.97,277.81,274.66,279.76,273.85,280.41
201301070100,277.74,275.44,282.46,278.6,285.92,285.13,279.75,285.04,272.68,270.52,280.78,279.99,281.09,276.72,265.9,277.91,274.66,279.47,273.54,279.44
201301070200,277.6,275.21,282.29,278.26,284.8,284.09,279.02,283.1,271.71,269.61,279.04,279.28,281.09,275.03,265.09,277.72,274.98,279.64,274.26,278.81
201301070300,278.22,274.98,282.17,278.48,283.69,282.7,278.27,281.38,271.79,269.51,277.69,278.2,281.17,273.73,264.78,278.01,274.98,279.47,274.38,278.81
201301070400,278.06,274.92,281.93,278.68,283.89,282.05,277.46,279.88,269.95,268.53,276.68,278,281.17,272.77,265.04,278.11,274.86,279,274.57,278.73
201301070500,277.84,274.98,281.8,278.26,282.96,281.34,276.7,279.45,268.13,268.53,275.58,277.04,281.05,272.28,265.34,277.93,275.13,279,274.44,278.49
201301070600,277.44,275.09,281.55,277.86,282.15,281.14,276.31,278.77,267.47,268.73,275.14,276.07,280.86,272.01,265.05,277.89,275.28,278.79,274.88,278.4
201301070700,277.67,274.98,281.44,277.73,282.56,280.65,275.16,278.44,266.26,268.21,274.83,275.74,280.52,271.59,264.53,278.06,275.36,278.79,275.17,278.35
201301070800,277.51,274.91,281.11,277.73,282.14,280.73,274.4,278.17,264.73,267.7,274.95,274.84,279.97,271.09,264.07,277.47,275.52,278.67,275.26,278.25
201301070900,277.25,274.91,280.49,277.51,282.16,280.62,275.32,277.64,265.5,267.27,274.56,274.71,279.7,270.31,263.91,276.19,275.21,278.4,275.08,278.25
201301071000,277.34,274.8,280.45,277.32,282.58,280.87,274.91,277.51,265.95,267.56,274.35,275.13,279.57,269.3,264.24,275.23,275.05,277.94,275.08,278.25
201301071100,277.99,274.63,280.41,277.23,282.19,280.36,274.99,277.84,264.38,267.14,274.57,275.01,279.21,268.8,263.69,274.42,273.1,277.55,275.08,278.2
201301071200,277.75,274.68,280.46,277.23,281.77,280.25,274.99,277,262.75,267.18,274.22,274.52,279.13,267.98,262.3,273.94,271.54,276.97,275.08,277.94
201301071300,277.79,274.68,280.65,277.23,281.28,280.99,275.28,277.05,263.29,267.21,273.91,274.1,278.89,267.91,261.6,273.56,270.69,276.51,275.18,278.03
201301071400,278.38,274.56,280.8,277.53,281.08,281.4,275.19,276.79,263.29,265.89,274.05,274.65,278.81,267.98,260.79,273.28,270.12,277.18,275.47,278.29
201301071500,278.19,274.5,280.56,277.37,281.27,281.15,275.14,278.03,265.42,268.31,279.14,276.64,279.21,268.82,261.94,273.76,270.12,278.77,274.59,278.81
201301071600,277.78,274.74,280.4,277.66,281.76,281.3,275.65,280.35,266.87,272.63,282.69,279.24,280.51,270.32,263.58,273.71,270.12,280.05,272.99,279.9
201301071700,278.3,274.99,280.75,278.07,282.89,283.54,278.12,283.91,270.06,277.39,285.5,281.41,282.79,271.52,264.96,274.1,270.85,281.29,272.04,280.63
201301071800,278.33,275.57,281.19,278.83,284.69,285.09,280.6,287.23,274.13,279.34,286.84,283.4,284.58,273.16,265.93,274.44,272.19,281.5,271.84,281.21
201301071900,278.35,276.34,281.66,279.31,285.8,286.34,281.56,288.49,275.47,281.43,287.94,284.63,286.14,274.88,266.71,275.04,273.62,282.84,271.65,281.65
201301072000,278.18,276.81,282.1,279.78,286.01,286.65,282.16,289.59,276.31,282.41,288.65,285.5,286.95,275.89,267.16,275.75,273.95,282.9,271.34,282.21
201301072100,277.97,276.99,282.38,279.88,286.52,286.63,283.11,290.08,277.64,282.27,289.11,285.74,287.69,276.8,267.15,275.7,273.67,281.77,270.32,281.68
201301072200,278.01,277.52,282.63,279.75,286.44,286.02,282.61,290.67,277.29,281.33,288.84,285.45,287.69,276.65,266.48,275.23,272.76,280.92,270.09,280.8
201301072300,277.87,277.45,283.28,279.54,285.55,286.15,283.12,290.74,276.95,278.21,287.67,284.5,286.62,275.45,265.22,273.57,271.89,279.69,270.18,279.46
201301080000,277.83,277.45,282.99,279.36,285.1,285.53,282.9,289.73,274.6,275.27,284.66,281.83,284.42,274.04,264.06,271.85,270.97,277.5,270.47,278.33
201301080100,277.74,277.21,282.12,279.2,284.42,284.31,280.96,286.83,273.04,274.11,282.78,280.07,282.69,272.7,263.44,271.59,270.3,275.03,270.56,277.46
201301080200,277.29,276.91,280.76,279.08,284.08,283.34,278.7,284.95,271.16,273.89,281.55,278.39,281.99,272.83,263.13,270.59,269.65,273.96,270.78,276.99
201301080300,277.38,276.86,280.02,279.18,283.97,283.12,277.75,283.87,271.75,274.89,280.05,277.48,281.36,272.28,263.08,270.05,268.98,272.45,270.47,276.72
201301080400,277.3,277.09,280.07,278.84,283.61,282.72,276.83,282.38,272.15,274.69,279.22,276.35,280.14,272.95,263.88,269.17,268.27,271.89,270.05,276.48
201301080500,276.99,277.11,279.17,278.35,282.96,282.58,276.94,281.22,270.71,274.8,277.25,275.22,278.87,272.29,264.49,269.01,267.73,270.96,269.86,276.38
201301080600,277.18,277.67,278.79,277.65,283.01,283.1,276.37,281.06,271.75,275.21,276.34,274.42,278.15,272.37,265.41,268.48,267.06,270.48,268.53,276.06
201301080700,276.77,277.62,278.26,277.65,282.45,282.79,276.63,281.09,272,276.11,275.28,273.85,278.36,272.61,267.04,268.18,266.82,270.26,267.58,275.62
201301080800,276.57,277.8,278.1,277.69,282.03,282.41,276.43,281,271.45,275.87,274.4,273.94,277.69,272.55,268.77,267.84,266.51,269.47,266.8,275.72
201301080900,276.45,277.94,277.56,277.87,281.93,282.3,275.85,279.03,270.28,274.99,273.53,273.7,277.27,272.64,269.8,267.94,266.01,269.37,266.44,275.2
201301081000,276.4,278.51,277.27,278.05,280.93,281.73,277.51,278.33,270,275.25,273.05,273.17,277.05,272.56,270.68,268.19,266.01,269.01,265.75,274.72
201301081100,276.31,278.51,277.01,278.34,281,281.21,277.04,277.29,270.18,275.27,274.81,272.55,276.38,272.43,270.84,267.86,266.86,268.88,264.93,273.97
201301081200,276.12,278.98,277.04,278.74,281.32,280.91,277.18,276.53,269.97,273.88,274.41,272.2,275.81,272.52,270.74,267.83,267.05,268.59,264.89,272.7
201301081300,275.94,279.38,276.44,279.22,280.96,280.91,277.2,275.68,269.83,273.02,275.24,271.97,276.07,272.65,270.32,268.34,267.5,268.53,263.89,271.97
201301081400,275.83,279.72,277.25,279.81,280.42,280.71,276.48,275.68,269.61,271.99,275.33,272.94,277.28,273.11,270.22,269.22,268.57,270.02,264.99,273.9
201301081500,275.69,281.02,277.06,280.35,280.08,280.59,275.82,277.49,270.04,272.17,277.82,277.09,279.99,274.81,270.27,272.39,270.48,272.62,267.62,277.99
201301081600,275.83,281.42,277.42,280.89,281.79,281.5,277.88,279.62,272.5,275.03,280.64,279.86,282.52,277.56,271.43,274.43,272.06,275.16,269.65,280.32
201301081700,276.41,281.61,278.65,281.45,284.84,283.54,281.48,282.52,274.61,278.61,282.11,282.5,284.24,278.93,272,276.21,274.02,276.81,271.48,282.67
201301081800,276.76,282.26,281.09,281.55,287.62,285.33,283.07,284.99,277.2,280.91,283.79,284.07,285.97,280.74,273.05,277.78,275.67,278.88,273.45,284.47
201301081900,277.07,282.62,283.39,282.22,289.36,286.72,285.08,286.12,278.84,282.01,284.67,285.26,286.62,281.97,274.18,278.96,277.05,280.24,274.45,285.63
201301082000,276.47,282.32,283.57,281.25,291.53,289.94,285.88,288.21,278.13,281.82,286.67,284.08,288.85,283.2,274.38,281.71,277.18,283.08,276.7,284.53
201301082100,278,283.58,285.32,282.64,290.65,288.69,286.76,287.66,279.44,282.74,285.39,284.97,286.61,281.28,274.31,278.95,276.39,280.57,274.53,284.92
201301082200,278.47,284.06,286.29,282.85,291.29,289.68,287.6,288.43,279.74,283.1,285.75,284.83,286.61,280.93,274.38,278.94,276.06,280.73,274.57,284.56
201301082300,278.26,284.3,286.91,282.55,291.39,289.06,287.79,288.12,280.02,279.85,285.78,284.09,286.41,279.89,273.44,276.88,275.03,278.44,273.25,282.4
201301090000,278.25,283.94,286.28,282.1,290.44,287.93,287.16,287.11,277.46,277.83,284.76,282.68,284.58,279.19,272.23,276.02,274.33,276.81,271.88,280.17
201301090100,278.16,283.31,284.99,281.81,288.77,286.49,284.79,285.01,273.34,275.95,283.91,281.77,283.38,278.55,271.79,275.28,273.93,275.17,271.75,278.74
201301090200,278.16,282.66,284.12,281.23,287.24,285.29,283.12,283.68,272.86,274.59,283.21,281.65,282.93,278.52,270.98,275.22,273.34,273.44,271.99,278.42
201301090300,277.86,281.91,283.1,281.18,286.2,284.03,281.89,282.79,272.64,273.93,283.39,280.91,282.92,277.94,270.4,274.56,272.82,271.91,271.58,277.53
201301090400,277.7,281.44,282.64,280.86,284.68,282.82,282.07,281.02,271.57,273.51,283.71,280.57,283.55,277.79,269.75,274.04,272.61,271.8,270.56,277.42
201301090500,277.46,281.09,281.88,280.7,283.94,281.9,281.42,281.13,271.9,272.31,283.64,280.79,284.06,277.58,269.43,274.11,272.33,271.42,270.38,277.47
201301090600,276.75,280.56,281,280.63,282.92,281.02,280.37,280.45,270.4,271.89,282.68,280.91,284.31,277.11,268.26,273.82,271.85,271.21,269.47,277.56
201301090700,277.25,280.33,280.68,280.52,282.46,280.67,279.91,281.16,271.35,271.84,282.3,280.84,284.63,276.53,266.67,272.98,271.42,270.93,269.24,277.14
201301090800,276.69,280.09,280.41,280.23,282.03,280.02,280.06,280.79,271.45,272.85,282.37,281.05,284.69,276.11,265.93,272.66,271.34,271.02,269.72,276.57
201301090900,276.59,280.12,280.24,280.15,281.35,279.82,280.46,280.49,270.63,274.11,282.34,281.17,284.05,275.55,264.93,271.91,271.06,270.84,269.87,277.07
201301091000,276.49,280.15,280.07,280.06,280.66,279.62,280.86,280.19,269.8,275.36,282.31,281.29,283.4,274.99,263.93,271.16,270.78,270.65,270.02,277.57
201301091100,276.67,280.26,279.2,280.05,280.38,278.98,278.69,277.37,268.75,274.64,281.98,281.42,283.32,275.54,263.85,270.5,271.18,271.7,268.53,277.83
201301091200,276.67,280.15,279.21,280.02,280.25,278.95,278.44,276.62,268.98,274.85,282.05,281.5,283.58,275.48,264.37,270.98,270.97,271.42,268.24,278.31
201301091300,276.66,280.03,279.21,279.98,280.12,278.91,278.18,275.86,269.21,275.05,282.11,281.57,283.83,275.42,264.88,271.46,270.75,271.14,267.94,278.78
201301091400,276.62,280.39,279.33,279.16,280.05,278.13,277.96,275.11,268.35,275.43,282.37,281.61,285.41,275.7,266.57,272.63,271.44,272.29,269.84,279.82
201301091500,276.44,280.86,279.62,278.73,280.53,279.36,278.51,276.67,270.65,276.48,282.5,281.79,286.27,277.08,268.3,275.02,273.24,277.41,272.31,280.8
201301091600,276.79,281.49,279.89,278.26,282.17,281.49,280.2,279.66,272.12,280.09,283.27,281.78,286.62,278.95,269.84,278.02,274.82,281.73,274.76,281.73
201301091700,276.86,282.09,281.32,278.21,285.44,284.81,282.96,282.78,275.3,281.89,283.79,281.7,287.48,281.02,271.42,280.21,276.47,284.78,275.83,282.57
201301091800,276.76,283.03,283.03,278.12,289.28,289.03,285.33,285.96,277.25,283.15,284.56,281.53,288.17,282.93,272.58,282.29,277.68,286.13,276.45,283.24
201301091900,276.85,283.6,283.8,278.61,290.89,290.71,287.39,288.16,278.2,283.66,284.94,281.41,288.73,284.26,273.13,283.53,278.37,287.26,277.45,283.77
201301092000,276.85,283.96,284.88,279.39,292.94,291.48,288.49,289.82,279.78,283.92,285.07,281.57,289.08,285.11,273.56,284.38,278.67,288.01,278.85,284.08
201301092100,276.42,284.32,285.69,280.5,293.47,292.24,289.89,290.57,280.32,283.55,285.25,281.75,289.55,285.11,273.86,284.8,278.66,288.4,279.71,284.44
201301092200,275.92,284.49,286.43,281.64,292.95,292.48,290.54,291.17,280.21,283.3,285.58,281.56,289.93,285.02,273.67,283.3,277.96,286.77,278.93,284.18
201301092300,275.88,284.73,286.35,282.71,291.74,291.74,290.62,291.29,279.26,281.19,285.96,281.41,290.2,283.83,273.51,281.63,276.98,284.22,276.51,283.71
201301100000,275.79,284.73,285.36,283.29,290.39,289.63,289.56,289.78,277.15,278.78,286.03,281.26,290.26,282.77,273.49,280.93,276.51,282.85,276.04,283.14
201301100100,276.41,284.78,284.11,283.46,288.97,287.45,287.22,287.93,275.06,276.11,286.42,281.18,290.2,281.93,273.12,281.32,276.18,281.63,275.26,283.24
201301100200,276.68,283.15,282.7,282.85,286.69,285.73,286.12,284.45,274.5,276.8,286.48,281.36,289.98,279.82,271.48,281.18,276.3,280.93,271.94,282.84
201301100300,276.05,280.94,282.24,280.94,284.24,283.35,286.55,282.04,271.79,274.21,285.14,282.86,293.31,278.66,270.24,279.75,275.73,281.65,275.82,283.57
201301100400,274.83,274.52,281.52,275.9,279.62,278.92,281.16,277.45,265.92,267.71,282.38,286.79,291.07,275.55,264.52,276.07,275.1,284.17,267.95,285.95
201301100500,274.5,274.41,281.19,275.56,278.24,277.57,275.76,276.13,264.79,267.08,281.75,287.07,290.99,275.36,265.52,275.77,274.56,283.98,267.28,285.86
201301100600,276.04,280.48,281.58,279.77,282.52,281.5,277.93,279.62,264.45,270.41,281.83,287.83,290.4,276.19,268.08,279.48,277.4,283.92,268.31,285.5
201301100700,275.08,279.33,281.02,277.92,280.21,279.28,270.02,277.51,263.07,269.12,280.96,287.94,290.5,275.66,268.56,278.52,276.3,283.71,267.09,285.5
201301100800,276,284.37,281.17,280.61,283.55,282.33,269.67,280.19,262.47,271.8,280.8,288.54,290.09,276.15,270.61,281.56,278.57,283.62,267.55,285.23
201301100900,276.91,283.88,281.32,283.31,282.54,281.96,280.62,279.51,271.01,271.5,285.82,282.96,289.67,275.07,272.65,282.37,277.15,282.89,277.47,283.47
201301101000,279.85,280.59,280.66,282.69,276.05,275.47,280.11,273.37,270.58,265.25,285.82,283.23,290.33,276.76,273.65,280.62,273.09,283.52,278.83,283.65
201301101100,276.81,277.29,280.33,277.75,276.91,276.62,275.66,273,265.63,264.91,282.17,285.2,289.5,276.88,271.79,278.87,273.08,284.15,274.23,284.03
201301101200,277.55,278.49,280.41,277.68,276.88,277.94,278.36,272.86,266.14,267.57,284.46,284.59,289.17,277.22,273.19,280.86,274.41,285.42,277.93,285.28
201301101300,273.88,273.7,280.02,271.93,278.04,279.04,272.72,272.41,260.28,266.23,279.83,286.99,288.26,277.27,270.78,277.87,273.96,285.83,271.94,285.51
201301101400,273.99,273.4,280.03,271.05,278.31,280.31,274.23,272.19,259.87,267.89,281.12,286.81,287.84,277.53,271.64,278.61,274.84,286.89,274.26,286.62
201301101500,273.71,276.58,280.44,274.55,279.26,279.88,276.18,278.21,270.73,273.35,283.4,286.3,289.33,278.4,271.44,281.42,275.85,284.48,274.74,287.51
201301101600,273.95,275.11,280.32,272.21,279.3,281.71,277.55,275.92,268.46,273.74,284.37,286.22,288.27,278.47,272.65,281.47,276.69,286.69,277.66,288.69
201301101700,273.8,277.13,280.6,274.25,280.02,281.84,279.35,279.86,277.44,277.93,286.33,285.82,289.12,279.13,272.8,283.59,277.66,285.44,278.76,289.66
201301101800,277.49,279.15,282.48,276.29,287.14,289.07,283.3,289.61,278.9,284.78,288.28,285.42,291.17,282.38,272.95,285.71,282.37,284.18,279.85,289.58
201301101900,274.19,277.86,283.29,276.32,289.99,291.57,281.48,285.15,277.05,282.95,288.65,286.58,290.1,281,274.35,286.05,278.75,286.47,279.53,290.2
201301102000,274.72,276.57,282.84,276.35,286.14,287.5,281.81,286.51,280.17,283.78,289.02,287.73,290.23,282.21,275.74,286.39,278.88,288.77,279.21,290.23
201301102100,275.15,279.32,284.08,277.56,290.02,290.42,285.52,291.83,281.7,283.87,289.4,286.34,290.67,283.69,272.43,283.85,279.24,284.76,277.83,290.12
201301102200,275.71,279.37,283.62,277.39,290.04,289.84,285.28,294.5,284.29,284.45,289.76,286.65,290.75,284.98,274.61,283.23,279.44,288.11,277.15,290.15
201301102300,276.15,278.75,284.86,278.4,285.26,289.11,288.43,293.66,283.58,280.85,290.14,286.44,291.14,282.98,272.08,281.33,277.91,285.15,278.5,290.03
201301110000,275.15,278.12,283.85,278.4,289.55,287.52,285.45,291.17,279.01,279,288.53,286.92,291.15,283.25,270.58,280,276.91,285.15,277.15,289.69
201301110100,276.83,277.39,283.18,277.98,287.6,285.92,284.28,288.15,277.58,277.8,287.37,286.44,290.85,283.52,268.38,279.53,275.68,285.15,275.86,289.23
201301110200,276.83,276.66,282.13,276.77,286.48,286.07,283.84,286.84,276.15,277.15,286.14,286.33,290.43,280.15,269.07,279.33,274.7,285.15,275.27,289.19
201301110300,276.83,276.04,282.89,276.98,285.92,285.63,283.4,285.54,275.34,276.7,285.02,286.21,290.59,280.15,269.44,278.47,273.76,284.9,273.98,288.51
201301110400,273.66,275.42,281.49,276.23,280.62,282.29,282.72,284.23,272.43,274.32,281.83,286.46,286.87,281.11,272.14,277.61,272.82,287.41,272.15,288.52
201301110500,275.81,274.95,281.89,275.47,284.9,284.76,282.04,282.86,273.72,275.8,282.78,286.71,290.15,280.15,269.45,277.63,271.64,284.41,272.38,287.48
201301110600,275.25,274.94,281.6,275.47,286.01,284.85,281.73,282.19,272.44,275.45,282.13,286.58,289.64,280.15,270.06,277.6,270.97,284.41,271.27,287.33
201301110700,274.91,274.93,280.86,275.69,280.48,284.93,276.86,283.07,271.13,276.69,282.13,286.44,289.65,280.15,270.51,277.95,270,284.41,277.8,287.01
201301110800,275.81,274.93,281.99,275.89,285.72,285.1,281.09,281.53,270.72,278.57,282.14,286.44,289.66,280.15,270.64,278.94,270.07,284.41,271.27,287.37
201301110900,274.15,274.93,281.59,275.62,285.72,285.34,280.92,280.19,271.01,278,281.81,286.71,289.35,280.15,270.86,279.13,270.07,284.41,271.27,287.51
201301111000,275.15,275.15,281.19,275.62,285.66,280.77,282.2,280.87,269.72,275.39,281.5,287,288.99,279.15,271.38,280.14,269,285.15,271.27,287.33
201301111100,274.83,275.27,281.95,275.2,285.59,285.48,283.29,281.67,267.58,275.69,280.99,286.84,288.68,279.15,272.13,279.67,270.23,285.15,271.97,287.65
201301111200,274.99,275.39,281.03,275.2,285.01,285.41,283.45,279.63,268.72,274.04,280.14,286.67,288.67,279.15,272.52,279.49,269.86,285.15,273.16,287.8
201301111300,274.15,275.53,280.75,274.89,277.62,285.34,283.7,279.31,268.01,273.2,279.93,285.96,287.34,277.15,272.52,279.3,271.24,285.41,273.57,288.11
201301111400,274.98,275.66,281.02,275.11,285.01,284.81,283.39,279.34,268.01,275.15,282.14,286.07,286.01,277.15,272.79,279.65,274.39,286.41,274.56,288.64
201301111500,273.99,275.53,281.15,275.11,283.66,284.77,283.38,280.82,269.15,277.88,283.54,286.17,287.5,277.65,273.38,279.57,276.85,287.41,275.27,289.13
201301111600,274.15,275.39,280.47,274.89,284.35,285.51,283.86,282.49,271.72,275.57,284.93,287.15,288.82,278.15,274.88,279.49,277.38,288.41,276.15,289.61
201301111700,273.15,273.31,282.59,274.81,285.1,285.51,283.92,281.35,272.5,276.86,287.31,288.62,289.98,282.06,275.86,283.56,278.53,290.35,276.85,290.14
201301111800,274.15,275.9,283.18,275.06,285.84,285.92,284.56,286.51,276.58,278.15,289.05,286.97,291.14,278.82,276.38,280.02,279.68,289.74,277.15,290.57
201301111900,275.15,276.15,283.75,275.31,286.32,285.93,285.2,286.97,277.29,277.9,290.78,286.88,292.29,279.15,276.89,280.29,280.23,290.41,277.3,290.99
201301112000,276.12,276.39,283.97,275.83,286.81,286.03,285.5,287.71,279.29,276.73,291.11,286.17,293.15,280.15,276.89,281.76,279.68,291.15,277.45,291.69
201301112100,276.21,276.77,284.19,276.04,286.76,286.13,283.68,287.06,278.79,276.94,291.43,285.81,293.58,280.15,276.69,282.12,278.96,290.78,277.15,292.05
201301112200,275.98,277.15,284.69,276.04,286.71,286.22,282.33,286.4,278.29,277.15,290.12,285.44,293.06,281.15,277.65,285.66,278.23,290.41,277.15,292.04
201301112300,275.75,277.15,285.19,276.04,285.54,285.36,279.22,286.64,277.58,276.15,288.81,285.44,292.53,281.15,276.29,282.83,276.93,290.15,277.15,292.03
201301120000,273.15,277.15,283.84,276.1,284.57,284.51,281.02,285.33,277.29,275.15,287.45,284.44,289.79,281.15,274.92,282.94,276.68,290.41,277.15,290.6
201301120100,272.15,276.15,282.29,276.04,283.55,284.22,280.2,284.14,276.01,274.3,286.08,283.9,287,281.15,274.05,283.04,279.4,291.15,277.56,290.01
201301120200,272.15,275.91,281.56,276.1,282.06,284.09,279.85,284.55,276.15,273.73,282.55,286.5,289.36,280.29,273.93,283.93,276.68,291.15,278.56,290.15
201301120300,272.99,275.8,281.01,275.82,281.79,284.36,279.5,284.39,275.72,274.73,281.39,283.73,286.47,282.15,273.93,284.56,276.9,291.15,279.15,289.81
201301120400,272.15,275.69,280.72,275.03,282,284.23,278.74,284.16,275.29,276.74,279.78,283.23,285.97,283.15,274.05,285.47,277.38,291.15,279.74,289.72
201301120500,271.99,274.91,280.42,274.55,281.87,284.09,278.18,283.16,267.61,278.74,279.78,283.73,284.99,284.15,274.18,287,278.9,291.41,280.15,289.68
201301120600,271.98,274.42,280.36,274.15,281.57,283.61,277.61,282.15,276.58,278.8,279.78,283.44,284.39,284.15,274.67,285.77,279.57,292.15,280.45,289.63
201301120700,271.81,273.95,279.87,273.06,280.88,283,277.2,280.85,277.29,279.15,279.76,283.46,284.83,284.15,274.67,285.43,280.07,291.78,281.45,289.63
201301120800,270.67,273.95,280.58,273.03,280.99,282.62,276.2,280.5,277.58,277.31,280.36,283,284.32,284.15,274.67,284.98,280.57,291.41,282.04,289.81
201301120900,270.83,273.9,280.05,272.94,280.88,281.64,275.05,279.5,276.44,276.26,280.11,283.23,283.66,284.15,274.67,284.79,281,290.91,283.04,289.81
201301121000,270.67,273.47,280.01,272.73,280.68,282.14,274.73,278.7,275.29,276.15,279.85,282.67,283.14,284.15,274.67,284.36,283.69,290.41,283.86,290.27
201301121100,270.81,273.44,279.39,272.66,280.22,280.33,275.54,278.6,276.58,273.61,279.21,282.67,282.72,284.15,274.8,283.93,282.51,290.15,283.45,290.45
201301121200,270.42,273.52,279.38,272.36,279.9,278.51,275.54,276.74,275.86,273.45,279.56,283.65,282.65,284.15,274.8,283.93,284.91,289.78,284.15,290.47
201301121300,269.81,272.93,280.16,271.84,279.91,277.9,273.6,275.8,273.29,273.5,279.71,282.61,282.3,284.15,274.67,283.93,284.57,289.41,283.86,290.45
201301121400,269.65,272.64,279.48,272.15,279.19,277.86,273.19,275.32,272.29,274.45,283.98,285.5,282.46,284.15,274.8,283.25,283.91,290.15,285.15,290.8
201301121500,269.67,272.28,278.8,272.15,278.92,280.24,273.83,277.15,271.58,276.45,285.24,287.96,285.85,284.15,275.05,285.49,283.36,290.41,286.15,291.15
201301121600,269.67,272.47,279.9,271.36,281.04,281.97,275.14,279.16,272.15,276.85,286.5,290.71,289.58,285.98,275.29,286.3,282.61,291.41,286.04,291.72
201301121700,270.52,272.05,280.64,271.93,283.77,283.95,277.2,279.96,273.58,269.13,288.68,292.15,292.08,286.15,275.54,287.64,282.36,292.41,286.16,291.98
201301121800,269.15,273.9,281.38,272.93,284.47,284.91,278.2,281.16,273.58,270.15,289.94,293.63,294.37,288.9,275.66,289.47,282.61,293.41,286.15,292.56
201301121900,271.15,275.2,282,274.23,284.48,285.06,279.38,282.36,273.58,269.15,292.16,293.71,294.36,288.98,275.79,290.15,281.62,294.41,286.45,293.17
201301122000,273.28,276.15,283.47,274.32,284.99,285.06,279.61,283.75,274.29,271.26,292.95,294.21,294.42,288.98,275.92,290.51,283.91,294.41,286.76,291.86
201301122100,273.75,277.15,284.93,274.87,285.49,285.06,279.89,284.35,273.58,269.85,292.93,294.4,294.48,288.98,275.66,289.57,284.02,294.41,286.45,291.3
201301122200,274.21,277.15,284.85,275.66,285.35,284.33,279.66,284.05,273.29,268.61,292.93,294.21,292.63,288.98,275.67,288.24,284.13,292.41,286.15,291.46
201301122300,271.15,276.69,284.73,275.24,284.53,284.37,279.66,283.75,272.29,266.55,292.45,293.23,292.11,288.98,275.93,287.59,284.13,290.41,284.44,291.51
201301130000,273.28,275.44,283.59,275.03,283.92,282.81,279.02,281.75,270.01,264.55,291.11,292.56,291.12,288.98,276.05,286.47,284.38,289.68,284.15,291.18
201301130100,272.67,273.28,282.36,273.82,283.16,281.56,277.61,280.37,268.15,262.88,289.24,291.56,290.47,288.98,276.31,286.28,284.38,290.41,284.15,290.87
201301130200,271.67,271.93,280.44,273.31,282.66,281.49,276.89,278.98,270.15,262.31,289.85,291.67,289.96,288.98,276.68,286.09,284.38,291.49,283.74,291.01
201301130300,271.67,271.47,281.51,271.43,281.97,280.73,276.2,277.16,268.8,263.15,291.1,291.41,290.14,288.98,276.93,286.28,284.38,291.15,284.15,290.85
201301130400,271.48,271.69,280.51,271.76,281.88,280.28,276.27,276.48,267.44,262.01,292.31,291.15,290.14,288.98,277.31,286.3,284.15,292.15,283.86,290.71
201301130500,271.78,271.23,278.86,271.31,281.6,280.21,275.63,275.5,266.86,259.29,292.78,291.44,290.31,287.98,277.21,279.76,284.15,292.15,284.15,290.24
201301130600,271.15,270.69,279.77,271.04,281.31,280.13,274.09,274.48,267.15,262.15,292.64,291.92,291.47,285.15,276.2,286.28,284.15,291.89,283.35,289.59
201301130700,267.15,270.95,278.99,269.78,280.88,279.81,273.81,273.7,265.44,260.15,292.64,283.97,293.01,279.23,274.35,286.33,284.15,292.15,282.06,289.73
201301130800,266.15,270.66,277.66,270.52,280.04,279.48,273.47,272.81,264.44,257.69,292.64,291.65,293.67,277.95,271.4,286.05,284.83,292.15,281.47,289.73
201301130900,266.15,270.19,278.61,270.24,280.04,278.55,272.99,272.8,263.72,260.15,292.64,291.65,294.79,276.66,268.44,285.76,284.4,292.15,280.87,289.91
201301131000,266.15,269.71,277.82,270.04,279.9,277.49,272.78,272.62,262.72,258.65,292.82,291.71,295.15,276.66,267.57,284.64,284.15,292.15,282.06,289.41
201301131100,266.15,270.2,276.81,269.53,279.34,277.3,272.21,271.15,261.72,256.91,292.82,291.44,295.15,276.66,266.2,284.71,284.38,292.15,283.59,289.42
201301131200,266.15,270.12,276.6,269.53,278.63,277.1,272.99,270.15,262.01,255.66,292.32,291.44,295.3,276.66,265.06,282.86,284.38,292.15,283.74,289.8
201301131300,265.15,270.58,276.22,269.25,278.5,276.86,272.38,271.66,261.72,256.5,292.47,290.71,295.43,272.2,264.83,282.13,284.38,291.28,283.45,289.67
201301131400,273.2,271.17,276.2,269.32,278.15,271.93,271.62,272.41,263.29,252.94,292.96,290.94,295.58,272.2,263.83,284.17,283.75,291.41,283.74,289.99
201301131500,268.68,271.42,276.18,269.68,277.79,278.49,271.98,273.16,264.86,258.5,293.21,291.59,295.87,272.2,263.45,286.2,283.12,291.65,285.95,291.07
201301131600,264.15,271.66,278.98,270.04,281.3,280.83,272.33,275.99,266.15,259.5,293.45,292.23,296.15,272.2,263.07,286.63,281.66,291.89,288.15,292.14
201301131700,264.15,271.66,279.38,270.66,279.32,282.71,274.33,278.07,267.87,260.27,293.96,284.27,296.29,272.2,263.07,278.74,280.62,292.15,288.27,293.41
201301131800,265.55,272.55,281.36,271.92,284.15,284.59,275.21,280.15,269.58,260.85,294.3,287.69,296.51,272.92,263,285.81,279.58,292.89,289.06,294.44
201301131900,266.95,273.44,281.78,273.17,285.58,285.3,276.09,280.82,270.58,261.55,294.64,285.42,296.73,273.63,262.93,283.62,278.6,293.15,289.85,295.46
201301132000,270.15,273.39,281.98,274.45,283.7,285.54,276.63,281.78,270.94,261.97,295.14,284.65,297.01,273.63,262.31,277.1,274.27,293.28,290.15,296.01
201301132100,271.15,273.61,282.17,275,285.95,285.77,277.46,282.73,271.29,261.55,295.3,284.33,296.65,273.63,261.82,281.49,277.27,293.41,289.65,295.67
201301132200,272.15,273.69,282.33,275.54,285.89,285.68,278.28,283.35,270.29,260.5,295.45,284,296.29,273.63,261.32,280.43,276.6,293.15,289.15,295.32
201301132300,272.75,273.43,282.18,275.61,284.92,283.99,278.15,281.54,269.79,259.53,294.64,280.42,296.15,273.63,260.58,279.3,272.61,285.76,288.14,294.04
201301140000,270.95,272.5,281.51,274.72,283.95,283.66,277.36,281.36,269.29,258.56,293.96,278.43,296.02,273.63,260.26,278.13,275.63,293.41,287.15,292.34
201301140100,269.15,271.91,280.92,273.82,283.26,282,276.56,279.5,268.01,257.96,293.27,276.44,295.88,273.63,259.94,276.96,275.14,293.41,286.15,290.63
201301140200,270.52,271.44,280.6,273.03,281.97,280.43,274.58,277.91,269.15,258.2,292.82,274.55,295.59,273.63,259.08,275.92,270.83,293.15,286.56,289.32
201301140300,267.15,270.71,280.69,272.45,281.3,279.84,273.58,276.41,267.15,257.55,289.4,275.92,295.37,273.63,258.71,274.46,273.44,293.15,286.15,289.36
201301140400,267.15,270.46,279.42,271.45,280.5,278.77,271.91,275.5,263.61,258.15,287.13,275.92,295.66,273.63,258.45,273.97,272.57,293.15,286.15,290.49
201301140500,266.15,270.2,278.43,271.18,279.63,277.9,271.96,275.13,264.15,256.15,285.95,276.21,295.55,273.63,257.83,273.8,268.67,293.41,286.15,290.13
201301140600,274.77,270.76,278.2,271.04,278.92,277.62,271.99,273.16,263.86,257.15,284.77,275.71,295.43,273.63,257.7,273.27,272.15,293.15,284.38,290
201301140700,268.19,271.37,277.61,269.94,278.37,277.36,272.02,273.7,263.15,253.88,283.45,275.21,292.88,266.64,257.19,273.12,268.17,292.41,279.83,289.39
201301140800,265.15,271.66,276.91,269.83,278.36,272.66,271.41,271.85,261.86,256.65,282.45,275.21,288.1,266.64,256.95,272.62,271.57,281.63,279.83,289.99
201301140900,265.15,271.42,276.2,269.64,278.36,277.16,270.79,271.81,259.72,256.56,281.81,274.92,283.48,266.64,256.83,272.12,271.57,292.15,278.83,290.13
201301141000,264.15,271.44,276.25,269.66,278.49,276.92,270.79,270.84,259.72,255.91,280.95,274.44,281.55,266.64,256.7,271.62,272.14,292.15,277.15,289.95
201301141100,264.15,271.44,276.88,269.66,277.79,276.91,270.79,271.15,259.44,255.55,280.28,274.21,280.76,266.64,256.58,271.21,267.79,292.15,277.15,290.13
201301141200,264.15,271.44,277.5,269.66,277.36,276.9,269.81,269.94,259.44,254.61,280.28,273.92,279.43,266.64,256.34,270.8,271.92,289.68,277.15,290
201301141300,265.15,270.69,277.29,268.72,270.43,277.51,269.73,269.99,259.44,255.85,279.45,273.92,278.8,265.3,256.34,270.48,270.92,289.55,276.56,290.29
201301141400,268.15,270.69,276.87,269.29,276.03,277.72,269.38,270.38,259.44,255.5,278.77,274,278.68,265.3,256.2,270.16,267.88,289.41,276.56,290.58
201301141500,266.49,270.66,275.61,269.08,275.73,280.03,268.58,272.94,262.58,257.85,279.45,274.44,278.92,265.3,256.42,269.97,270.14,289.41,276.15,291
201301141600,266.15,270.79,277.83,268.8,280.3,282.33,269.99,275.16,264.58,258.61,280.14,275,279.04,265.3,256.82,269.89,270.14,289.41,276.15,291.28
201301141700,272.17,270.91,278.86,270.08,282.73,284.84,272.33,276.82,267.01,260.2,282.11,275.92,279.41,265.3,257.68,269.8,269.99,290.15,275.86,292.14
201301141800,266.75,271.91,280.01,271.08,284.82,285.56,273.56,278.76,268.29,261.2,283.6,277.15,280.41,265.3,258.59,269.38,269.84,290.68,275.15,293.72
201301141900,267.75,271.47,280.84,272.36,285.61,286.05,274.54,279.83,269.58,262.2,285.28,278.65,281.04,269.6,259.07,269.33,269.61,291.94,274.56,294.61
201301142000,269.15,272.69,280.04,274.15,285.74,285.93,274.61,280.56,268.52,262.34,286.14,278.58,282.02,269.6,259.56,269.27,269.61,291.21,272.86,294.61
201301142100,272.95,272.72,281.67,275.07,285.86,285.8,275.41,281.28,269.13,262.95,285.97,278.51,282.76,269.62,259.6,269.18,268.79,288.54,273.78,294.9
201301142200,273,272.91,281.82,275.05,285.79,285.28,275.19,281.64,268.9,262.02,285.68,278.13,283.07,269.8,259.45,269.28,268.01,281.74,273.68,294.37
201301142300,272.9,272.83,282.04,274.85,285.28,284.9,275.78,281.48,268.54,261.37,284.96,277.14,282.71,269.16,259.1,268.69,267.09,278.06,273.56,293.84
201301150000,272.69,272.15,281.8,274,284.36,284,275.32,280.34,267.85,260.18,282.28,275.74,281.97,267.81,258.83,268.09,266.57,276.34,271.89,293.57
201301150100,272.6,271.43,281.34,272.87,283.39,283,274.63,278.63,266.73,260.3,280.95,275.12,281.62,267.45,258.51,267.81,266.28,275.35,271.2,293.27
201301150200,272.19,270.72,279.12,272.24,282.4,281.51,274.29,277.38,265,260.01,280.32,274.54,281.24,266.48,258.42,267.47,265.3,275.22,270.46,293.11
201301150300,273.59,270.38,278.26,271.92,281.47,280.27,272.97,275.75,261.67,259.58,279.23,273.83,280.62,265.71,258.22,266.96,264.64,275.8,268.91,292.68
201301150400,273.55,270.25,277.38,271.84,280.89,279.47,272.4,274.73,262.25,258.9,278.59,273.14,280.77,265.53,257.97,266.53,264.4,275.8,268.8,291.76
201301150500,272.79,270.24,278.47,271.85,279.62,278.75,271.94,273.5,264.25,257.78,277.71,272.39,280.71,265.02,257.97,266.14,263.83,275.48,267.76,291.02
201301150600,274.2,269.96,278.31,271.51,278.65,278.39,271.67,273.64,263.23,256.8,277.49,271.98,280.26,264.81,257.93,266,263.31,274.8,267.53,290.73
201301150700,274.2,270.37,277.85,271.47,278.63,277.97,271.15,273.61,262.08,256.14,276.85,271.67,280.14,264.45,257.93,265.91,262.93,273.94,267.13,290.61
201301150800,272.86,270.67,277.89,271.44,278.97,277.97,270.54,272.19,261.04,257.21,276.04,271.22,280.03,264.02,257.72,265.81,262.81,273.73,266.71,290.66
201301150900,273.09,270.67,277.63,271.42,278.46,277.73,269.89,271.59,259.89,256.4,275.91,271.17,279.91,262.96,257.67,265.53,264.91,272.9,266.3,290.87
201301151000,273.09,270.97,277.21,271.54,278.21,277.98,269.67,271.19,261.07,255.8,275.75,271.3,279.91,262.42,257.57,265.34,262.32,272.03,265.99,290.44
201301151100,273.09,271.14,276.34,271.41,277.68,277.44,269.41,270.49,260.79,256.06,275.4,271.26,279.52,262.55,257.77,265.28,262.36,271.29,265.57,290.54
201301151200,273.09,271.08,275.25,271.62,277.15,277.29,268.76,270.53,260.75,256.9,275.4,271.36,278.83,262.34,257.79,265,262.36,271.19,265.26,289.48
201301151300,273.05,271.14,275.39,271.79,277.04,276.96,268.88,270.01,260.99,256.41,275.17,271.5,278.09,262.21,257.75,264.86,262.24,271.29,264.87,287.96
201301151400,272.22,271.2,275.35,271.95,277.01,276.41,268.46,269.71,262.65,256.33,274.89,271.7,277.41,262.47,257.66,265.78,262.77,271.17,265.38,286.67
201301151500,272.2,271.21,275.68,272.04,277.24,277.8,269.07,271.51,263.9,257.31,275.77,273.07,277.37,264.39,258.16,266.75,264.26,271.67,266.3,285.19
201301151600,272.17,271.21,276.01,272.13,277.47,279.18,269.67,273.3,265.15,258.29,276.64,274.44,277.33,266.31,258.65,267.72,265.75,272.16,267.21,283.71
201301151700,272.8,271.38,278.24,272.59,279.94,281.62,270.92,275.46,266.23,260.14,278.69,276.05,277.72,268.54,259.57,268.2,267.07,273.19,267.74,283.94
201301151800,272.88,271.77,279.55,273.3,281.67,282.93,272,276.41,266.56,260.43,280.52,277.24,278.42,269.7,260.44,268.71,267.93,273.42,268.2,284.18
201301151900,272.95,272.16,280.85,274,283.4,284.23,273.07,277.35,266.88,260.72,282.35,278.42,279.11,270.86,261.3,269.21,268.78,273.65,268.66,284.41
201301152000,273.17,272.57,281.22,274.61,284.46,284.84,274.25,278.1,266.7,262.99,283.32,279.35,280.13,271.49,261.68,269.78,269.63,272.41,268.34,284.76
201301152100,273.55,272.81,282.57,275.28,285.25,285.22,274.89,278.99,266.92,263.69,283.93,279.35,279.96,272.04,261.78,269.95,269.86,272.14,268.42,284.98
201301152200,273.87,272.99,282.7,275.46,285.38,285.31,274.58,279.61,267.24,263.15,284.01,279.25,279.67,271.84,261.39,269.4,269.27,271.93,269.08,285.27
201301152300,273.74,272.98,283.38,275.58,285.16,284.81,275.43,279.54,267.5,262.17,282.93,278.94,279.3,270.58,260.82,269.27,268.45,272.18,268.54,284.29
